video_path,relative_path,category,binary_label,binary_class,ethnicity,gender,identity,filename,split
D:\SyncGuard\data\raw\FakeAVCeleb_v1.2\FakeAVCeleb_v1.2\RealVideo-RealAudio\African\women\id05252\00052.mp4,RealVideo-RealAudio\African\women\id05252\00052.mp4,RealVideo-RealAudio,0,real,African,women,id05252,00052.mp4,train
D:\SyncGuard\data\raw\FakeAVCeleb_v1.2\FakeAVCeleb_v1.2\FakeVideo-FakeAudio\Caucasian (European)\men\id01099\00206_id00554_crjq1dFN1Ko_id01123_wavtolip.mp4,FakeVideo-FakeAudio\Caucasian (European)\men\id01099\00206_id00554_crjq1dFN1Ko_id01123_wavtolip.mp4,FakeVideo-FakeAudio,1,fake,Caucasian (European),men,id01099,00206_id00554_crjq1dFN1Ko_id01123_wavtolip.mp4,train
D:\SyncGuard\data\raw\FakeAVCeleb_v1.2\FakeAVCeleb_v1.2\RealVideo-FakeAudio\African\men\id01597\00005_fake.mp4,RealVideo-FakeAudio\African\men\id01597\00005_fake.mp4,RealVideo-FakeAudio,1,fake,African,men,id01597,00005_fake.mp4,train
D:\SyncGuard\data\raw\FakeAVCeleb_v1.2\FakeAVCeleb_v1.2\FakeVideo-RealAudio\Asian (South)\women\id00080\00281_id03815_wavtolip.mp4,FakeVideo-RealAudio\Asian (South)\women\id00080\00281_id03815_wavtolip.mp4,FakeVideo-RealAudio,1,fake,Asian (South),women,id00080,00281_id03815_wavtolip.mp4,test
D:\SyncGuard\data\raw\FakeAVCeleb_v1.2\FakeAVCeleb_v1.2\RealVideo-FakeAudio\Asian (South)\women\id07008\00175_fake.mp4,RealVideo-FakeAudio\Asian (South)\women\id07008\00175_fake.mp4,RealVideo-FakeAudio,1,fake,Asian (South),women,id07008,00175_fake.mp4,train
D:\SyncGuard\data\raw\FakeAVCeleb_v1.2\FakeAVCeleb_v1.2\RealVideo-FakeAudio\Caucasian (American)\men\id00052\00015_fake.mp4,RealVideo-FakeAudio\Caucasian (American)\men\id00052\00015_fake.mp4,RealVideo-FakeAudio,1,fake,Caucasian (American),men,id00052,00015_fake.mp4,train
D:\SyncGuard\data\raw\FakeAVCeleb_v1.2\FakeAVCeleb_v1.2\FakeVideo-RealAudio\Asian (South)\men\id04554\00118_id03945_wavtolip.mp4,FakeVideo-RealAudio\Asian (South)\men\id04554\00118_id03945_wavtolip.mp4,FakeVideo-RealAudio,1,fake,Asian (South),men,id04554,00118_id03945_wavtolip.mp4,train
D:\SyncGuard\data\raw\FakeAVCeleb_v1.2\FakeAVCeleb_v1.2\RealVideo-RealAudio\African\women\id04689\00005.mp4,RealVideo-RealAudio\African\women\id04689\00005.mp4,RealVideo-RealAudio,0,real,African,women,id04689,00005.mp4,train
D:\SyncGuard\data\raw\FakeAVCeleb_v1.2\FakeAVCeleb_v1.2\FakeVideo-FakeAudio\Caucasian (American)\women\id00383\00171_id01217_7lVC4xEK_6E_faceswap_id01227_wavtolip.mp4,FakeVideo-FakeAudio\Caucasian (American)\women\id00383\00171_id01217_7lVC4xEK_6E_faceswap_id01227_wavtolip.mp4,FakeVideo-FakeAudio,1,fake,Caucasian (American),women,id00383,00171_id01217_7lVC4xEK_6E_faceswap_id01227_wavtolip.mp4,train
D:\SyncGuard\data\raw\FakeAVCeleb_v1.2\FakeAVCeleb_v1.2\RealVideo-FakeAudio\Caucasian (European)\women\id00325\00015_fake.mp4,RealVideo-FakeAudio\Caucasian (European)\women\id00325\00015_fake.mp4,RealVideo-FakeAudio,1,fake,Caucasian (European),women,id00325,00015_fake.mp4,train
D:\SyncGuard\data\raw\FakeAVCeleb_v1.2\FakeAVCeleb_v1.2\FakeVideo-FakeAudio\Caucasian (European)\women\id00496\00015_id00373_5NXv3Dxkd6E_id00806_wavtolip.mp4,FakeVideo-FakeAudio\Caucasian (European)\women\id00496\00015_id00373_5NXv3Dxkd6E_id00806_wavtolip.mp4,FakeVideo-FakeAudio,1,fake,Caucasian (European),women,id00496,00015_id00373_5NXv3Dxkd6E_id00806_wavtolip.mp4,train
D:\SyncGuard\data\raw\FakeAVCeleb_v1.2\FakeAVCeleb_v1.2\RealVideo-FakeAudio\Caucasian (American)\women\id03605\00048_fake.mp4,RealVideo-FakeAudio\Caucasian (American)\women\id03605\00048_fake.mp4,RealVideo-FakeAudio,1,fake,Caucasian (American),women,id03605,00048_fake.mp4,train
D:\SyncGuard\data\raw\FakeAVCeleb_v1.2\FakeAVCeleb_v1.2\RealVideo-FakeAudio\Asian (East)\men\id03168\03168_fake.mp4,RealVideo-FakeAudio\Asian (East)\men\id03168\03168_fake.mp4,RealVideo-FakeAudio,1,fake,Asian (East),men,id03168,03168_fake.mp4,test
D:\SyncGuard\data\raw\FakeAVCeleb_v1.2\FakeAVCeleb_v1.2\FakeVideo-RealAudio\Caucasian (American)\men\id00184\00241_id03757_wavtolip.mp4,FakeVideo-RealAudio\Caucasian (American)\men\id00184\00241_id03757_wavtolip.mp4,FakeVideo-RealAudio,1,fake,Caucasian (American),men,id00184,00241_id03757_wavtolip.mp4,test
D:\SyncGuard\data\raw\FakeAVCeleb_v1.2\FakeAVCeleb_v1.2\FakeVideo-FakeAudio\African\women\id02808\00056_id00829_wavtolip.mp4,FakeVideo-FakeAudio\African\women\id02808\00056_id00829_wavtolip.mp4,FakeVideo-FakeAudio,1,fake,African,women,id02808,00056_id00829_wavtolip.mp4,train
D:\SyncGuard\data\raw\FakeAVCeleb_v1.2\FakeAVCeleb_v1.2\FakeVideo-FakeAudio\Asian (South)\women\id06439\00118_id00417_GhIZam3v09g_faceswap_id03815_wavtolip.mp4,FakeVideo-FakeAudio\Asian (South)\women\id06439\00118_id00417_GhIZam3v09g_faceswap_id03815_wavtolip.mp4,FakeVideo-FakeAudio,1,fake,Asian (South),women,id06439,00118_id00417_GhIZam3v09g_faceswap_id03815_wavtolip.mp4,test
D:\SyncGuard\data\raw\FakeAVCeleb_v1.2\FakeAVCeleb_v1.2\FakeVideo-RealAudio\African\men\id01207\00320_id00391_wavtolip.mp4,FakeVideo-RealAudio\African\men\id01207\00320_id00391_wavtolip.mp4,FakeVideo-RealAudio,1,fake,African,men,id01207,00320_id00391_wavtolip.mp4,test
D:\SyncGuard\data\raw\FakeAVCeleb_v1.2\FakeAVCeleb_v1.2\FakeVideo-FakeAudio\African\men\id01521\00109_id01972_hBYoeQTm8ZQ_id00076_wavtolip.mp4,FakeVideo-FakeAudio\African\men\id01521\00109_id01972_hBYoeQTm8ZQ_id00076_wavtolip.mp4,FakeVideo-FakeAudio,1,fake,African,men,id01521,00109_id01972_hBYoeQTm8ZQ_id00076_wavtolip.mp4,train
D:\SyncGuard\data\raw\FakeAVCeleb_v1.2\FakeAVCeleb_v1.2\RealVideo-RealAudio\African\men\id01452\00001.mp4,RealVideo-RealAudio\African\men\id01452\00001.mp4,RealVideo-RealAudio,0,real,African,men,id01452,00001.mp4,train
D:\SyncGuard\data\raw\FakeAVCeleb_v1.2\FakeAVCeleb_v1.2\RealVideo-RealAudio\African\men\id00391\00052.mp4,RealVideo-RealAudio\African\men\id00391\00052.mp4,RealVideo-RealAudio,0,real,African,men,id00391,00052.mp4,train
D:\SyncGuard\data\raw\FakeAVCeleb_v1.2\FakeAVCeleb_v1.2\FakeVideo-RealAudio\Caucasian (American)\men\id00696\00005_id01201_wavtolip.mp4,FakeVideo-RealAudio\Caucasian (American)\men\id00696\00005_id01201_wavtolip.mp4,FakeVideo-RealAudio,1,fake,Caucasian (American),men,id00696,00005_id01201_wavtolip.mp4,train
D:\SyncGuard\data\raw\FakeAVCeleb_v1.2\FakeAVCeleb_v1.2\RealVideo-RealAudio\Caucasian (European)\men\id01051\00322.mp4,RealVideo-RealAudio\Caucasian (European)\men\id01051\00322.mp4,RealVideo-RealAudio,0,real,Caucasian (European),men,id01051,00322.mp4,train
D:\SyncGuard\data\raw\FakeAVCeleb_v1.2\FakeAVCeleb_v1.2\RealVideo-RealAudio\Asian (East)\women\id00363\00014.mp4,RealVideo-RealAudio\Asian (East)\women\id00363\00014.mp4,RealVideo-RealAudio,0,real,Asian (East),women,id00363,00014.mp4,test
D:\SyncGuard\data\raw\FakeAVCeleb_v1.2\FakeAVCeleb_v1.2\RealVideo-FakeAudio\Asian (East)\women\id05631\00073_fake.mp4,RealVideo-FakeAudio\Asian (East)\women\id05631\00073_fake.mp4,RealVideo-FakeAudio,1,fake,Asian (East),women,id05631,00073_fake.mp4,validation
D:\SyncGuard\data\raw\FakeAVCeleb_v1.2\FakeAVCeleb_v1.2\RealVideo-RealAudio\Caucasian (European)\women\id00806\00005.mp4,RealVideo-RealAudio\Caucasian (European)\women\id00806\00005.mp4,RealVideo-RealAudio,0,real,Caucasian (European),women,id00806,00005.mp4,train
D:\SyncGuard\data\raw\FakeAVCeleb_v1.2\FakeAVCeleb_v1.2\FakeVideo-FakeAudio\Asian (South)\men\id04537\00083_id00860_RGYyzn7hiCo_id00773_wavtolip.mp4,FakeVideo-FakeAudio\Asian (South)\men\id04537\00083_id00860_RGYyzn7hiCo_id00773_wavtolip.mp4,FakeVideo-FakeAudio,1,fake,Asian (South),men,id04537,00083_id00860_RGYyzn7hiCo_id00773_wavtolip.mp4,train
D:\SyncGuard\data\raw\FakeAVCeleb_v1.2\FakeAVCeleb_v1.2\RealVideo-FakeAudio\Caucasian (American)\women\id00462\00143_fake.mp4,RealVideo-FakeAudio\Caucasian (American)\women\id00462\00143_fake.mp4,RealVideo-FakeAudio,1,fake,Caucasian (American),women,id00462,00143_fake.mp4,train
D:\SyncGuard\data\raw\FakeAVCeleb_v1.2\FakeAVCeleb_v1.2\FakeVideo-RealAudio\Caucasian (European)\men\id00694\00340_id00519_riI0J9g9OG4.mp4,FakeVideo-RealAudio\Caucasian (European)\men\id00694\00340_id00519_riI0J9g9OG4.mp4,FakeVideo-RealAudio,1,fake,Caucasian (European),men,id00694,00340_id00519_riI0J9g9OG4.mp4,train
D:\SyncGuard\data\raw\FakeAVCeleb_v1.2\FakeAVCeleb_v1.2\FakeVideo-RealAudio\African\women\id00829\00271_id00832_wavtolip.mp4,FakeVideo-RealAudio\African\women\id00829\00271_id00832_wavtolip.mp4,FakeVideo-RealAudio,1,fake,African,women,id00829,00271_id00832_wavtolip.mp4,validation
D:\SyncGuard\data\raw\FakeAVCeleb_v1.2\FakeAVCeleb_v1.2\FakeVideo-FakeAudio\African\men\id00076\00109_9_id01528_wavtolip.mp4,FakeVideo-FakeAudio\African\men\id00076\00109_9_id01528_wavtolip.mp4,FakeVideo-FakeAudio,1,fake,African,men,id00076,00109_9_id01528_wavtolip.mp4,train
D:\SyncGuard\data\raw\FakeAVCeleb_v1.2\FakeAVCeleb_v1.2\FakeVideo-RealAudio\Caucasian (European)\men\id01126\00040_id00241_DlI4wqSFwbI.mp4,FakeVideo-RealAudio\Caucasian (European)\men\id01126\00040_id00241_DlI4wqSFwbI.mp4,FakeVideo-RealAudio,1,fake,Caucasian (European),men,id01126,00040_id00241_DlI4wqSFwbI.mp4,train
D:\SyncGuard\data\raw\FakeAVCeleb_v1.2\FakeAVCeleb_v1.2\FakeVideo-RealAudio\African\women\id01783\00015_id02808_wavtolip.mp4,FakeVideo-RealAudio\African\women\id01783\00015_id02808_wavtolip.mp4,FakeVideo-RealAudio,1,fake,African,women,id01783,00015_id02808_wavtolip.mp4,train
D:\SyncGuard\data\raw\FakeAVCeleb_v1.2\FakeAVCeleb_v1.2\FakeVideo-RealAudio\Caucasian (American)\women\id00100\00028_id00097_PchMB8-P1lw.mp4,FakeVideo-RealAudio\Caucasian (American)\women\id00100\00028_id00097_PchMB8-P1lw.mp4,FakeVideo-RealAudio,1,fake,Caucasian (American),women,id00100,00028_id00097_PchMB8-P1lw.mp4,train
D:\SyncGuard\data\raw\FakeAVCeleb_v1.2\FakeAVCeleb_v1.2\FakeVideo-RealAudio\African\men\id01392\00167_id01170_7eoTTk4xyNo.mp4,FakeVideo-RealAudio\African\men\id01392\00167_id01170_7eoTTk4xyNo.mp4,FakeVideo-RealAudio,1,fake,African,men,id01392,00167_id01170_7eoTTk4xyNo.mp4,validation
D:\SyncGuard\data\raw\FakeAVCeleb_v1.2\FakeAVCeleb_v1.2\RealVideo-FakeAudio\Asian (East)\women\id00579\00030_fake.mp4,RealVideo-FakeAudio\Asian (East)\women\id00579\00030_fake.mp4,RealVideo-FakeAudio,1,fake,Asian (East),women,id00579,00030_fake.mp4,train
D:\SyncGuard\data\raw\FakeAVCeleb_v1.2\FakeAVCeleb_v1.2\FakeVideo-FakeAudio\Asian (East)\women\id00137\00025_id02587_wavtolip.mp4,FakeVideo-FakeAudio\Asian (East)\women\id00137\00025_id02587_wavtolip.mp4,FakeVideo-FakeAudio,1,fake,Asian (East),women,id00137,00025_id02587_wavtolip.mp4,validation
D:\SyncGuard\data\raw\FakeAVCeleb_v1.2\FakeAVCeleb_v1.2\RealVideo-RealAudio\Asian (East)\men\id05743\00015.mp4,RealVideo-RealAudio\Asian (East)\men\id05743\00015.mp4,RealVideo-RealAudio,0,real,Asian (East),men,id05743,00015.mp4,validation
D:\SyncGuard\data\raw\FakeAVCeleb_v1.2\FakeAVCeleb_v1.2\RealVideo-FakeAudio\Caucasian (American)\women\id00180\00206_fake.mp4,RealVideo-FakeAudio\Caucasian (American)\women\id00180\00206_fake.mp4,RealVideo-FakeAudio,1,fake,Caucasian (American),women,id00180,00206_fake.mp4,train
D:\SyncGuard\data\raw\FakeAVCeleb_v1.2\FakeAVCeleb_v1.2\RealVideo-FakeAudio\Caucasian (European)\women\id00234\00063_fake.mp4,RealVideo-FakeAudio\Caucasian (European)\women\id00234\00063_fake.mp4,RealVideo-FakeAudio,1,fake,Caucasian (European),women,id00234,00063_fake.mp4,train
D:\SyncGuard\data\raw\FakeAVCeleb_v1.2\FakeAVCeleb_v1.2\FakeVideo-FakeAudio\Caucasian (European)\men\id00305\00113_0_1_id00415_wavtolip.mp4,FakeVideo-FakeAudio\Caucasian (European)\men\id00305\00113_0_1_id00415_wavtolip.mp4,FakeVideo-FakeAudio,1,fake,Caucasian (European),men,id00305,00113_0_1_id00415_wavtolip.mp4,train
D:\SyncGuard\data\raw\FakeAVCeleb_v1.2\FakeAVCeleb_v1.2\FakeVideo-FakeAudio\Caucasian (American)\men\id00264\00257_id00021_wavtolip.mp4,FakeVideo-FakeAudio\Caucasian (American)\men\id00264\00257_id00021_wavtolip.mp4,FakeVideo-FakeAudio,1,fake,Caucasian (American),men,id00264,00257_id00021_wavtolip.mp4,test
D:\SyncGuard\data\raw\FakeAVCeleb_v1.2\FakeAVCeleb_v1.2\RealVideo-RealAudio\African\men\id01779\00010.mp4,RealVideo-RealAudio\African\men\id01779\00010.mp4,RealVideo-RealAudio,0,real,African,men,id01779,00010.mp4,train
D:\SyncGuard\data\raw\FakeAVCeleb_v1.2\FakeAVCeleb_v1.2\FakeVideo-FakeAudio\African\women\id02824\00130_id00832_Jr4-dXRChME_id04939_wavtolip.mp4,FakeVideo-FakeAudio\African\women\id02824\00130_id00832_Jr4-dXRChME_id04939_wavtolip.mp4,FakeVideo-FakeAudio,1,fake,African,women,id02824,00130_id00832_Jr4-dXRChME_id04939_wavtolip.mp4,train
D:\SyncGuard\data\raw\FakeAVCeleb_v1.2\FakeAVCeleb_v1.2\FakeVideo-RealAudio\African\women\id02808\00056_id00568_gakhcJXnJZ8.mp4,FakeVideo-RealAudio\African\women\id02808\00056_id00568_gakhcJXnJZ8.mp4,FakeVideo-RealAudio,1,fake,African,women,id02808,00056_id00568_gakhcJXnJZ8.mp4,train
D:\SyncGuard\data\raw\FakeAVCeleb_v1.2\FakeAVCeleb_v1.2\RealVideo-RealAudio\Asian (South)\men\id07179\00206.mp4,RealVideo-RealAudio\Asian (South)\men\id07179\00206.mp4,RealVideo-RealAudio,0,real,Asian (South),men,id07179,00206.mp4,train
D:\SyncGuard\data\raw\FakeAVCeleb_v1.2\FakeAVCeleb_v1.2\FakeVideo-RealAudio\Asian (East)\women\id06427\00138_id03940_axeR0CLu96U_faceswap.mp4,FakeVideo-RealAudio\Asian (East)\women\id06427\00138_id03940_axeR0CLu96U_faceswap.mp4,FakeVideo-RealAudio,1,fake,Asian (East),women,id06427,00138_id03940_axeR0CLu96U_faceswap.mp4,test
D:\SyncGuard\data\raw\FakeAVCeleb_v1.2\FakeAVCeleb_v1.2\FakeVideo-RealAudio\Caucasian (American)\men\id00708\00043_id00708_wavtolip.mp4,FakeVideo-RealAudio\Caucasian (American)\men\id00708\00043_id00708_wavtolip.mp4,FakeVideo-RealAudio,1,fake,Caucasian (American),men,id00708,00043_id00708_wavtolip.mp4,train
D:\SyncGuard\data\raw\FakeAVCeleb_v1.2\FakeAVCeleb_v1.2\FakeVideo-RealAudio\Caucasian (European)\men\id00535\00005_id00063_cVZBXC2rjPM.mp4,FakeVideo-RealAudio\Caucasian (European)\men\id00535\00005_id00063_cVZBXC2rjPM.mp4,FakeVideo-RealAudio,1,fake,Caucasian (European),men,id00535,00005_id00063_cVZBXC2rjPM.mp4,validation
D:\SyncGuard\data\raw\FakeAVCeleb_v1.2\FakeAVCeleb_v1.2\FakeVideo-FakeAudio\Asian (South)\women\id04564\00417_id05931_bFqu86NV3hk_id06343_wavtolip.mp4,FakeVideo-FakeAudio\Asian (South)\women\id04564\00417_id05931_bFqu86NV3hk_id06343_wavtolip.mp4,FakeVideo-FakeAudio,1,fake,Asian (South),women,id04564,00417_id05931_bFqu86NV3hk_id06343_wavtolip.mp4,test
D:\SyncGuard\data\raw\FakeAVCeleb_v1.2\FakeAVCeleb_v1.2\RealVideo-RealAudio\Caucasian (American)\men\id01163\00195.mp4,RealVideo-RealAudio\Caucasian (American)\men\id01163\00195.mp4,RealVideo-RealAudio,0,real,Caucasian (American),men,id01163,00195.mp4,train
D:\SyncGuard\data\raw\FakeAVCeleb_v1.2\FakeAVCeleb_v1.2\RealVideo-RealAudio\Caucasian (European)\men\id01098\00044.mp4,RealVideo-RealAudio\Caucasian (European)\men\id01098\00044.mp4,RealVideo-RealAudio,0,real,Caucasian (European),men,id01098,00044.mp4,test
D:\SyncGuard\data\raw\FakeAVCeleb_v1.2\FakeAVCeleb_v1.2\FakeVideo-FakeAudio\Caucasian (European)\women\id00897\00005_id01002_wavtolip.mp4,FakeVideo-FakeAudio\Caucasian (European)\women\id00897\00005_id01002_wavtolip.mp4,FakeVideo-FakeAudio,1,fake,Caucasian (European),women,id00897,00005_id01002_wavtolip.mp4,train
D:\SyncGuard\data\raw\FakeAVCeleb_v1.2\FakeAVCeleb_v1.2\RealVideo-FakeAudio\Asian (South)\men\id07210\00005_fake.mp4,RealVideo-FakeAudio\Asian (South)\men\id07210\00005_fake.mp4,RealVideo-FakeAudio,1,fake,Asian (South),men,id07210,00005_fake.mp4,validation
D:\SyncGuard\data\raw\FakeAVCeleb_v1.2\FakeAVCeleb_v1.2\FakeVideo-FakeAudio\Asian (South)\women\id05931\00013_id01026_rM4ZERt7oM0_faceswap_id05931_wavtolip.mp4,FakeVideo-FakeAudio\Asian (South)\women\id05931\00013_id01026_rM4ZERt7oM0_faceswap_id05931_wavtolip.mp4,FakeVideo-FakeAudio,1,fake,Asian (South),women,id05931,00013_id01026_rM4ZERt7oM0_faceswap_id05931_wavtolip.mp4,test
D:\SyncGuard\data\raw\FakeAVCeleb_v1.2\FakeAVCeleb_v1.2\FakeVideo-RealAudio\Asian (East)\women\id00137\00025_id07799_wavtolip.mp4,FakeVideo-RealAudio\Asian (East)\women\id00137\00025_id07799_wavtolip.mp4,FakeVideo-RealAudio,1,fake,Asian (East),women,id00137,00025_id07799_wavtolip.mp4,validation
D:\SyncGuard\data\raw\FakeAVCeleb_v1.2\FakeAVCeleb_v1.2\RealVideo-RealAudio\Asian (East)\women\id06462\00014.mp4,RealVideo-RealAudio\Asian (East)\women\id06462\00014.mp4,RealVideo-RealAudio,0,real,Asian (East),women,id06462,00014.mp4,train
D:\SyncGuard\data\raw\FakeAVCeleb_v1.2\FakeAVCeleb_v1.2\RealVideo-FakeAudio\Caucasian (American)\women\id01004\00028_fake.mp4,RealVideo-FakeAudio\Caucasian (American)\women\id01004\00028_fake.mp4,RealVideo-FakeAudio,1,fake,Caucasian (American),women,id01004,00028_fake.mp4,train
D:\SyncGuard\data\raw\FakeAVCeleb_v1.2\FakeAVCeleb_v1.2\RealVideo-RealAudio\Asian (East)\men\id08299\00110.mp4,RealVideo-RealAudio\Asian (East)\men\id08299\00110.mp4,RealVideo-RealAudio,0,real,Asian (East),men,id08299,00110.mp4,train
D:\SyncGuard\data\raw\FakeAVCeleb_v1.2\FakeAVCeleb_v1.2\RealVideo-FakeAudio\Caucasian (European)\men\id00185\00015_fake.mp4,RealVideo-FakeAudio\Caucasian (European)\men\id00185\00015_fake.mp4,RealVideo-FakeAudio,1,fake,Caucasian (European),men,id00185,00015_fake.mp4,train
D:\SyncGuard\data\raw\FakeAVCeleb_v1.2\FakeAVCeleb_v1.2\FakeVideo-FakeAudio\Asian (East)\women\id07901\00040_id00582_wavtolip.mp4,FakeVideo-FakeAudio\Asian (East)\women\id07901\00040_id00582_wavtolip.mp4,FakeVideo-FakeAudio,1,fake,Asian (East),women,id07901,00040_id00582_wavtolip.mp4,test
D:\SyncGuard\data\raw\FakeAVCeleb_v1.2\FakeAVCeleb_v1.2\RealVideo-FakeAudio\Caucasian (American)\women\id01217\00005_fake.mp4,RealVideo-FakeAudio\Caucasian (American)\women\id01217\00005_fake.mp4,RealVideo-FakeAudio,1,fake,Caucasian (American),women,id01217,00005_fake.mp4,train
D:\SyncGuard\data\raw\FakeAVCeleb_v1.2\FakeAVCeleb_v1.2\FakeVideo-RealAudio\Caucasian (European)\women\id03816\00093_id03651_wavtolip.mp4,FakeVideo-RealAudio\Caucasian (European)\women\id03816\00093_id03651_wavtolip.mp4,FakeVideo-RealAudio,1,fake,Caucasian (European),women,id03816,00093_id03651_wavtolip.mp4,train
D:\SyncGuard\data\raw\FakeAVCeleb_v1.2\FakeAVCeleb_v1.2\RealVideo-RealAudio\Asian (East)\women\id06061\00002.mp4,RealVideo-RealAudio\Asian (East)\women\id06061\00002.mp4,RealVideo-RealAudio,0,real,Asian (East),women,id06061,00002.mp4,train
D:\SyncGuard\data\raw\FakeAVCeleb_v1.2\FakeAVCeleb_v1.2\RealVideo-FakeAudio\Asian (South)\women\id05845\00027_fake.mp4,RealVideo-FakeAudio\Asian (South)\women\id05845\00027_fake.mp4,RealVideo-FakeAudio,1,fake,Asian (South),women,id05845,00027_fake.mp4,train
D:\SyncGuard\data\raw\FakeAVCeleb_v1.2\FakeAVCeleb_v1.2\RealVideo-RealAudio\Caucasian (American)\men\id01124\00063.mp4,RealVideo-RealAudio\Caucasian (American)\men\id01124\00063.mp4,RealVideo-RealAudio,0,real,Caucasian (American),men,id01124,00063.mp4,train
D:\SyncGuard\data\raw\FakeAVCeleb_v1.2\FakeAVCeleb_v1.2\RealVideo-RealAudio\Caucasian (European)\men\id00519\00028.mp4,RealVideo-RealAudio\Caucasian (European)\men\id00519\00028.mp4,RealVideo-RealAudio,0,real,Caucasian (European),men,id00519,00028.mp4,test
D:\SyncGuard\data\raw\FakeAVCeleb_v1.2\FakeAVCeleb_v1.2\FakeVideo-RealAudio\Caucasian (European)\men\id01098\00044_id00292_wavtolip.mp4,FakeVideo-RealAudio\Caucasian (European)\men\id01098\00044_id00292_wavtolip.mp4,FakeVideo-RealAudio,1,fake,Caucasian (European),men,id01098,00044_id00292_wavtolip.mp4,test
D:\SyncGuard\data\raw\FakeAVCeleb_v1.2\FakeAVCeleb_v1.2\RealVideo-RealAudio\Caucasian (European)\men\id00187\00360.mp4,RealVideo-RealAudio\Caucasian (European)\men\id00187\00360.mp4,RealVideo-RealAudio,0,real,Caucasian (European),men,id00187,00360.mp4,train
D:\SyncGuard\data\raw\FakeAVCeleb_v1.2\FakeAVCeleb_v1.2\FakeVideo-FakeAudio\African\women\id00460\00005_id04437_2csrqaF55pk_id02808_wavtolip.mp4,FakeVideo-FakeAudio\African\women\id00460\00005_id04437_2csrqaF55pk_id02808_wavtolip.mp4,FakeVideo-FakeAudio,1,fake,African,women,id00460,00005_id04437_2csrqaF55pk_id02808_wavtolip.mp4,train
D:\SyncGuard\data\raw\FakeAVCeleb_v1.2\FakeAVCeleb_v1.2\RealVideo-FakeAudio\Caucasian (American)\men\id01124\00063_fake.mp4,RealVideo-FakeAudio\Caucasian (American)\men\id01124\00063_fake.mp4,RealVideo-FakeAudio,1,fake,Caucasian (American),men,id01124,00063_fake.mp4,train
D:\SyncGuard\data\raw\FakeAVCeleb_v1.2\FakeAVCeleb_v1.2\RealVideo-FakeAudio\African\women\id00220\00027_fake.mp4,RealVideo-FakeAudio\African\women\id00220\00027_fake.mp4,RealVideo-FakeAudio,1,fake,African,women,id00220,00027_fake.mp4,train
D:\SyncGuard\data\raw\FakeAVCeleb_v1.2\FakeAVCeleb_v1.2\FakeVideo-FakeAudio\Asian (South)\men\id08313\00202_id03945_wavtolip.mp4,FakeVideo-FakeAudio\Asian (South)\men\id08313\00202_id03945_wavtolip.mp4,FakeVideo-FakeAudio,1,fake,Asian (South),men,id08313,00202_id03945_wavtolip.mp4,train
D:\SyncGuard\data\raw\FakeAVCeleb_v1.2\FakeAVCeleb_v1.2\RealVideo-FakeAudio\Caucasian (European)\men\id00981\00092_fake.mp4,RealVideo-FakeAudio\Caucasian (European)\men\id00981\00092_fake.mp4,RealVideo-FakeAudio,1,fake,Caucasian (European),men,id00981,00092_fake.mp4,train
D:\SyncGuard\data\raw\FakeAVCeleb_v1.2\FakeAVCeleb_v1.2\RealVideo-FakeAudio\Asian (East)\women\id08819\00052_fake.mp4,RealVideo-FakeAudio\Asian (East)\women\id08819\00052_fake.mp4,RealVideo-FakeAudio,1,fake,Asian (East),women,id08819,00052_fake.mp4,train
D:\SyncGuard\data\raw\FakeAVCeleb_v1.2\FakeAVCeleb_v1.2\FakeVideo-RealAudio\Asian (East)\men\id04884\00028_id01215_wavtolip.mp4,FakeVideo-RealAudio\Asian (East)\men\id04884\00028_id01215_wavtolip.mp4,FakeVideo-RealAudio,1,fake,Asian (East),men,id04884,00028_id01215_wavtolip.mp4,validation
D:\SyncGuard\data\raw\FakeAVCeleb_v1.2\FakeAVCeleb_v1.2\FakeVideo-FakeAudio\Caucasian (European)\women\id00271\00028_id00806_wavtolip.mp4,FakeVideo-FakeAudio\Caucasian (European)\women\id00271\00028_id00806_wavtolip.mp4,FakeVideo-FakeAudio,1,fake,Caucasian (European),women,id00271,00028_id00806_wavtolip.mp4,test
D:\SyncGuard\data\raw\FakeAVCeleb_v1.2\FakeAVCeleb_v1.2\RealVideo-RealAudio\Asian (East)\women\id00566\00032.mp4,RealVideo-RealAudio\Asian (East)\women\id00566\00032.mp4,RealVideo-RealAudio,0,real,Asian (East),women,id00566,00032.mp4,train
D:\SyncGuard\data\raw\FakeAVCeleb_v1.2\FakeAVCeleb_v1.2\FakeVideo-RealAudio\Caucasian (American)\women\id00680\00110_id00385_wavtolip.mp4,FakeVideo-RealAudio\Caucasian (American)\women\id00680\00110_id00385_wavtolip.mp4,FakeVideo-RealAudio,1,fake,Caucasian (American),women,id00680,00110_id00385_wavtolip.mp4,validation
D:\SyncGuard\data\raw\FakeAVCeleb_v1.2\FakeAVCeleb_v1.2\FakeVideo-FakeAudio\Asian (East)\women\id00763\00074_id00763_wavtolip.mp4,FakeVideo-FakeAudio\Asian (East)\women\id00763\00074_id00763_wavtolip.mp4,FakeVideo-FakeAudio,1,fake,Asian (East),women,id00763,00074_id00763_wavtolip.mp4,train
D:\SyncGuard\data\raw\FakeAVCeleb_v1.2\FakeAVCeleb_v1.2\RealVideo-RealAudio\Caucasian (American)\men\id01042\00154.mp4,RealVideo-RealAudio\Caucasian (American)\men\id01042\00154.mp4,RealVideo-RealAudio,0,real,Caucasian (American),men,id01042,00154.mp4,train
D:\SyncGuard\data\raw\FakeAVCeleb_v1.2\FakeAVCeleb_v1.2\FakeVideo-FakeAudio\Asian (East)\women\id03211\00032_id02587_KzwJPH5_8j0_id06054_wavtolip.mp4,FakeVideo-FakeAudio\Asian (East)\women\id03211\00032_id02587_KzwJPH5_8j0_id06054_wavtolip.mp4,FakeVideo-FakeAudio,1,fake,Asian (East),women,id03211,00032_id02587_KzwJPH5_8j0_id06054_wavtolip.mp4,train
D:\SyncGuard\data\raw\FakeAVCeleb_v1.2\FakeAVCeleb_v1.2\FakeVideo-RealAudio\Asian (East)\women\id06061\00002_id05576_wavtolip.mp4,FakeVideo-RealAudio\Asian (East)\women\id06061\00002_id05576_wavtolip.mp4,FakeVideo-RealAudio,1,fake,Asian (East),women,id06061,00002_id05576_wavtolip.mp4,train
D:\SyncGuard\data\raw\FakeAVCeleb_v1.2\FakeAVCeleb_v1.2\RealVideo-FakeAudio\African\women\id05980\00143_fake.mp4,RealVideo-FakeAudio\African\women\id05980\00143_fake.mp4,RealVideo-FakeAudio,1,fake,African,women,id05980,00143_fake.mp4,train
D:\SyncGuard\data\raw\FakeAVCeleb_v1.2\FakeAVCeleb_v1.2\RealVideo-RealAudio\African\women\id00577\00010.mp4,RealVideo-RealAudio\African\women\id00577\00010.mp4,RealVideo-RealAudio,0,real,African,women,id00577,00010.mp4,train
D:\SyncGuard\data\raw\FakeAVCeleb_v1.2\FakeAVCeleb_v1.2\RealVideo-RealAudio\Caucasian (American)\women\id00752\00340.mp4,RealVideo-RealAudio\Caucasian (American)\women\id00752\00340.mp4,RealVideo-RealAudio,0,real,Caucasian (American),women,id00752,00340.mp4,test
D:\SyncGuard\data\raw\FakeAVCeleb_v1.2\FakeAVCeleb_v1.2\RealVideo-FakeAudio\Asian (South)\women\id07051\00083_fake.mp4,RealVideo-FakeAudio\Asian (South)\women\id07051\00083_fake.mp4,RealVideo-FakeAudio,1,fake,Asian (South),women,id07051,00083_fake.mp4,train
D:\SyncGuard\data\raw\FakeAVCeleb_v1.2\FakeAVCeleb_v1.2\RealVideo-RealAudio\Caucasian (European)\women\id01001\00086.mp4,RealVideo-RealAudio\Caucasian (European)\women\id01001\00086.mp4,RealVideo-RealAudio,0,real,Caucasian (European),women,id01001,00086.mp4,test
D:\SyncGuard\data\raw\FakeAVCeleb_v1.2\FakeAVCeleb_v1.2\FakeVideo-FakeAudio\Caucasian (European)\men\id01126\00040_id00241_DlI4wqSFwbI_id01051_wavtolip.mp4,FakeVideo-FakeAudio\Caucasian (European)\men\id01126\00040_id00241_DlI4wqSFwbI_id01051_wavtolip.mp4,FakeVideo-FakeAudio,1,fake,Caucasian (European),men,id01126,00040_id00241_DlI4wqSFwbI_id01051_wavtolip.mp4,train
D:\SyncGuard\data\raw\FakeAVCeleb_v1.2\FakeAVCeleb_v1.2\FakeVideo-FakeAudio\Caucasian (American)\men\id01172\00015_id01182_zca-PHR_U40_faceswap_id00052_wavtolip.mp4,FakeVideo-FakeAudio\Caucasian (American)\men\id01172\00015_id01182_zca-PHR_U40_faceswap_id00052_wavtolip.mp4,FakeVideo-FakeAudio,1,fake,Caucasian (American),men,id01172,00015_id01182_zca-PHR_U40_faceswap_id00052_wavtolip.mp4,train
D:\SyncGuard\data\raw\FakeAVCeleb_v1.2\FakeAVCeleb_v1.2\RealVideo-RealAudio\Asian (South)\men\id04554\00118.mp4,RealVideo-RealAudio\Asian (South)\men\id04554\00118.mp4,RealVideo-RealAudio,0,real,Asian (South),men,id04554,00118.mp4,train
D:\SyncGuard\data\raw\FakeAVCeleb_v1.2\FakeAVCeleb_v1.2\RealVideo-RealAudio\Asian (East)\men\id09053\00005.mp4,RealVideo-RealAudio\Asian (East)\men\id09053\00005.mp4,RealVideo-RealAudio,0,real,Asian (East),men,id09053,00005.mp4,validation
D:\SyncGuard\data\raw\FakeAVCeleb_v1.2\FakeAVCeleb_v1.2\RealVideo-RealAudio\African\women\id00832\00078.mp4,RealVideo-RealAudio\African\women\id00832\00078.mp4,RealVideo-RealAudio,0,real,African,women,id00832,00078.mp4,train
D:\SyncGuard\data\raw\FakeAVCeleb_v1.2\FakeAVCeleb_v1.2\FakeVideo-FakeAudio\Caucasian (European)\men\id00709\00206_id01052_Kf4nlIEHfaU_id00185_wavtolip.mp4,FakeVideo-FakeAudio\Caucasian (European)\men\id00709\00206_id01052_Kf4nlIEHfaU_id00185_wavtolip.mp4,FakeVideo-FakeAudio,1,fake,Caucasian (European),men,id00709,00206_id01052_Kf4nlIEHfaU_id00185_wavtolip.mp4,train
D:\SyncGuard\data\raw\FakeAVCeleb_v1.2\FakeAVCeleb_v1.2\FakeVideo-FakeAudio\Asian (South)\men\id07233\00010_id00078_wavtolip.mp4,FakeVideo-FakeAudio\Asian (South)\men\id07233\00010_id00078_wavtolip.mp4,FakeVideo-FakeAudio,1,fake,Asian (South),men,id07233,00010_id00078_wavtolip.mp4,train
D:\SyncGuard\data\raw\FakeAVCeleb_v1.2\FakeAVCeleb_v1.2\RealVideo-RealAudio\Caucasian (European)\women\id00332\00293.mp4,RealVideo-RealAudio\Caucasian (European)\women\id00332\00293.mp4,RealVideo-RealAudio,0,real,Caucasian (European),women,id00332,00293.mp4,validation
D:\SyncGuard\data\raw\FakeAVCeleb_v1.2\FakeAVCeleb_v1.2\RealVideo-RealAudio\African\men\id01597\00005.mp4,RealVideo-RealAudio\African\men\id01597\00005.mp4,RealVideo-RealAudio,0,real,African,men,id01597,00005.mp4,train
D:\SyncGuard\data\raw\FakeAVCeleb_v1.2\FakeAVCeleb_v1.2\FakeVideo-RealAudio\Asian (East)\women\id03940\00025_id06158_C6FpHdewEzA.mp4,FakeVideo-RealAudio\Asian (East)\women\id03940\00025_id06158_C6FpHdewEzA.mp4,FakeVideo-RealAudio,1,fake,Asian (East),women,id03940,00025_id06158_C6FpHdewEzA.mp4,train
D:\SyncGuard\data\raw\FakeAVCeleb_v1.2\FakeAVCeleb_v1.2\RealVideo-FakeAudio\African\men\id00476\00109_fake.mp4,RealVideo-FakeAudio\African\men\id00476\00109_fake.mp4,RealVideo-FakeAudio,1,fake,African,men,id00476,00109_fake.mp4,train
D:\SyncGuard\data\raw\FakeAVCeleb_v1.2\FakeAVCeleb_v1.2\RealVideo-RealAudio\Caucasian (American)\women\id00680\00110.mp4,RealVideo-RealAudio\Caucasian (American)\women\id00680\00110.mp4,RealVideo-RealAudio,0,real,Caucasian (American),women,id00680,00110.mp4,validation
D:\SyncGuard\data\raw\FakeAVCeleb_v1.2\FakeAVCeleb_v1.2\RealVideo-RealAudio\African\women\id04736\00083.mp4,RealVideo-RealAudio\African\women\id04736\00083.mp4,RealVideo-RealAudio,0,real,African,women,id04736,00083.mp4,train
D:\SyncGuard\data\raw\FakeAVCeleb_v1.2\FakeAVCeleb_v1.2\FakeVideo-RealAudio\Asian (East)\men\id05479\05479_id08652_wavtolip.mp4,FakeVideo-RealAudio\Asian (East)\men\id05479\05479_id08652_wavtolip.mp4,FakeVideo-RealAudio,1,fake,Asian (East),men,id05479,05479_id08652_wavtolip.mp4,train
D:\SyncGuard\data\raw\FakeAVCeleb_v1.2\FakeAVCeleb_v1.2\FakeVideo-RealAudio\Asian (East)\women\id03379\00032_id09125_wavtolip.mp4,FakeVideo-RealAudio\Asian (East)\women\id03379\00032_id09125_wavtolip.mp4,FakeVideo-RealAudio,1,fake,Asian (East),women,id03379,00032_id09125_wavtolip.mp4,train
D:\SyncGuard\data\raw\FakeAVCeleb_v1.2\FakeAVCeleb_v1.2\FakeVideo-FakeAudio\Asian (East)\men\id01215\00001_id02493_wavtolip.mp4,FakeVideo-FakeAudio\Asian (East)\men\id01215\00001_id02493_wavtolip.mp4,FakeVideo-FakeAudio,1,fake,Asian (East),men,id01215,00001_id02493_wavtolip.mp4,train
D:\SyncGuard\data\raw\FakeAVCeleb_v1.2\FakeAVCeleb_v1.2\RealVideo-FakeAudio\African\men\id01544\00044_fake.mp4,RealVideo-FakeAudio\African\men\id01544\00044_fake.mp4,RealVideo-FakeAudio,1,fake,African,men,id01544,00044_fake.mp4,train
D:\SyncGuard\data\raw\FakeAVCeleb_v1.2\FakeAVCeleb_v1.2\FakeVideo-FakeAudio\Asian (East)\men\id03889\00052_id02365_KTHM_LvjcgY_id03168_wavtolip.mp4,FakeVideo-FakeAudio\Asian (East)\men\id03889\00052_id02365_KTHM_LvjcgY_id03168_wavtolip.mp4,FakeVideo-FakeAudio,1,fake,Asian (East),men,id03889,00052_id02365_KTHM_LvjcgY_id03168_wavtolip.mp4,train
D:\SyncGuard\data\raw\FakeAVCeleb_v1.2\FakeAVCeleb_v1.2\FakeVideo-RealAudio\African\men\id01597\00005_2.mp4,FakeVideo-RealAudio\African\men\id01597\00005_2.mp4,FakeVideo-RealAudio,1,fake,African,men,id01597,00005_2.mp4,train
D:\SyncGuard\data\raw\FakeAVCeleb_v1.2\FakeAVCeleb_v1.2\FakeVideo-RealAudio\Asian (South)\men\id00769\00015_id07163_wavtolip.mp4,FakeVideo-RealAudio\Asian (South)\men\id00769\00015_id07163_wavtolip.mp4,FakeVideo-RealAudio,1,fake,Asian (South),men,id00769,00015_id07163_wavtolip.mp4,train
D:\SyncGuard\data\raw\FakeAVCeleb_v1.2\FakeAVCeleb_v1.2\FakeVideo-FakeAudio\Caucasian (American)\women\id00616\00305_id01225_WuzuZoM84Ws_id00616_wavtolip.mp4,FakeVideo-FakeAudio\Caucasian (American)\women\id00616\00305_id01225_WuzuZoM84Ws_id00616_wavtolip.mp4,FakeVideo-FakeAudio,1,fake,Caucasian (American),women,id00616,00305_id01225_WuzuZoM84Ws_id00616_wavtolip.mp4,train
D:\SyncGuard\data\raw\FakeAVCeleb_v1.2\FakeAVCeleb_v1.2\FakeVideo-RealAudio\African\women\id03103\00130_id03656_wavtolip.mp4,FakeVideo-RealAudio\African\women\id03103\00130_id03656_wavtolip.mp4,FakeVideo-RealAudio,1,fake,African,women,id03103,00130_id03656_wavtolip.mp4,test
D:\SyncGuard\data\raw\FakeAVCeleb_v1.2\FakeAVCeleb_v1.2\FakeVideo-RealAudio\Caucasian (American)\men\id01035\00012_id00049_wavtolip.mp4,FakeVideo-RealAudio\Caucasian (American)\men\id01035\00012_id00049_wavtolip.mp4,FakeVideo-RealAudio,1,fake,Caucasian (American),men,id01035,00012_id00049_wavtolip.mp4,train
D:\SyncGuard\data\raw\FakeAVCeleb_v1.2\FakeAVCeleb_v1.2\FakeVideo-RealAudio\Caucasian (American)\women\id00383\00171_id00418_wavtolip.mp4,FakeVideo-RealAudio\Caucasian (American)\women\id00383\00171_id00418_wavtolip.mp4,FakeVideo-RealAudio,1,fake,Caucasian (American),women,id00383,00171_id00418_wavtolip.mp4,train
D:\SyncGuard\data\raw\FakeAVCeleb_v1.2\FakeAVCeleb_v1.2\RealVideo-FakeAudio\Caucasian (American)\women\id01231\00015_fake.mp4,RealVideo-FakeAudio\Caucasian (American)\women\id01231\00015_fake.mp4,RealVideo-FakeAudio,1,fake,Caucasian (American),women,id01231,00015_fake.mp4,train
D:\SyncGuard\data\raw\FakeAVCeleb_v1.2\FakeAVCeleb_v1.2\RealVideo-FakeAudio\African\women\id04939\00174_fake.mp4,RealVideo-FakeAudio\African\women\id04939\00174_fake.mp4,RealVideo-FakeAudio,1,fake,African,women,id04939,00174_fake.mp4,test
D:\SyncGuard\data\raw\FakeAVCeleb_v1.2\FakeAVCeleb_v1.2\RealVideo-RealAudio\Asian (South)\women\id07008\00175.mp4,RealVideo-RealAudio\Asian (South)\women\id07008\00175.mp4,RealVideo-RealAudio,0,real,Asian (South),women,id07008,00175.mp4,train
D:\SyncGuard\data\raw\FakeAVCeleb_v1.2\FakeAVCeleb_v1.2\FakeVideo-RealAudio\Asian (South)\women\id00043\00135_id05478_wavtolip.mp4,FakeVideo-RealAudio\Asian (South)\women\id00043\00135_id05478_wavtolip.mp4,FakeVideo-RealAudio,1,fake,Asian (South),women,id00043,00135_id05478_wavtolip.mp4,train
D:\SyncGuard\data\raw\FakeAVCeleb_v1.2\FakeAVCeleb_v1.2\FakeVideo-FakeAudio\Asian (East)\men\id04774\00032_id04222_EAw7MSynKF8_id02365_wavtolip.mp4,FakeVideo-FakeAudio\Asian (East)\men\id04774\00032_id04222_EAw7MSynKF8_id02365_wavtolip.mp4,FakeVideo-FakeAudio,1,fake,Asian (East),men,id04774,00032_id04222_EAw7MSynKF8_id02365_wavtolip.mp4,train
D:\SyncGuard\data\raw\FakeAVCeleb_v1.2\FakeAVCeleb_v1.2\RealVideo-FakeAudio\Caucasian (American)\men\id00945\00107_fake.mp4,RealVideo-FakeAudio\Caucasian (American)\men\id00945\00107_fake.mp4,RealVideo-FakeAudio,1,fake,Caucasian (American),men,id00945,00107_fake.mp4,train
D:\SyncGuard\data\raw\FakeAVCeleb_v1.2\FakeAVCeleb_v1.2\FakeVideo-RealAudio\Asian (East)\women\id08402\00092_id06054_EicsCdNDfBs.mp4,FakeVideo-RealAudio\Asian (East)\women\id08402\00092_id06054_EicsCdNDfBs.mp4,FakeVideo-RealAudio,1,fake,Asian (East),women,id08402,00092_id06054_EicsCdNDfBs.mp4,train
D:\SyncGuard\data\raw\FakeAVCeleb_v1.2\FakeAVCeleb_v1.2\FakeVideo-FakeAudio\African\men\id00076\00109_id00476_wavtolip.mp4,FakeVideo-FakeAudio\African\men\id00076\00109_id00476_wavtolip.mp4,FakeVideo-FakeAudio,1,fake,African,men,id00076,00109_id00476_wavtolip.mp4,train
D:\SyncGuard\data\raw\FakeAVCeleb_v1.2\FakeAVCeleb_v1.2\RealVideo-RealAudio\African\women\id00592\00017.mp4,RealVideo-RealAudio\African\women\id00592\00017.mp4,RealVideo-RealAudio,0,real,African,women,id00592,00017.mp4,train
D:\SyncGuard\data\raw\FakeAVCeleb_v1.2\FakeAVCeleb_v1.2\RealVideo-RealAudio\Asian (South)\women\id06268\00159.mp4,RealVideo-RealAudio\Asian (South)\women\id06268\00159.mp4,RealVideo-RealAudio,0,real,Asian (South),women,id06268,00159.mp4,validation
D:\SyncGuard\data\raw\FakeAVCeleb_v1.2\FakeAVCeleb_v1.2\RealVideo-FakeAudio\Caucasian (European)\men\id00241\00015_fake.mp4,RealVideo-FakeAudio\Caucasian (European)\men\id00241\00015_fake.mp4,RealVideo-FakeAudio,1,fake,Caucasian (European),men,id00241,00015_fake.mp4,validation
D:\SyncGuard\data\raw\FakeAVCeleb_v1.2\FakeAVCeleb_v1.2\RealVideo-FakeAudio\Asian (South)\men\id06334\00015_fake.mp4,RealVideo-FakeAudio\Asian (South)\men\id06334\00015_fake.mp4,RealVideo-FakeAudio,1,fake,Asian (South),men,id06334,00015_fake.mp4,train
D:\SyncGuard\data\raw\FakeAVCeleb_v1.2\FakeAVCeleb_v1.2\FakeVideo-FakeAudio\Caucasian (European)\men\id00990\00160_id01126_wavtolip.mp4,FakeVideo-FakeAudio\Caucasian (European)\men\id00990\00160_id01126_wavtolip.mp4,FakeVideo-FakeAudio,1,fake,Caucasian (European),men,id00990,00160_id01126_wavtolip.mp4,test
D:\SyncGuard\data\raw\FakeAVCeleb_v1.2\FakeAVCeleb_v1.2\FakeVideo-FakeAudio\Asian (South)\men\id00745\00165_id06354_PmWLmcJNUhM_id00033_wavtolip.mp4,FakeVideo-FakeAudio\Asian (South)\men\id00745\00165_id06354_PmWLmcJNUhM_id00033_wavtolip.mp4,FakeVideo-FakeAudio,1,fake,Asian (South),men,id00745,00165_id06354_PmWLmcJNUhM_id00033_wavtolip.mp4,test
D:\SyncGuard\data\raw\FakeAVCeleb_v1.2\FakeAVCeleb_v1.2\RealVideo-RealAudio\African\men\id00076\00109.mp4,RealVideo-RealAudio\African\men\id00076\00109.mp4,RealVideo-RealAudio,0,real,African,men,id00076,00109.mp4,train
D:\SyncGuard\data\raw\FakeAVCeleb_v1.2\FakeAVCeleb_v1.2\FakeVideo-FakeAudio\Asian (East)\men\id09143\00056_id08652_wavtolip.mp4,FakeVideo-FakeAudio\Asian (East)\men\id09143\00056_id08652_wavtolip.mp4,FakeVideo-FakeAudio,1,fake,Asian (East),men,id09143,00056_id08652_wavtolip.mp4,test
D:\SyncGuard\data\raw\FakeAVCeleb_v1.2\FakeAVCeleb_v1.2\FakeVideo-RealAudio\African\men\id00987\00160_id02342_RJPBPhJB8TA.mp4,FakeVideo-RealAudio\African\men\id00987\00160_id02342_RJPBPhJB8TA.mp4,FakeVideo-RealAudio,1,fake,African,men,id00987,00160_id02342_RJPBPhJB8TA.mp4,train
D:\SyncGuard\data\raw\FakeAVCeleb_v1.2\FakeAVCeleb_v1.2\RealVideo-FakeAudio\Asian (South)\women\id04582\00180_fake.mp4,RealVideo-FakeAudio\Asian (South)\women\id04582\00180_fake.mp4,RealVideo-FakeAudio,1,fake,Asian (South),women,id04582,00180_fake.mp4,test
D:\SyncGuard\data\raw\FakeAVCeleb_v1.2\FakeAVCeleb_v1.2\FakeVideo-FakeAudio\Caucasian (American)\men\id04219\00130_id00529_xtx2GeQN-DQ_id00052_wavtolip.mp4,FakeVideo-FakeAudio\Caucasian (American)\men\id04219\00130_id00529_xtx2GeQN-DQ_id00052_wavtolip.mp4,FakeVideo-FakeAudio,1,fake,Caucasian (American),men,id04219,00130_id00529_xtx2GeQN-DQ_id00052_wavtolip.mp4,train
D:\SyncGuard\data\raw\FakeAVCeleb_v1.2\FakeAVCeleb_v1.2\RealVideo-RealAudio\Asian (South)\men\id03180\00039.mp4,RealVideo-RealAudio\Asian (South)\men\id03180\00039.mp4,RealVideo-RealAudio,0,real,Asian (South),men,id03180,00039.mp4,validation
D:\SyncGuard\data\raw\FakeAVCeleb_v1.2\FakeAVCeleb_v1.2\RealVideo-RealAudio\Asian (South)\women\id02089\00092.mp4,RealVideo-RealAudio\Asian (South)\women\id02089\00092.mp4,RealVideo-RealAudio,0,real,Asian (South),women,id02089,00092.mp4,validation
D:\SyncGuard\data\raw\FakeAVCeleb_v1.2\FakeAVCeleb_v1.2\FakeVideo-RealAudio\Asian (East)\men\id01589\00017_id08613_wavtolip.mp4,FakeVideo-RealAudio\Asian (East)\men\id01589\00017_id08613_wavtolip.mp4,FakeVideo-RealAudio,1,fake,Asian (East),men,id01589,00017_id08613_wavtolip.mp4,train
D:\SyncGuard\data\raw\FakeAVCeleb_v1.2\FakeAVCeleb_v1.2\FakeVideo-RealAudio\Asian (South)\women\id07377\00025_id06428_A9nvRKd1afA.mp4,FakeVideo-RealAudio\Asian (South)\women\id07377\00025_id06428_A9nvRKd1afA.mp4,FakeVideo-RealAudio,1,fake,Asian (South),women,id07377,00025_id06428_A9nvRKd1afA.mp4,test
D:\SyncGuard\data\raw\FakeAVCeleb_v1.2\FakeAVCeleb_v1.2\FakeVideo-RealAudio\Caucasian (European)\men\id01051\00322_id00946_wavtolip.mp4,FakeVideo-RealAudio\Caucasian (European)\men\id01051\00322_id00946_wavtolip.mp4,FakeVideo-RealAudio,1,fake,Caucasian (European),men,id01051,00322_id00946_wavtolip.mp4,train
D:\SyncGuard\data\raw\FakeAVCeleb_v1.2\FakeAVCeleb_v1.2\RealVideo-FakeAudio\Asian (East)\women\id09171\00092_fake.mp4,RealVideo-FakeAudio\Asian (East)\women\id09171\00092_fake.mp4,RealVideo-FakeAudio,1,fake,Asian (East),women,id09171,00092_fake.mp4,train
D:\SyncGuard\data\raw\FakeAVCeleb_v1.2\FakeAVCeleb_v1.2\RealVideo-RealAudio\Caucasian (American)\men\id00087\00002.mp4,RealVideo-RealAudio\Caucasian (American)\men\id00087\00002.mp4,RealVideo-RealAudio,0,real,Caucasian (American),men,id00087,00002.mp4,train
D:\SyncGuard\data\raw\FakeAVCeleb_v1.2\FakeAVCeleb_v1.2\RealVideo-RealAudio\Caucasian (European)\women\id00897\00005.mp4,RealVideo-RealAudio\Caucasian (European)\women\id00897\00005.mp4,RealVideo-RealAudio,0,real,Caucasian (European),women,id00897,00005.mp4,train
D:\SyncGuard\data\raw\FakeAVCeleb_v1.2\FakeAVCeleb_v1.2\RealVideo-RealAudio\Caucasian (American)\women\id00431\00039.mp4,RealVideo-RealAudio\Caucasian (American)\women\id00431\00039.mp4,RealVideo-RealAudio,0,real,Caucasian (American),women,id00431,00039.mp4,train
D:\SyncGuard\data\raw\FakeAVCeleb_v1.2\FakeAVCeleb_v1.2\RealVideo-RealAudio\African\men\id01717\00005.mp4,RealVideo-RealAudio\African\men\id01717\00005.mp4,RealVideo-RealAudio,0,real,African,men,id01717,00005.mp4,train
D:\SyncGuard\data\raw\FakeAVCeleb_v1.2\FakeAVCeleb_v1.2\RealVideo-FakeAudio\Caucasian (American)\women\id03696\00160_fake.mp4,RealVideo-FakeAudio\Caucasian (American)\women\id03696\00160_fake.mp4,RealVideo-FakeAudio,1,fake,Caucasian (American),women,id03696,00160_fake.mp4,train
D:\SyncGuard\data\raw\FakeAVCeleb_v1.2\FakeAVCeleb_v1.2\FakeVideo-FakeAudio\Asian (South)\women\id06232\00025_id06428_wavtolip.mp4,FakeVideo-FakeAudio\Asian (South)\women\id06232\00025_id06428_wavtolip.mp4,FakeVideo-FakeAudio,1,fake,Asian (South),women,id06232,00025_id06428_wavtolip.mp4,test
D:\SyncGuard\data\raw\FakeAVCeleb_v1.2\FakeAVCeleb_v1.2\RealVideo-RealAudio\African\men\id01530\00002.mp4,RealVideo-RealAudio\African\men\id01530\00002.mp4,RealVideo-RealAudio,0,real,African,men,id01530,00002.mp4,validation
D:\SyncGuard\data\raw\FakeAVCeleb_v1.2\FakeAVCeleb_v1.2\FakeVideo-RealAudio\African\men\id02494\00050_0.mp4,FakeVideo-RealAudio\African\men\id02494\00050_0.mp4,FakeVideo-RealAudio,1,fake,African,men,id02494,00050_0.mp4,train
D:\SyncGuard\data\raw\FakeAVCeleb_v1.2\FakeAVCeleb_v1.2\RealVideo-RealAudio\Caucasian (European)\women\id00068\00004.mp4,RealVideo-RealAudio\Caucasian (European)\women\id00068\00004.mp4,RealVideo-RealAudio,0,real,Caucasian (European),women,id00068,00004.mp4,train
D:\SyncGuard\data\raw\FakeAVCeleb_v1.2\FakeAVCeleb_v1.2\FakeVideo-RealAudio\Caucasian (European)\women\id03371\00430_id00591_wavtolip.mp4,FakeVideo-RealAudio\Caucasian (European)\women\id03371\00430_id00591_wavtolip.mp4,FakeVideo-RealAudio,1,fake,Caucasian (European),women,id03371,00430_id00591_wavtolip.mp4,train
D:\SyncGuard\data\raw\FakeAVCeleb_v1.2\FakeAVCeleb_v1.2\FakeVideo-RealAudio\Caucasian (American)\women\id00680\00110_id00842__jwlpdZvqus.mp4,FakeVideo-RealAudio\Caucasian (American)\women\id00680\00110_id00842__jwlpdZvqus.mp4,FakeVideo-RealAudio,1,fake,Caucasian (American),women,id00680,00110_id00842__jwlpdZvqus.mp4,validation
D:\SyncGuard\data\raw\FakeAVCeleb_v1.2\FakeAVCeleb_v1.2\RealVideo-FakeAudio\Caucasian (European)\men\id01157\00048_fake.mp4,RealVideo-FakeAudio\Caucasian (European)\men\id01157\00048_fake.mp4,RealVideo-FakeAudio,1,fake,Caucasian (European),men,id01157,00048_fake.mp4,train
D:\SyncGuard\data\raw\FakeAVCeleb_v1.2\FakeAVCeleb_v1.2\FakeVideo-FakeAudio\Caucasian (European)\men\id00498\00014_id03205_wavtolip.mp4,FakeVideo-FakeAudio\Caucasian (European)\men\id00498\00014_id03205_wavtolip.mp4,FakeVideo-FakeAudio,1,fake,Caucasian (European),men,id00498,00014_id03205_wavtolip.mp4,train
D:\SyncGuard\data\raw\FakeAVCeleb_v1.2\FakeAVCeleb_v1.2\FakeVideo-FakeAudio\African\men\id01236\00005_id00987_wavtolip.mp4,FakeVideo-FakeAudio\African\men\id01236\00005_id00987_wavtolip.mp4,FakeVideo-FakeAudio,1,fake,African,men,id01236,00005_id00987_wavtolip.mp4,train
D:\SyncGuard\data\raw\FakeAVCeleb_v1.2\FakeAVCeleb_v1.2\RealVideo-RealAudio\African\women\id04820\00015.mp4,RealVideo-RealAudio\African\women\id04820\00015.mp4,RealVideo-RealAudio,0,real,African,women,id04820,00015.mp4,train
D:\SyncGuard\data\raw\FakeAVCeleb_v1.2\FakeAVCeleb_v1.2\FakeVideo-RealAudio\Caucasian (European)\women\id00271\00028_id00395_wM5kGJfTtEM.mp4,FakeVideo-RealAudio\Caucasian (European)\women\id00271\00028_id00395_wM5kGJfTtEM.mp4,FakeVideo-RealAudio,1,fake,Caucasian (European),women,id00271,00028_id00395_wM5kGJfTtEM.mp4,test
D:\SyncGuard\data\raw\FakeAVCeleb_v1.2\FakeAVCeleb_v1.2\FakeVideo-RealAudio\Caucasian (European)\women\id00373\00028_id00232_wavtolip.mp4,FakeVideo-RealAudio\Caucasian (European)\women\id00373\00028_id00232_wavtolip.mp4,FakeVideo-RealAudio,1,fake,Caucasian (European),women,id00373,00028_id00232_wavtolip.mp4,validation
D:\SyncGuard\data\raw\FakeAVCeleb_v1.2\FakeAVCeleb_v1.2\RealVideo-FakeAudio\Asian (East)\men\id07338\00003_fake.mp4,RealVideo-FakeAudio\Asian (East)\men\id07338\00003_fake.mp4,RealVideo-FakeAudio,1,fake,Asian (East),men,id07338,00003_fake.mp4,test
D:\SyncGuard\data\raw\FakeAVCeleb_v1.2\FakeAVCeleb_v1.2\FakeVideo-FakeAudio\African\women\id05106\00078_id01178_wavtolip.mp4,FakeVideo-FakeAudio\African\women\id05106\00078_id01178_wavtolip.mp4,FakeVideo-FakeAudio,1,fake,African,women,id05106,00078_id01178_wavtolip.mp4,validation
D:\SyncGuard\data\raw\FakeAVCeleb_v1.2\FakeAVCeleb_v1.2\FakeVideo-FakeAudio\Caucasian (European)\men\id00946\00126_id00999_SjnM4XFBz0M_id01157_wavtolip.mp4,FakeVideo-FakeAudio\Caucasian (European)\men\id00946\00126_id00999_SjnM4XFBz0M_id01157_wavtolip.mp4,FakeVideo-FakeAudio,1,fake,Caucasian (European),men,id00946,00126_id00999_SjnM4XFBz0M_id01157_wavtolip.mp4,validation
D:\SyncGuard\data\raw\FakeAVCeleb_v1.2\FakeAVCeleb_v1.2\FakeVideo-RealAudio\African\men\id01076\00005_id01637_5VjcPZm8knM.mp4,FakeVideo-RealAudio\African\men\id01076\00005_id01637_5VjcPZm8knM.mp4,FakeVideo-RealAudio,1,fake,African,men,id01076,00005_id01637_5VjcPZm8knM.mp4,validation
D:\SyncGuard\data\raw\FakeAVCeleb_v1.2\FakeAVCeleb_v1.2\RealVideo-RealAudio\Asian (East)\men\id03889\00052.mp4,RealVideo-RealAudio\Asian (East)\men\id03889\00052.mp4,RealVideo-RealAudio,0,real,Asian (East),men,id03889,00052.mp4,train
D:\SyncGuard\data\raw\FakeAVCeleb_v1.2\FakeAVCeleb_v1.2\FakeVideo-RealAudio\Caucasian (American)\women\id01005\00028_id00291_L_SLT-j82Ms.mp4,FakeVideo-RealAudio\Caucasian (American)\women\id01005\00028_id00291_L_SLT-j82Ms.mp4,FakeVideo-RealAudio,1,fake,Caucasian (American),women,id01005,00028_id00291_L_SLT-j82Ms.mp4,train
D:\SyncGuard\data\raw\FakeAVCeleb_v1.2\FakeAVCeleb_v1.2\RealVideo-RealAudio\African\women\id02071\00195.mp4,RealVideo-RealAudio\African\women\id02071\00195.mp4,RealVideo-RealAudio,0,real,African,women,id02071,00195.mp4,test
D:\SyncGuard\data\raw\FakeAVCeleb_v1.2\FakeAVCeleb_v1.2\FakeVideo-RealAudio\Caucasian (American)\women\id01223\00255_id00291_L_SLT-j82Ms.mp4,FakeVideo-RealAudio\Caucasian (American)\women\id01223\00255_id00291_L_SLT-j82Ms.mp4,FakeVideo-RealAudio,1,fake,Caucasian (American),women,id01223,00255_id00291_L_SLT-j82Ms.mp4,train
D:\SyncGuard\data\raw\FakeAVCeleb_v1.2\FakeAVCeleb_v1.2\FakeVideo-RealAudio\Caucasian (European)\women\id00287\00005_id03371_wavtolip.mp4,FakeVideo-RealAudio\Caucasian (European)\women\id00287\00005_id03371_wavtolip.mp4,FakeVideo-RealAudio,1,fake,Caucasian (European),women,id00287,00005_id03371_wavtolip.mp4,test
D:\SyncGuard\data\raw\FakeAVCeleb_v1.2\FakeAVCeleb_v1.2\FakeVideo-FakeAudio\African\men\id01933\00028_id01036_wavtolip.mp4,FakeVideo-FakeAudio\African\men\id01933\00028_id01036_wavtolip.mp4,FakeVideo-FakeAudio,1,fake,African,men,id01933,00028_id01036_wavtolip.mp4,train
D:\SyncGuard\data\raw\FakeAVCeleb_v1.2\FakeAVCeleb_v1.2\RealVideo-FakeAudio\Caucasian (European)\men\id01051\00322_fake.mp4,RealVideo-FakeAudio\Caucasian (European)\men\id01051\00322_fake.mp4,RealVideo-FakeAudio,1,fake,Caucasian (European),men,id01051,00322_fake.mp4,train
D:\SyncGuard\data\raw\FakeAVCeleb_v1.2\FakeAVCeleb_v1.2\RealVideo-RealAudio\Asian (East)\women\id07739\00019.mp4,RealVideo-RealAudio\Asian (East)\women\id07739\00019.mp4,RealVideo-RealAudio,0,real,Asian (East),women,id07739,00019.mp4,train
D:\SyncGuard\data\raw\FakeAVCeleb_v1.2\FakeAVCeleb_v1.2\RealVideo-FakeAudio\Asian (South)\men\id07161\00159_fake.mp4,RealVideo-FakeAudio\Asian (South)\men\id07161\00159_fake.mp4,RealVideo-FakeAudio,1,fake,Asian (South),men,id07161,00159_fake.mp4,train
D:\SyncGuard\data\raw\FakeAVCeleb_v1.2\FakeAVCeleb_v1.2\RealVideo-RealAudio\Asian (South)\women\id06437\00028.mp4,RealVideo-RealAudio\Asian (South)\women\id06437\00028.mp4,RealVideo-RealAudio,0,real,Asian (South),women,id06437,00028.mp4,train
D:\SyncGuard\data\raw\FakeAVCeleb_v1.2\FakeAVCeleb_v1.2\RealVideo-FakeAudio\Caucasian (European)\men\id03205\00150_fake.mp4,RealVideo-FakeAudio\Caucasian (European)\men\id03205\00150_fake.mp4,RealVideo-FakeAudio,1,fake,Caucasian (European),men,id03205,00150_fake.mp4,train
D:\SyncGuard\data\raw\FakeAVCeleb_v1.2\FakeAVCeleb_v1.2\FakeVideo-FakeAudio\Asian (South)\women\id00488\00028_id05435_OvX-Jv_whcU_faceswap_id00149_wavtolip.mp4,FakeVideo-FakeAudio\Asian (South)\women\id00488\00028_id05435_OvX-Jv_whcU_faceswap_id00149_wavtolip.mp4,FakeVideo-FakeAudio,1,fake,Asian (South),women,id00488,00028_id05435_OvX-Jv_whcU_faceswap_id00149_wavtolip.mp4,validation
D:\SyncGuard\data\raw\FakeAVCeleb_v1.2\FakeAVCeleb_v1.2\RealVideo-RealAudio\African\women\id05251\00033.mp4,RealVideo-RealAudio\African\women\id05251\00033.mp4,RealVideo-RealAudio,0,real,African,women,id05251,00033.mp4,train
D:\SyncGuard\data\raw\FakeAVCeleb_v1.2\FakeAVCeleb_v1.2\RealVideo-FakeAudio\Asian (South)\men\id04526\00317_fake.mp4,RealVideo-FakeAudio\Asian (South)\men\id04526\00317_fake.mp4,RealVideo-FakeAudio,1,fake,Asian (South),men,id04526,00317_fake.mp4,test
D:\SyncGuard\data\raw\FakeAVCeleb_v1.2\FakeAVCeleb_v1.2\FakeVideo-RealAudio\Caucasian (European)\women\id00634\00078_id00395_wM5kGJfTtEM.mp4,FakeVideo-RealAudio\Caucasian (European)\women\id00634\00078_id00395_wM5kGJfTtEM.mp4,FakeVideo-RealAudio,1,fake,Caucasian (European),women,id00634,00078_id00395_wM5kGJfTtEM.mp4,train
D:\SyncGuard\data\raw\FakeAVCeleb_v1.2\FakeAVCeleb_v1.2\RealVideo-RealAudio\Asian (South)\men\id07210\00005.mp4,RealVideo-RealAudio\Asian (South)\men\id07210\00005.mp4,RealVideo-RealAudio,0,real,Asian (South),men,id07210,00005.mp4,validation
D:\SyncGuard\data\raw\FakeAVCeleb_v1.2\FakeAVCeleb_v1.2\RealVideo-RealAudio\Asian (South)\men\id04537\00083.mp4,RealVideo-RealAudio\Asian (South)\men\id04537\00083.mp4,RealVideo-RealAudio,0,real,Asian (South),men,id04537,00083.mp4,train
D:\SyncGuard\data\raw\FakeAVCeleb_v1.2\FakeAVCeleb_v1.2\FakeVideo-FakeAudio\Asian (South)\men\id03344\00114_id00103_qpTVaP4y5DQ_id03945_wavtolip.mp4,FakeVideo-FakeAudio\Asian (South)\men\id03344\00114_id00103_qpTVaP4y5DQ_id03945_wavtolip.mp4,FakeVideo-FakeAudio,1,fake,Asian (South),men,id03344,00114_id00103_qpTVaP4y5DQ_id03945_wavtolip.mp4,train
D:\SyncGuard\data\raw\FakeAVCeleb_v1.2\FakeAVCeleb_v1.2\RealVideo-FakeAudio\African\women\id01907\00148_fake.mp4,RealVideo-FakeAudio\African\women\id01907\00148_fake.mp4,RealVideo-FakeAudio,1,fake,African,women,id01907,00148_fake.mp4,train
D:\SyncGuard\data\raw\FakeAVCeleb_v1.2\FakeAVCeleb_v1.2\FakeVideo-RealAudio\Asian (East)\women\id00137\00025_id09125_wavtolip.mp4,FakeVideo-RealAudio\Asian (East)\women\id00137\00025_id09125_wavtolip.mp4,FakeVideo-RealAudio,1,fake,Asian (East),women,id00137,00025_id09125_wavtolip.mp4,validation
D:\SyncGuard\data\raw\FakeAVCeleb_v1.2\FakeAVCeleb_v1.2\RealVideo-FakeAudio\African\men\id02005\00052_fake.mp4,RealVideo-FakeAudio\African\men\id02005\00052_fake.mp4,RealVideo-FakeAudio,1,fake,African,men,id02005,00052_fake.mp4,train
D:\SyncGuard\data\raw\FakeAVCeleb_v1.2\FakeAVCeleb_v1.2\FakeVideo-RealAudio\Caucasian (European)\women\id00813\00169_id00395_wavtolip.mp4,FakeVideo-RealAudio\Caucasian (European)\women\id00813\00169_id00395_wavtolip.mp4,FakeVideo-RealAudio,1,fake,Caucasian (European),women,id00813,00169_id00395_wavtolip.mp4,train
D:\SyncGuard\data\raw\FakeAVCeleb_v1.2\FakeAVCeleb_v1.2\RealVideo-RealAudio\African\men\id02296\00019.mp4,RealVideo-RealAudio\African\men\id02296\00019.mp4,RealVideo-RealAudio,0,real,African,men,id02296,00019.mp4,train
D:\SyncGuard\data\raw\FakeAVCeleb_v1.2\FakeAVCeleb_v1.2\RealVideo-FakeAudio\Asian (South)\women\id06343\00023_fake.mp4,RealVideo-FakeAudio\Asian (South)\women\id06343\00023_fake.mp4,RealVideo-FakeAudio,1,fake,Asian (South),women,id06343,00023_fake.mp4,train
D:\SyncGuard\data\raw\FakeAVCeleb_v1.2\FakeAVCeleb_v1.2\FakeVideo-RealAudio\Caucasian (European)\women\id00042\00028_id00325_wavtolip.mp4,FakeVideo-RealAudio\Caucasian (European)\women\id00042\00028_id00325_wavtolip.mp4,FakeVideo-RealAudio,1,fake,Caucasian (European),women,id00042,00028_id00325_wavtolip.mp4,train
D:\SyncGuard\data\raw\FakeAVCeleb_v1.2\FakeAVCeleb_v1.2\RealVideo-RealAudio\Caucasian (American)\women\id00555\00005.mp4,RealVideo-RealAudio\Caucasian (American)\women\id00555\00005.mp4,RealVideo-RealAudio,0,real,Caucasian (American),women,id00555,00005.mp4,train
D:\SyncGuard\data\raw\FakeAVCeleb_v1.2\FakeAVCeleb_v1.2\RealVideo-FakeAudio\Asian (East)\women\id00430\00209_fake.mp4,RealVideo-FakeAudio\Asian (East)\women\id00430\00209_fake.mp4,RealVideo-FakeAudio,1,fake,Asian (East),women,id00430,00209_fake.mp4,train
D:\SyncGuard\data\raw\FakeAVCeleb_v1.2\FakeAVCeleb_v1.2\FakeVideo-RealAudio\Asian (East)\women\id04414\00001_id07799_gO6nidmxrJU.mp4,FakeVideo-RealAudio\Asian (East)\women\id04414\00001_id07799_gO6nidmxrJU.mp4,FakeVideo-RealAudio,1,fake,Asian (East),women,id04414,00001_id07799_gO6nidmxrJU.mp4,validation
D:\SyncGuard\data\raw\FakeAVCeleb_v1.2\FakeAVCeleb_v1.2\FakeVideo-RealAudio\Caucasian (European)\women\id00325\00015_id03858_wavtolip.mp4,FakeVideo-RealAudio\Caucasian (European)\women\id00325\00015_id03858_wavtolip.mp4,FakeVideo-RealAudio,1,fake,Caucasian (European),women,id00325,00015_id03858_wavtolip.mp4,train
D:\SyncGuard\data\raw\FakeAVCeleb_v1.2\FakeAVCeleb_v1.2\RealVideo-RealAudio\Asian (East)\men\id04222\00078.mp4,RealVideo-RealAudio\Asian (East)\men\id04222\00078.mp4,RealVideo-RealAudio,0,real,Asian (East),men,id04222,00078.mp4,train
D:\SyncGuard\data\raw\FakeAVCeleb_v1.2\FakeAVCeleb_v1.2\RealVideo-RealAudio\African\women\id01178\00028.mp4,RealVideo-RealAudio\African\women\id01178\00028.mp4,RealVideo-RealAudio,0,real,African,women,id01178,00028.mp4,train
D:\SyncGuard\data\raw\FakeAVCeleb_v1.2\FakeAVCeleb_v1.2\RealVideo-FakeAudio\Caucasian (European)\women\id03649\00001_fake.mp4,RealVideo-FakeAudio\Caucasian (European)\women\id03649\00001_fake.mp4,RealVideo-FakeAudio,1,fake,Caucasian (European),women,id03649,00001_fake.mp4,train
D:\SyncGuard\data\raw\FakeAVCeleb_v1.2\FakeAVCeleb_v1.2\RealVideo-FakeAudio\Caucasian (American)\women\id00398\00016_fake.mp4,RealVideo-FakeAudio\Caucasian (American)\women\id00398\00016_fake.mp4,RealVideo-FakeAudio,1,fake,Caucasian (American),women,id00398,00016_fake.mp4,train
D:\SyncGuard\data\raw\FakeAVCeleb_v1.2\FakeAVCeleb_v1.2\FakeVideo-RealAudio\Asian (East)\women\id05620\00005_id07383_G9gjJrz6L94.mp4,FakeVideo-RealAudio\Asian (East)\women\id05620\00005_id07383_G9gjJrz6L94.mp4,FakeVideo-RealAudio,1,fake,Asian (East),women,id05620,00005_id07383_G9gjJrz6L94.mp4,validation
D:\SyncGuard\data\raw\FakeAVCeleb_v1.2\FakeAVCeleb_v1.2\FakeVideo-FakeAudio\Caucasian (American)\men\id01124\00063_id00971_wavtolip.mp4,FakeVideo-FakeAudio\Caucasian (American)\men\id01124\00063_id00971_wavtolip.mp4,FakeVideo-FakeAudio,1,fake,Caucasian (American),men,id01124,00063_id00971_wavtolip.mp4,train
D:\SyncGuard\data\raw\FakeAVCeleb_v1.2\FakeAVCeleb_v1.2\RealVideo-FakeAudio\Caucasian (European)\women\id00332\00293_fake.mp4,RealVideo-FakeAudio\Caucasian (European)\women\id00332\00293_fake.mp4,RealVideo-FakeAudio,1,fake,Caucasian (European),women,id00332,00293_fake.mp4,validation
D:\SyncGuard\data\raw\FakeAVCeleb_v1.2\FakeAVCeleb_v1.2\FakeVideo-FakeAudio\Asian (South)\women\id07049\00043_id07078_sLVbTD3Dtgw_id03815_wavtolip.mp4,FakeVideo-FakeAudio\Asian (South)\women\id07049\00043_id07078_sLVbTD3Dtgw_id03815_wavtolip.mp4,FakeVideo-FakeAudio,1,fake,Asian (South),women,id07049,00043_id07078_sLVbTD3Dtgw_id03815_wavtolip.mp4,train
D:\SyncGuard\data\raw\FakeAVCeleb_v1.2\FakeAVCeleb_v1.2\FakeVideo-FakeAudio\Asian (South)\men\id04601\00118_id04560_RlpdjaEmxXQ_faceswap_id00459_wavtolip.mp4,FakeVideo-FakeAudio\Asian (South)\men\id04601\00118_id04560_RlpdjaEmxXQ_faceswap_id00459_wavtolip.mp4,FakeVideo-FakeAudio,1,fake,Asian (South),men,id04601,00118_id04560_RlpdjaEmxXQ_faceswap_id00459_wavtolip.mp4,train
D:\SyncGuard\data\raw\FakeAVCeleb_v1.2\FakeAVCeleb_v1.2\FakeVideo-FakeAudio\Asian (East)\women\id03379\00032_id06061_TckvmWR97vo_id05631_wavtolip.mp4,FakeVideo-FakeAudio\Asian (East)\women\id03379\00032_id06061_TckvmWR97vo_id05631_wavtolip.mp4,FakeVideo-FakeAudio,1,fake,Asian (East),women,id03379,00032_id06061_TckvmWR97vo_id05631_wavtolip.mp4,train
D:\SyncGuard\data\raw\FakeAVCeleb_v1.2\FakeAVCeleb_v1.2\RealVideo-FakeAudio\African\women\id00592\00017_fake.mp4,RealVideo-FakeAudio\African\women\id00592\00017_fake.mp4,RealVideo-FakeAudio,1,fake,African,women,id00592,00017_fake.mp4,train
D:\SyncGuard\data\raw\FakeAVCeleb_v1.2\FakeAVCeleb_v1.2\FakeVideo-RealAudio\African\men\id02494\00050_id01036_wavtolip.mp4,FakeVideo-RealAudio\African\men\id02494\00050_id01036_wavtolip.mp4,FakeVideo-RealAudio,1,fake,African,men,id02494,00050_id01036_wavtolip.mp4,train
D:\SyncGuard\data\raw\FakeAVCeleb_v1.2\FakeAVCeleb_v1.2\FakeVideo-RealAudio\Asian (South)\women\id04530\00231_id06343_wavtolip.mp4,FakeVideo-RealAudio\Asian (South)\women\id04530\00231_id06343_wavtolip.mp4,FakeVideo-RealAudio,1,fake,Asian (South),women,id04530,00231_id06343_wavtolip.mp4,train
D:\SyncGuard\data\raw\FakeAVCeleb_v1.2\FakeAVCeleb_v1.2\RealVideo-RealAudio\Asian (East)\women\id06427\00138.mp4,RealVideo-RealAudio\Asian (East)\women\id06427\00138.mp4,RealVideo-RealAudio,0,real,Asian (East),women,id06427,00138.mp4,test
D:\SyncGuard\data\raw\FakeAVCeleb_v1.2\FakeAVCeleb_v1.2\RealVideo-RealAudio\Asian (South)\men\id06354\00021.mp4,RealVideo-RealAudio\Asian (South)\men\id06354\00021.mp4,RealVideo-RealAudio,0,real,Asian (South),men,id06354,00021.mp4,train
D:\SyncGuard\data\raw\FakeAVCeleb_v1.2\FakeAVCeleb_v1.2\FakeVideo-RealAudio\Asian (South)\women\id07686\00254_id00461_Ort9NW3SJU4.mp4,FakeVideo-RealAudio\Asian (South)\women\id07686\00254_id00461_Ort9NW3SJU4.mp4,FakeVideo-RealAudio,1,fake,Asian (South),women,id07686,00254_id00461_Ort9NW3SJU4.mp4,train
D:\SyncGuard\data\raw\FakeAVCeleb_v1.2\FakeAVCeleb_v1.2\FakeVideo-FakeAudio\African\women\id05252\00052_id00460_wavtolip.mp4,FakeVideo-FakeAudio\African\women\id05252\00052_id00460_wavtolip.mp4,FakeVideo-FakeAudio,1,fake,African,women,id05252,00052_id00460_wavtolip.mp4,train
D:\SyncGuard\data\raw\FakeAVCeleb_v1.2\FakeAVCeleb_v1.2\FakeVideo-RealAudio\Caucasian (American)\women\id00381\00030_id00462_EMnGfAq9gg4.mp4,FakeVideo-RealAudio\Caucasian (American)\women\id00381\00030_id00462_EMnGfAq9gg4.mp4,FakeVideo-RealAudio,1,fake,Caucasian (American),women,id00381,00030_id00462_EMnGfAq9gg4.mp4,test
D:\SyncGuard\data\raw\FakeAVCeleb_v1.2\FakeAVCeleb_v1.2\FakeVideo-FakeAudio\African\men\id00076\00109_2_id01598_wavtolip.mp4,FakeVideo-FakeAudio\African\men\id00076\00109_2_id01598_wavtolip.mp4,FakeVideo-FakeAudio,1,fake,African,men,id00076,00109_2_id01598_wavtolip.mp4,train
D:\SyncGuard\data\raw\FakeAVCeleb_v1.2\FakeAVCeleb_v1.2\FakeVideo-FakeAudio\African\men\id01236\00005_id02296_wavtolip.mp4,FakeVideo-FakeAudio\African\men\id01236\00005_id02296_wavtolip.mp4,FakeVideo-FakeAudio,1,fake,African,men,id01236,00005_id02296_wavtolip.mp4,train
D:\SyncGuard\data\raw\FakeAVCeleb_v1.2\FakeAVCeleb_v1.2\RealVideo-FakeAudio\Asian (East)\women\id08397\00167_fake.mp4,RealVideo-FakeAudio\Asian (East)\women\id08397\00167_fake.mp4,RealVideo-FakeAudio,1,fake,Asian (East),women,id08397,00167_fake.mp4,train
D:\SyncGuard\data\raw\FakeAVCeleb_v1.2\FakeAVCeleb_v1.2\RealVideo-FakeAudio\Asian (East)\men\id06878\00001_fake.mp4,RealVideo-FakeAudio\Asian (East)\men\id06878\00001_fake.mp4,RealVideo-FakeAudio,1,fake,Asian (East),men,id06878,00001_fake.mp4,test
D:\SyncGuard\data\raw\FakeAVCeleb_v1.2\FakeAVCeleb_v1.2\RealVideo-FakeAudio\Caucasian (European)\women\id00813\00169_fake.mp4,RealVideo-FakeAudio\Caucasian (European)\women\id00813\00169_fake.mp4,RealVideo-FakeAudio,1,fake,Caucasian (European),women,id00813,00169_fake.mp4,train
D:\SyncGuard\data\raw\FakeAVCeleb_v1.2\FakeAVCeleb_v1.2\FakeVideo-FakeAudio\Caucasian (European)\women\id03858\00092_id00395_wM5kGJfTtEM_faceswap_id00496_wavtolip.mp4,FakeVideo-FakeAudio\Caucasian (European)\women\id03858\00092_id00395_wM5kGJfTtEM_faceswap_id00496_wavtolip.mp4,FakeVideo-FakeAudio,1,fake,Caucasian (European),women,id03858,00092_id00395_wM5kGJfTtEM_faceswap_id00496_wavtolip.mp4,train
D:\SyncGuard\data\raw\FakeAVCeleb_v1.2\FakeAVCeleb_v1.2\RealVideo-RealAudio\Caucasian (European)\men\id01102\00197.mp4,RealVideo-RealAudio\Caucasian (European)\men\id01102\00197.mp4,RealVideo-RealAudio,0,real,Caucasian (European),men,id01102,00197.mp4,test
D:\SyncGuard\data\raw\FakeAVCeleb_v1.2\FakeAVCeleb_v1.2\FakeVideo-FakeAudio\Asian (South)\men\id04601\00118_id00857_yJ7bbvwL4kU_id07768_wavtolip.mp4,FakeVideo-FakeAudio\Asian (South)\men\id04601\00118_id00857_yJ7bbvwL4kU_id07768_wavtolip.mp4,FakeVideo-FakeAudio,1,fake,Asian (South),men,id04601,00118_id00857_yJ7bbvwL4kU_id07768_wavtolip.mp4,train
D:\SyncGuard\data\raw\FakeAVCeleb_v1.2\FakeAVCeleb_v1.2\FakeVideo-FakeAudio\Caucasian (European)\men\id00306\00015_id01058_2DKbOjf3Wyo_faceswap_id00559_wavtolip.mp4,FakeVideo-FakeAudio\Caucasian (European)\men\id00306\00015_id01058_2DKbOjf3Wyo_faceswap_id00559_wavtolip.mp4,FakeVideo-FakeAudio,1,fake,Caucasian (European),men,id00306,00015_id01058_2DKbOjf3Wyo_faceswap_id00559_wavtolip.mp4,train
D:\SyncGuard\data\raw\FakeAVCeleb_v1.2\FakeAVCeleb_v1.2\FakeVideo-FakeAudio\Caucasian (American)\men\id01035\00012_id00021_6uNNej-JZ-c_id00169_wavtolip.mp4,FakeVideo-FakeAudio\Caucasian (American)\men\id01035\00012_id00021_6uNNej-JZ-c_id00169_wavtolip.mp4,FakeVideo-FakeAudio,1,fake,Caucasian (American),men,id01035,00012_id00021_6uNNej-JZ-c_id00169_wavtolip.mp4,train
D:\SyncGuard\data\raw\FakeAVCeleb_v1.2\FakeAVCeleb_v1.2\FakeVideo-RealAudio\Caucasian (American)\men\id00088\00005_id00243_oWwEIXM3oZQ.mp4,FakeVideo-RealAudio\Caucasian (American)\men\id00088\00005_id00243_oWwEIXM3oZQ.mp4,FakeVideo-RealAudio,1,fake,Caucasian (American),men,id00088,00005_id00243_oWwEIXM3oZQ.mp4,train
D:\SyncGuard\data\raw\FakeAVCeleb_v1.2\FakeAVCeleb_v1.2\RealVideo-RealAudio\Asian (East)\men\id04884\00028.mp4,RealVideo-RealAudio\Asian (East)\men\id04884\00028.mp4,RealVideo-RealAudio,0,real,Asian (East),men,id04884,00028.mp4,validation
D:\SyncGuard\data\raw\FakeAVCeleb_v1.2\FakeAVCeleb_v1.2\RealVideo-FakeAudio\African\men\id01521\00109_fake.mp4,RealVideo-FakeAudio\African\men\id01521\00109_fake.mp4,RealVideo-FakeAudio,1,fake,African,men,id01521,00109_fake.mp4,train
D:\SyncGuard\data\raw\FakeAVCeleb_v1.2\FakeAVCeleb_v1.2\FakeVideo-FakeAudio\Caucasian (American)\women\id00145\00043_id00458_wavtolip.mp4,FakeVideo-FakeAudio\Caucasian (American)\women\id00145\00043_id00458_wavtolip.mp4,FakeVideo-FakeAudio,1,fake,Caucasian (American),women,id00145,00043_id00458_wavtolip.mp4,train
D:\SyncGuard\data\raw\FakeAVCeleb_v1.2\FakeAVCeleb_v1.2\FakeVideo-FakeAudio\Asian (East)\women\id00763\00074_id02807_eFC0STvhou4_faceswap_id04144_wavtolip.mp4,FakeVideo-FakeAudio\Asian (East)\women\id00763\00074_id02807_eFC0STvhou4_faceswap_id04144_wavtolip.mp4,FakeVideo-FakeAudio,1,fake,Asian (East),women,id00763,00074_id02807_eFC0STvhou4_faceswap_id04144_wavtolip.mp4,train
D:\SyncGuard\data\raw\FakeAVCeleb_v1.2\FakeAVCeleb_v1.2\RealVideo-FakeAudio\Asian (East)\men\id00597\00019_fake.mp4,RealVideo-FakeAudio\Asian (East)\men\id00597\00019_fake.mp4,RealVideo-FakeAudio,1,fake,Asian (East),men,id00597,00019_fake.mp4,train
D:\SyncGuard\data\raw\FakeAVCeleb_v1.2\FakeAVCeleb_v1.2\FakeVideo-RealAudio\Asian (East)\women\id07799\00063_id06427_dBBAKe2EA_o_faceswap.mp4,FakeVideo-RealAudio\Asian (East)\women\id07799\00063_id06427_dBBAKe2EA_o_faceswap.mp4,FakeVideo-RealAudio,1,fake,Asian (East),women,id07799,00063_id06427_dBBAKe2EA_o_faceswap.mp4,validation
D:\SyncGuard\data\raw\FakeAVCeleb_v1.2\FakeAVCeleb_v1.2\FakeVideo-FakeAudio\Caucasian (American)\men\id01201\00028_id04221_wavtolip.mp4,FakeVideo-FakeAudio\Caucasian (American)\men\id01201\00028_id04221_wavtolip.mp4,FakeVideo-FakeAudio,1,fake,Caucasian (American),men,id01201,00028_id04221_wavtolip.mp4,train
D:\SyncGuard\data\raw\FakeAVCeleb_v1.2\FakeAVCeleb_v1.2\FakeVideo-RealAudio\Caucasian (European)\men\id00183\00015_1.mp4,FakeVideo-RealAudio\Caucasian (European)\men\id00183\00015_1.mp4,FakeVideo-RealAudio,1,fake,Caucasian (European),men,id00183,00015_1.mp4,test
D:\SyncGuard\data\raw\FakeAVCeleb_v1.2\FakeAVCeleb_v1.2\RealVideo-FakeAudio\Asian (East)\men\id06776\00021.mp4,RealVideo-FakeAudio\Asian (East)\men\id06776\00021.mp4,RealVideo-FakeAudio,1,fake,Asian (East),men,id06776,00021.mp4,train
D:\SyncGuard\data\raw\FakeAVCeleb_v1.2\FakeAVCeleb_v1.2\RealVideo-RealAudio\Caucasian (American)\women\id03696\00160.mp4,RealVideo-RealAudio\Caucasian (American)\women\id03696\00160.mp4,RealVideo-RealAudio,0,real,Caucasian (American),women,id03696,00160.mp4,train
D:\SyncGuard\data\raw\FakeAVCeleb_v1.2\FakeAVCeleb_v1.2\RealVideo-RealAudio\African\women\id00371\00099.mp4,RealVideo-RealAudio\African\women\id00371\00099.mp4,RealVideo-RealAudio,0,real,African,women,id00371,00099.mp4,test
D:\SyncGuard\data\raw\FakeAVCeleb_v1.2\FakeAVCeleb_v1.2\FakeVideo-FakeAudio\African\men\id01717\00005_id02005_7_Egh9mW5y4_faceswap_id01170_wavtolip.mp4,FakeVideo-FakeAudio\African\men\id01717\00005_id02005_7_Egh9mW5y4_faceswap_id01170_wavtolip.mp4,FakeVideo-FakeAudio,1,fake,African,men,id01717,00005_id02005_7_Egh9mW5y4_faceswap_id01170_wavtolip.mp4,train
D:\SyncGuard\data\raw\FakeAVCeleb_v1.2\FakeAVCeleb_v1.2\FakeVideo-FakeAudio\Asian (South)\men\id07768\00143_id08313_wavtolip.mp4,FakeVideo-FakeAudio\Asian (South)\men\id07768\00143_id08313_wavtolip.mp4,FakeVideo-FakeAudio,1,fake,Asian (South),men,id07768,00143_id08313_wavtolip.mp4,validation
D:\SyncGuard\data\raw\FakeAVCeleb_v1.2\FakeAVCeleb_v1.2\RealVideo-RealAudio\Caucasian (European)\women\id00330\00118.mp4,RealVideo-RealAudio\Caucasian (European)\women\id00330\00118.mp4,RealVideo-RealAudio,0,real,Caucasian (European),women,id00330,00118.mp4,train
D:\SyncGuard\data\raw\FakeAVCeleb_v1.2\FakeAVCeleb_v1.2\FakeVideo-FakeAudio\Caucasian (European)\women\id00071\00014_id00271_wavtolip.mp4,FakeVideo-FakeAudio\Caucasian (European)\women\id00071\00014_id00271_wavtolip.mp4,FakeVideo-FakeAudio,1,fake,Caucasian (European),women,id00071,00014_id00271_wavtolip.mp4,train
D:\SyncGuard\data\raw\FakeAVCeleb_v1.2\FakeAVCeleb_v1.2\RealVideo-RealAudio\African\men\id00944\00135.mp4,RealVideo-RealAudio\African\men\id00944\00135.mp4,RealVideo-RealAudio,0,real,African,men,id00944,00135.mp4,validation
D:\SyncGuard\data\raw\FakeAVCeleb_v1.2\FakeAVCeleb_v1.2\FakeVideo-FakeAudio\Caucasian (American)\women\id00381\00030_id00100_sZ0Ex4WUEgM_id03556_wavtolip.mp4,FakeVideo-FakeAudio\Caucasian (American)\women\id00381\00030_id00100_sZ0Ex4WUEgM_id03556_wavtolip.mp4,FakeVideo-FakeAudio,1,fake,Caucasian (American),women,id00381,00030_id00100_sZ0Ex4WUEgM_id03556_wavtolip.mp4,test
D:\SyncGuard\data\raw\FakeAVCeleb_v1.2\FakeAVCeleb_v1.2\RealVideo-RealAudio\Asian (East)\women\id06060\00219.mp4,RealVideo-RealAudio\Asian (East)\women\id06060\00219.mp4,RealVideo-RealAudio,0,real,Asian (East),women,id06060,00219.mp4,train
D:\SyncGuard\data\raw\FakeAVCeleb_v1.2\FakeAVCeleb_v1.2\RealVideo-FakeAudio\Caucasian (American)\men\id04219\00130_fake.mp4,RealVideo-FakeAudio\Caucasian (American)\men\id04219\00130_fake.mp4,RealVideo-FakeAudio,1,fake,Caucasian (American),men,id04219,00130_fake.mp4,train
D:\SyncGuard\data\raw\FakeAVCeleb_v1.2\FakeAVCeleb_v1.2\RealVideo-RealAudio\Asian (East)\men\id05332\00065.mp4,RealVideo-RealAudio\Asian (East)\men\id05332\00065.mp4,RealVideo-RealAudio,0,real,Asian (East),men,id05332,00065.mp4,train
D:\SyncGuard\data\raw\FakeAVCeleb_v1.2\FakeAVCeleb_v1.2\FakeVideo-FakeAudio\Asian (East)\men\id04774\00032_id06269_Jm9bEizIGBE_faceswap_id02493_wavtolip.mp4,FakeVideo-FakeAudio\Asian (East)\men\id04774\00032_id06269_Jm9bEizIGBE_faceswap_id02493_wavtolip.mp4,FakeVideo-FakeAudio,1,fake,Asian (East),men,id04774,00032_id06269_Jm9bEizIGBE_faceswap_id02493_wavtolip.mp4,train
D:\SyncGuard\data\raw\FakeAVCeleb_v1.2\FakeAVCeleb_v1.2\RealVideo-FakeAudio\Asian (South)\men\id00769\00015_fake.mp4,RealVideo-FakeAudio\Asian (South)\men\id00769\00015_fake.mp4,RealVideo-FakeAudio,1,fake,Asian (South),men,id00769,00015_fake.mp4,train
D:\SyncGuard\data\raw\FakeAVCeleb_v1.2\FakeAVCeleb_v1.2\FakeVideo-RealAudio\Caucasian (European)\men\id00999\00028_id00358_vsVwGKy79kM.mp4,FakeVideo-RealAudio\Caucasian (European)\men\id00999\00028_id00358_vsVwGKy79kM.mp4,FakeVideo-RealAudio,1,fake,Caucasian (European),men,id00999,00028_id00358_vsVwGKy79kM.mp4,train
D:\SyncGuard\data\raw\FakeAVCeleb_v1.2\FakeAVCeleb_v1.2\RealVideo-FakeAudio\Asian (South)\women\id00417\00069_fake.mp4,RealVideo-FakeAudio\Asian (South)\women\id00417\00069_fake.mp4,RealVideo-FakeAudio,1,fake,Asian (South),women,id00417,00069_fake.mp4,test
D:\SyncGuard\data\raw\FakeAVCeleb_v1.2\FakeAVCeleb_v1.2\FakeVideo-RealAudio\Asian (South)\women\id00043\00135_id04564_wavtolip.mp4,FakeVideo-RealAudio\Asian (South)\women\id00043\00135_id04564_wavtolip.mp4,FakeVideo-RealAudio,1,fake,Asian (South),women,id00043,00135_id04564_wavtolip.mp4,train
D:\SyncGuard\data\raw\FakeAVCeleb_v1.2\FakeAVCeleb_v1.2\FakeVideo-RealAudio\African\women\id02586\00042_id04939_i4v2cXo9HIQ.mp4,FakeVideo-RealAudio\African\women\id02586\00042_id04939_i4v2cXo9HIQ.mp4,FakeVideo-RealAudio,1,fake,African,women,id02586,00042_id04939_i4v2cXo9HIQ.mp4,test
D:\SyncGuard\data\raw\FakeAVCeleb_v1.2\FakeAVCeleb_v1.2\RealVideo-RealAudio\African\women\id04939\00174.mp4,RealVideo-RealAudio\African\women\id04939\00174.mp4,RealVideo-RealAudio,0,real,African,women,id04939,00174.mp4,test
D:\SyncGuard\data\raw\FakeAVCeleb_v1.2\FakeAVCeleb_v1.2\FakeVideo-RealAudio\Caucasian (European)\men\id01156\00078_id01102_aGFUkdgmo3A.mp4,FakeVideo-RealAudio\Caucasian (European)\men\id01156\00078_id01102_aGFUkdgmo3A.mp4,FakeVideo-RealAudio,1,fake,Caucasian (European),men,id01156,00078_id01102_aGFUkdgmo3A.mp4,train
D:\SyncGuard\data\raw\FakeAVCeleb_v1.2\FakeAVCeleb_v1.2\FakeVideo-RealAudio\Asian (East)\men\id06467\00010_id00740_Gn7jhAvAPaE.mp4,FakeVideo-RealAudio\Asian (East)\men\id06467\00010_id00740_Gn7jhAvAPaE.mp4,FakeVideo-RealAudio,1,fake,Asian (East),men,id06467,00010_id00740_Gn7jhAvAPaE.mp4,train
D:\SyncGuard\data\raw\FakeAVCeleb_v1.2\FakeAVCeleb_v1.2\RealVideo-FakeAudio\Asian (South)\women\id05920\00161_fake.mp4,RealVideo-FakeAudio\Asian (South)\women\id05920\00161_fake.mp4,RealVideo-FakeAudio,1,fake,Asian (South),women,id05920,00161_fake.mp4,train
D:\SyncGuard\data\raw\FakeAVCeleb_v1.2\FakeAVCeleb_v1.2\FakeVideo-FakeAudio\Asian (South)\women\id00747\00053_id02310_zA-8Pw0SvZg_faceswap_id06437_wavtolip.mp4,FakeVideo-FakeAudio\Asian (South)\women\id00747\00053_id02310_zA-8Pw0SvZg_faceswap_id06437_wavtolip.mp4,FakeVideo-FakeAudio,1,fake,Asian (South),women,id00747,00053_id02310_zA-8Pw0SvZg_faceswap_id06437_wavtolip.mp4,train
D:\SyncGuard\data\raw\FakeAVCeleb_v1.2\FakeAVCeleb_v1.2\FakeVideo-RealAudio\Caucasian (European)\men\id01052\00076_id00709_Rh23ELMGsIQ_faceswap.mp4,FakeVideo-RealAudio\Caucasian (European)\men\id01052\00076_id00709_Rh23ELMGsIQ_faceswap.mp4,FakeVideo-RealAudio,1,fake,Caucasian (European),men,id01052,00076_id00709_Rh23ELMGsIQ_faceswap.mp4,train
D:\SyncGuard\data\raw\FakeAVCeleb_v1.2\FakeAVCeleb_v1.2\RealVideo-RealAudio\Asian (South)\men\id07195\00186.mp4,RealVideo-RealAudio\Asian (South)\men\id07195\00186.mp4,RealVideo-RealAudio,0,real,Asian (South),men,id07195,00186.mp4,train
D:\SyncGuard\data\raw\FakeAVCeleb_v1.2\FakeAVCeleb_v1.2\FakeVideo-RealAudio\Caucasian (European)\men\id00498\00014_id00241_DlI4wqSFwbI.mp4,FakeVideo-RealAudio\Caucasian (European)\men\id00498\00014_id00241_DlI4wqSFwbI.mp4,FakeVideo-RealAudio,1,fake,Caucasian (European),men,id00498,00014_id00241_DlI4wqSFwbI.mp4,train
D:\SyncGuard\data\raw\FakeAVCeleb_v1.2\FakeAVCeleb_v1.2\RealVideo-FakeAudio\Caucasian (American)\men\id04221\00053_fake.mp4,RealVideo-FakeAudio\Caucasian (American)\men\id04221\00053_fake.mp4,RealVideo-FakeAudio,1,fake,Caucasian (American),men,id04221,00053_fake.mp4,train
D:\SyncGuard\data\raw\FakeAVCeleb_v1.2\FakeAVCeleb_v1.2\RealVideo-FakeAudio\Asian (East)\men\id00740\00015_fake.mp4,RealVideo-FakeAudio\Asian (East)\men\id00740\00015_fake.mp4,RealVideo-FakeAudio,1,fake,Asian (East),men,id00740,00015_fake.mp4,validation
D:\SyncGuard\data\raw\FakeAVCeleb_v1.2\FakeAVCeleb_v1.2\FakeVideo-FakeAudio\African\women\id00359\00053_id01838_q_lUk55OrL0_faceswap_id04736_wavtolip.mp4,FakeVideo-FakeAudio\African\women\id00359\00053_id01838_q_lUk55OrL0_faceswap_id04736_wavtolip.mp4,FakeVideo-FakeAudio,1,fake,African,women,id00359,00053_id01838_q_lUk55OrL0_faceswap_id04736_wavtolip.mp4,train
D:\SyncGuard\data\raw\FakeAVCeleb_v1.2\FakeAVCeleb_v1.2\RealVideo-FakeAudio\Asian (South)\men\id08457\00417_fake.mp4,RealVideo-FakeAudio\Asian (South)\men\id08457\00417_fake.mp4,RealVideo-FakeAudio,1,fake,Asian (South),men,id08457,00417_fake.mp4,validation
D:\SyncGuard\data\raw\FakeAVCeleb_v1.2\FakeAVCeleb_v1.2\FakeVideo-FakeAudio\Caucasian (American)\men\id04073\00021_id00529_xtx2GeQN-DQ_id01210_wavtolip.mp4,FakeVideo-FakeAudio\Caucasian (American)\men\id04073\00021_id00529_xtx2GeQN-DQ_id01210_wavtolip.mp4,FakeVideo-FakeAudio,1,fake,Caucasian (American),men,id04073,00021_id00529_xtx2GeQN-DQ_id01210_wavtolip.mp4,validation
D:\SyncGuard\data\raw\FakeAVCeleb_v1.2\FakeAVCeleb_v1.2\RealVideo-FakeAudio\African\men\id04727\00007_fake.mp4,RealVideo-FakeAudio\African\men\id04727\00007_fake.mp4,RealVideo-FakeAudio,1,fake,African,men,id04727,00007_fake.mp4,train
D:\SyncGuard\data\raw\FakeAVCeleb_v1.2\FakeAVCeleb_v1.2\RealVideo-FakeAudio\Caucasian (American)\men\id00049\00118_fake.mp4,RealVideo-FakeAudio\Caucasian (American)\men\id00049\00118_fake.mp4,RealVideo-FakeAudio,1,fake,Caucasian (American),men,id00049,00118_fake.mp4,train
D:\SyncGuard\data\raw\FakeAVCeleb_v1.2\FakeAVCeleb_v1.2\FakeVideo-RealAudio\Caucasian (European)\women\id00826\00065_id03716_wavtolip.mp4,FakeVideo-RealAudio\Caucasian (European)\women\id00826\00065_id03716_wavtolip.mp4,FakeVideo-RealAudio,1,fake,Caucasian (European),women,id00826,00065_id03716_wavtolip.mp4,train
D:\SyncGuard\data\raw\FakeAVCeleb_v1.2\FakeAVCeleb_v1.2\FakeVideo-RealAudio\Asian (East)\men\id02553\00043_id09053_6baCAGutGFg.mp4,FakeVideo-RealAudio\Asian (East)\men\id02553\00043_id09053_6baCAGutGFg.mp4,FakeVideo-RealAudio,1,fake,Asian (East),men,id02553,00043_id09053_6baCAGutGFg.mp4,train
D:\SyncGuard\data\raw\FakeAVCeleb_v1.2\FakeAVCeleb_v1.2\RealVideo-RealAudio\Caucasian (American)\men\id01201\00028.mp4,RealVideo-RealAudio\Caucasian (American)\men\id01201\00028.mp4,RealVideo-RealAudio,0,real,Caucasian (American),men,id01201,00028.mp4,train
D:\SyncGuard\data\raw\FakeAVCeleb_v1.2\FakeAVCeleb_v1.2\RealVideo-FakeAudio\Asian (South)\men\id07182\00040_fake.mp4,RealVideo-FakeAudio\Asian (South)\men\id07182\00040_fake.mp4,RealVideo-FakeAudio,1,fake,Asian (South),men,id07182,00040_fake.mp4,train
D:\SyncGuard\data\raw\FakeAVCeleb_v1.2\FakeAVCeleb_v1.2\FakeVideo-FakeAudio\African\men\id00173\00118_id01691_wavtolip.mp4,FakeVideo-FakeAudio\African\men\id00173\00118_id01691_wavtolip.mp4,FakeVideo-FakeAudio,1,fake,African,men,id00173,00118_id01691_wavtolip.mp4,train
D:\SyncGuard\data\raw\FakeAVCeleb_v1.2\FakeAVCeleb_v1.2\RealVideo-RealAudio\African\men\id02051\00015.mp4,RealVideo-RealAudio\African\men\id02051\00015.mp4,RealVideo-RealAudio,0,real,African,men,id02051,00015.mp4,train
D:\SyncGuard\data\raw\FakeAVCeleb_v1.2\FakeAVCeleb_v1.2\FakeVideo-FakeAudio\Caucasian (American)\men\id01192\00217_id00775_yeCUxHgUHxc_id01201_wavtolip.mp4,FakeVideo-FakeAudio\Caucasian (American)\men\id01192\00217_id00775_yeCUxHgUHxc_id01201_wavtolip.mp4,FakeVideo-FakeAudio,1,fake,Caucasian (American),men,id01192,00217_id00775_yeCUxHgUHxc_id01201_wavtolip.mp4,train
D:\SyncGuard\data\raw\FakeAVCeleb_v1.2\FakeAVCeleb_v1.2\RealVideo-RealAudio\African\women\id02617\00028.mp4,RealVideo-RealAudio\African\women\id02617\00028.mp4,RealVideo-RealAudio,0,real,African,women,id02617,00028.mp4,test
D:\SyncGuard\data\raw\FakeAVCeleb_v1.2\FakeAVCeleb_v1.2\RealVideo-FakeAudio\Asian (East)\women\id05844\00072_fake.mp4,RealVideo-FakeAudio\Asian (East)\women\id05844\00072_fake.mp4,RealVideo-FakeAudio,1,fake,Asian (East),women,id05844,00072_fake.mp4,train
D:\SyncGuard\data\raw\FakeAVCeleb_v1.2\FakeAVCeleb_v1.2\RealVideo-RealAudio\Caucasian (American)\men\id00971\00253.mp4,RealVideo-RealAudio\Caucasian (American)\men\id00971\00253.mp4,RealVideo-RealAudio,0,real,Caucasian (American),men,id00971,00253.mp4,test
D:\SyncGuard\data\raw\FakeAVCeleb_v1.2\FakeAVCeleb_v1.2\FakeVideo-FakeAudio\Caucasian (American)\men\id01044\00336_id03525_5qVmWkkCk3k_id00243_wavtolip.mp4,FakeVideo-FakeAudio\Caucasian (American)\men\id01044\00336_id03525_5qVmWkkCk3k_id00243_wavtolip.mp4,FakeVideo-FakeAudio,1,fake,Caucasian (American),men,id01044,00336_id03525_5qVmWkkCk3k_id00243_wavtolip.mp4,train
D:\SyncGuard\data\raw\FakeAVCeleb_v1.2\FakeAVCeleb_v1.2\FakeVideo-FakeAudio\Caucasian (American)\men\id00243\00037_id01182_zca-PHR_U40_id03525_wavtolip.mp4,FakeVideo-FakeAudio\Caucasian (American)\men\id00243\00037_id01182_zca-PHR_U40_id03525_wavtolip.mp4,FakeVideo-FakeAudio,1,fake,Caucasian (American),men,id00243,00037_id01182_zca-PHR_U40_id03525_wavtolip.mp4,train
D:\SyncGuard\data\raw\FakeAVCeleb_v1.2\FakeAVCeleb_v1.2\FakeVideo-FakeAudio\Caucasian (European)\women\id00589\00130_id00591_1Jo8xElXQMs_id03620_wavtolip.mp4,FakeVideo-FakeAudio\Caucasian (European)\women\id00589\00130_id00591_1Jo8xElXQMs_id03620_wavtolip.mp4,FakeVideo-FakeAudio,1,fake,Caucasian (European),women,id00589,00130_id00591_1Jo8xElXQMs_id03620_wavtolip.mp4,validation
D:\SyncGuard\data\raw\FakeAVCeleb_v1.2\FakeAVCeleb_v1.2\RealVideo-FakeAudio\Caucasian (European)\men\id00253\00021_fake.mp4,RealVideo-FakeAudio\Caucasian (European)\men\id00253\00021_fake.mp4,RealVideo-FakeAudio,1,fake,Caucasian (European),men,id00253,00021_fake.mp4,train
D:\SyncGuard\data\raw\FakeAVCeleb_v1.2\FakeAVCeleb_v1.2\RealVideo-FakeAudio\African\men\id02342\00191_fake.mp4,RealVideo-FakeAudio\African\men\id02342\00191_fake.mp4,RealVideo-FakeAudio,1,fake,African,men,id02342,00191_fake.mp4,train
D:\SyncGuard\data\raw\FakeAVCeleb_v1.2\FakeAVCeleb_v1.2\RealVideo-RealAudio\African\men\id01236\00005.mp4,RealVideo-RealAudio\African\men\id01236\00005.mp4,RealVideo-RealAudio,0,real,African,men,id01236,00005.mp4,train
D:\SyncGuard\data\raw\FakeAVCeleb_v1.2\FakeAVCeleb_v1.2\FakeVideo-FakeAudio\Asian (South)\women\id06445\00150_id04530_wavtolip.mp4,FakeVideo-FakeAudio\Asian (South)\women\id06445\00150_id04530_wavtolip.mp4,FakeVideo-FakeAudio,1,fake,Asian (South),women,id06445,00150_id04530_wavtolip.mp4,train
D:\SyncGuard\data\raw\FakeAVCeleb_v1.2\FakeAVCeleb_v1.2\RealVideo-RealAudio\Asian (South)\men\id06355\00347.mp4,RealVideo-RealAudio\Asian (South)\men\id06355\00347.mp4,RealVideo-RealAudio,0,real,Asian (South),men,id06355,00347.mp4,train
D:\SyncGuard\data\raw\FakeAVCeleb_v1.2\FakeAVCeleb_v1.2\RealVideo-RealAudio\Asian (South)\women\id00149\00284.mp4,RealVideo-RealAudio\Asian (South)\women\id00149\00284.mp4,RealVideo-RealAudio,0,real,Asian (South),women,id00149,00284.mp4,train
D:\SyncGuard\data\raw\FakeAVCeleb_v1.2\FakeAVCeleb_v1.2\RealVideo-RealAudio\African\men\id02494\00050.mp4,RealVideo-RealAudio\African\men\id02494\00050.mp4,RealVideo-RealAudio,0,real,African,men,id02494,00050.mp4,train
D:\SyncGuard\data\raw\FakeAVCeleb_v1.2\FakeAVCeleb_v1.2\FakeVideo-RealAudio\Caucasian (American)\women\id00618\00195_id01231_XXpYdOHUF-g.mp4,FakeVideo-RealAudio\Caucasian (American)\women\id00618\00195_id01231_XXpYdOHUF-g.mp4,FakeVideo-RealAudio,1,fake,Caucasian (American),women,id00618,00195_id01231_XXpYdOHUF-g.mp4,train
D:\SyncGuard\data\raw\FakeAVCeleb_v1.2\FakeAVCeleb_v1.2\FakeVideo-FakeAudio\African\men\id01521\00109_id00987_wavtolip.mp4,FakeVideo-FakeAudio\African\men\id01521\00109_id00987_wavtolip.mp4,FakeVideo-FakeAudio,1,fake,African,men,id01521,00109_id00987_wavtolip.mp4,train
D:\SyncGuard\data\raw\FakeAVCeleb_v1.2\FakeAVCeleb_v1.2\RealVideo-FakeAudio\Caucasian (European)\women\id03941\00021_fake.mp4,RealVideo-FakeAudio\Caucasian (European)\women\id03941\00021_fake.mp4,RealVideo-FakeAudio,1,fake,Caucasian (European),women,id03941,00021_fake.mp4,train
D:\SyncGuard\data\raw\FakeAVCeleb_v1.2\FakeAVCeleb_v1.2\FakeVideo-FakeAudio\Asian (South)\women\id03559\00023_id04070_wavtolip.mp4,FakeVideo-FakeAudio\Asian (South)\women\id03559\00023_id04070_wavtolip.mp4,FakeVideo-FakeAudio,1,fake,Asian (South),women,id03559,00023_id04070_wavtolip.mp4,train
D:\SyncGuard\data\raw\FakeAVCeleb_v1.2\FakeAVCeleb_v1.2\RealVideo-RealAudio\Caucasian (American)\women\id00428\00017.mp4,RealVideo-RealAudio\Caucasian (American)\women\id00428\00017.mp4,RealVideo-RealAudio,0,real,Caucasian (American),women,id00428,00017.mp4,train
D:\SyncGuard\data\raw\FakeAVCeleb_v1.2\FakeAVCeleb_v1.2\RealVideo-FakeAudio\Asian (South)\women\id00149\00284_fake.mp4,RealVideo-FakeAudio\Asian (South)\women\id00149\00284_fake.mp4,RealVideo-FakeAudio,1,fake,Asian (South),women,id00149,00284_fake.mp4,train
D:\SyncGuard\data\raw\FakeAVCeleb_v1.2\FakeAVCeleb_v1.2\FakeVideo-RealAudio\African\women\id04437\00002_id05235_wavtolip.mp4,FakeVideo-RealAudio\African\women\id04437\00002_id05235_wavtolip.mp4,FakeVideo-RealAudio,1,fake,African,women,id04437,00002_id05235_wavtolip.mp4,test
D:\SyncGuard\data\raw\FakeAVCeleb_v1.2\FakeAVCeleb_v1.2\RealVideo-FakeAudio\Caucasian (European)\women\id00581\00010_fake.mp4,RealVideo-FakeAudio\Caucasian (European)\women\id00581\00010_fake.mp4,RealVideo-FakeAudio,1,fake,Caucasian (European),women,id00581,00010_fake.mp4,train
D:\SyncGuard\data\raw\FakeAVCeleb_v1.2\FakeAVCeleb_v1.2\RealVideo-FakeAudio\Asian (South)\men\id07058\00010_fake.mp4,RealVideo-FakeAudio\Asian (South)\men\id07058\00010_fake.mp4,RealVideo-FakeAudio,1,fake,Asian (South),men,id07058,00010_fake.mp4,train
D:\SyncGuard\data\raw\FakeAVCeleb_v1.2\FakeAVCeleb_v1.2\FakeVideo-FakeAudio\Asian (South)\women\id04490\00054_id00739_CT-6UmfLiU0_id06439_wavtolip.mp4,FakeVideo-FakeAudio\Asian (South)\women\id04490\00054_id00739_CT-6UmfLiU0_id06439_wavtolip.mp4,FakeVideo-FakeAudio,1,fake,Asian (South),women,id04490,00054_id00739_CT-6UmfLiU0_id06439_wavtolip.mp4,validation
D:\SyncGuard\data\raw\FakeAVCeleb_v1.2\FakeAVCeleb_v1.2\FakeVideo-FakeAudio\Asian (East)\men\id06878\00001_id01683_wavtolip.mp4,FakeVideo-FakeAudio\Asian (East)\men\id06878\00001_id01683_wavtolip.mp4,FakeVideo-FakeAudio,1,fake,Asian (East),men,id06878,00001_id01683_wavtolip.mp4,test
D:\SyncGuard\data\raw\FakeAVCeleb_v1.2\FakeAVCeleb_v1.2\RealVideo-RealAudio\Asian (South)\women\id00043\00135.mp4,RealVideo-RealAudio\Asian (South)\women\id00043\00135.mp4,RealVideo-RealAudio,0,real,Asian (South),women,id00043,00135.mp4,train
D:\SyncGuard\data\raw\FakeAVCeleb_v1.2\FakeAVCeleb_v1.2\FakeVideo-FakeAudio\Asian (South)\women\id00080\00281_id04070_F3CgrqRjcgw_id03815_wavtolip.mp4,FakeVideo-FakeAudio\Asian (South)\women\id00080\00281_id04070_F3CgrqRjcgw_id03815_wavtolip.mp4,FakeVideo-FakeAudio,1,fake,Asian (South),women,id00080,00281_id04070_F3CgrqRjcgw_id03815_wavtolip.mp4,test
D:\SyncGuard\data\raw\FakeAVCeleb_v1.2\FakeAVCeleb_v1.2\FakeVideo-FakeAudio\Asian (South)\men\id00033\00276_id00032_AQMDc6SKNXs_id00082_wavtolip.mp4,FakeVideo-FakeAudio\Asian (South)\men\id00033\00276_id00032_AQMDc6SKNXs_id00082_wavtolip.mp4,FakeVideo-FakeAudio,1,fake,Asian (South),men,id00033,00276_id00032_AQMDc6SKNXs_id00082_wavtolip.mp4,train
D:\SyncGuard\data\raw\FakeAVCeleb_v1.2\FakeAVCeleb_v1.2\RealVideo-FakeAudio\Asian (South)\women\id07686\00254_fake.mp4,RealVideo-FakeAudio\Asian (South)\women\id07686\00254_fake.mp4,RealVideo-FakeAudio,1,fake,Asian (South),women,id07686,00254_fake.mp4,train
D:\SyncGuard\data\raw\FakeAVCeleb_v1.2\FakeAVCeleb_v1.2\RealVideo-RealAudio\Caucasian (American)\men\id01035\00012.mp4,RealVideo-RealAudio\Caucasian (American)\men\id01035\00012.mp4,RealVideo-RealAudio,0,real,Caucasian (American),men,id01035,00012.mp4,train
D:\SyncGuard\data\raw\FakeAVCeleb_v1.2\FakeAVCeleb_v1.2\RealVideo-FakeAudio\Caucasian (European)\women\id00495\00027_fake.mp4,RealVideo-FakeAudio\Caucasian (European)\women\id00495\00027_fake.mp4,RealVideo-FakeAudio,1,fake,Caucasian (European),women,id00495,00027_fake.mp4,validation
D:\SyncGuard\data\raw\FakeAVCeleb_v1.2\FakeAVCeleb_v1.2\RealVideo-RealAudio\Caucasian (American)\men\id01182\00167.mp4,RealVideo-RealAudio\Caucasian (American)\men\id01182\00167.mp4,RealVideo-RealAudio,0,real,Caucasian (American),men,id01182,00167.mp4,test
D:\SyncGuard\data\raw\FakeAVCeleb_v1.2\FakeAVCeleb_v1.2\FakeVideo-RealAudio\Asian (South)\women\id04529\00186_id07136_wavtolip.mp4,FakeVideo-RealAudio\Asian (South)\women\id04529\00186_id07136_wavtolip.mp4,FakeVideo-RealAudio,1,fake,Asian (South),women,id04529,00186_id07136_wavtolip.mp4,validation
D:\SyncGuard\data\raw\FakeAVCeleb_v1.2\FakeAVCeleb_v1.2\FakeVideo-FakeAudio\Asian (South)\women\id02619\00015_id05434_wavtolip.mp4,FakeVideo-FakeAudio\Asian (South)\women\id02619\00015_id05434_wavtolip.mp4,FakeVideo-FakeAudio,1,fake,Asian (South),women,id02619,00015_id05434_wavtolip.mp4,train
D:\SyncGuard\data\raw\FakeAVCeleb_v1.2\FakeAVCeleb_v1.2\FakeVideo-FakeAudio\Asian (South)\men\id04526\00317_id07768_mD6x-0ihLOI_id07210_wavtolip.mp4,FakeVideo-FakeAudio\Asian (South)\men\id04526\00317_id07768_mD6x-0ihLOI_id07210_wavtolip.mp4,FakeVideo-FakeAudio,1,fake,Asian (South),men,id04526,00317_id07768_mD6x-0ihLOI_id07210_wavtolip.mp4,test
D:\SyncGuard\data\raw\FakeAVCeleb_v1.2\FakeAVCeleb_v1.2\RealVideo-RealAudio\Asian (South)\men\id07108\00412.mp4,RealVideo-RealAudio\Asian (South)\men\id07108\00412.mp4,RealVideo-RealAudio,0,real,Asian (South),men,id07108,00412.mp4,train
D:\SyncGuard\data\raw\FakeAVCeleb_v1.2\FakeAVCeleb_v1.2\RealVideo-RealAudio\African\men\id00830\00143.mp4,RealVideo-RealAudio\African\men\id00830\00143.mp4,RealVideo-RealAudio,0,real,African,men,id00830,00143.mp4,train
D:\SyncGuard\data\raw\FakeAVCeleb_v1.2\FakeAVCeleb_v1.2\FakeVideo-FakeAudio\Caucasian (European)\men\id00919\00063_id02567_4Ao5jgpSXdw_id00519_wavtolip.mp4,FakeVideo-FakeAudio\Caucasian (European)\men\id00919\00063_id02567_4Ao5jgpSXdw_id00519_wavtolip.mp4,FakeVideo-FakeAudio,1,fake,Caucasian (European),men,id00919,00063_id02567_4Ao5jgpSXdw_id00519_wavtolip.mp4,train
D:\SyncGuard\data\raw\FakeAVCeleb_v1.2\FakeAVCeleb_v1.2\FakeVideo-RealAudio\Caucasian (European)\women\id03816\00093_id00491_wavtolip.mp4,FakeVideo-RealAudio\Caucasian (European)\women\id03816\00093_id00491_wavtolip.mp4,FakeVideo-RealAudio,1,fake,Caucasian (European),women,id03816,00093_id00491_wavtolip.mp4,train
D:\SyncGuard\data\raw\FakeAVCeleb_v1.2\FakeAVCeleb_v1.2\FakeVideo-FakeAudio\Caucasian (American)\men\id01105\00083_id00945_wavtolip.mp4,FakeVideo-FakeAudio\Caucasian (American)\men\id01105\00083_id00945_wavtolip.mp4,FakeVideo-FakeAudio,1,fake,Caucasian (American),men,id01105,00083_id00945_wavtolip.mp4,train
D:\SyncGuard\data\raw\FakeAVCeleb_v1.2\FakeAVCeleb_v1.2\RealVideo-RealAudio\Asian (South)\women\id01026\00083.mp4,RealVideo-RealAudio\Asian (South)\women\id01026\00083.mp4,RealVideo-RealAudio,0,real,Asian (South),women,id01026,00083.mp4,train
D:\SyncGuard\data\raw\FakeAVCeleb_v1.2\FakeAVCeleb_v1.2\RealVideo-FakeAudio\Asian (East)\women\id08139\00067_fake.mp4,RealVideo-FakeAudio\Asian (East)\women\id08139\00067_fake.mp4,RealVideo-FakeAudio,1,fake,Asian (East),women,id08139,00067_fake.mp4,train
D:\SyncGuard\data\raw\FakeAVCeleb_v1.2\FakeAVCeleb_v1.2\FakeVideo-RealAudio\Caucasian (European)\men\id01098\00044_id01052_Kf4nlIEHfaU.mp4,FakeVideo-RealAudio\Caucasian (European)\men\id01098\00044_id01052_Kf4nlIEHfaU.mp4,FakeVideo-RealAudio,1,fake,Caucasian (European),men,id01098,00044_id01052_Kf4nlIEHfaU.mp4,test
D:\SyncGuard\data\raw\FakeAVCeleb_v1.2\FakeAVCeleb_v1.2\RealVideo-RealAudio\Caucasian (American)\women\id01231\00015.mp4,RealVideo-RealAudio\Caucasian (American)\women\id01231\00015.mp4,RealVideo-RealAudio,0,real,Caucasian (American),women,id01231,00015.mp4,train
D:\SyncGuard\data\raw\FakeAVCeleb_v1.2\FakeAVCeleb_v1.2\RealVideo-FakeAudio\Asian (East)\men\id03889\00052_fake.mp4,RealVideo-FakeAudio\Asian (East)\men\id03889\00052_fake.mp4,RealVideo-FakeAudio,1,fake,Asian (East),men,id03889,00052_fake.mp4,train
D:\SyncGuard\data\raw\FakeAVCeleb_v1.2\FakeAVCeleb_v1.2\RealVideo-FakeAudio\Caucasian (American)\men\id01042\00154_fake.mp4,RealVideo-FakeAudio\Caucasian (American)\men\id01042\00154_fake.mp4,RealVideo-FakeAudio,1,fake,Caucasian (American),men,id01042,00154_fake.mp4,train
D:\SyncGuard\data\raw\FakeAVCeleb_v1.2\FakeAVCeleb_v1.2\FakeVideo-RealAudio\Asian (South)\women\id04582\00180_id06439_wavtolip.mp4,FakeVideo-RealAudio\Asian (South)\women\id04582\00180_id06439_wavtolip.mp4,FakeVideo-RealAudio,1,fake,Asian (South),women,id04582,00180_id06439_wavtolip.mp4,test
D:\SyncGuard\data\raw\FakeAVCeleb_v1.2\FakeAVCeleb_v1.2\FakeVideo-FakeAudio\Caucasian (American)\men\id00708\00043_id01105_wavtolip.mp4,FakeVideo-FakeAudio\Caucasian (American)\men\id00708\00043_id01105_wavtolip.mp4,FakeVideo-FakeAudio,1,fake,Caucasian (American),men,id00708,00043_id01105_wavtolip.mp4,train
D:\SyncGuard\data\raw\FakeAVCeleb_v1.2\FakeAVCeleb_v1.2\RealVideo-FakeAudio\Caucasian (European)\women\id00491\00122_fake.mp4,RealVideo-FakeAudio\Caucasian (European)\women\id00491\00122_fake.mp4,RealVideo-FakeAudio,1,fake,Caucasian (European),women,id00491,00122_fake.mp4,train
D:\SyncGuard\data\raw\FakeAVCeleb_v1.2\FakeAVCeleb_v1.2\RealVideo-RealAudio\Asian (South)\women\id06232\00025.mp4,RealVideo-RealAudio\Asian (South)\women\id06232\00025.mp4,RealVideo-RealAudio,0,real,Asian (South),women,id06232,00025.mp4,test
D:\SyncGuard\data\raw\FakeAVCeleb_v1.2\FakeAVCeleb_v1.2\RealVideo-FakeAudio\African\women\id00832\00078_fake.mp4,RealVideo-FakeAudio\African\women\id00832\00078_fake.mp4,RealVideo-FakeAudio,1,fake,African,women,id00832,00078_fake.mp4,train
D:\SyncGuard\data\raw\FakeAVCeleb_v1.2\FakeAVCeleb_v1.2\FakeVideo-RealAudio\Caucasian (American)\women\id00145\00043_id01223_TO3ym8Gwp7k.mp4,FakeVideo-RealAudio\Caucasian (American)\women\id00145\00043_id01223_TO3ym8Gwp7k.mp4,FakeVideo-RealAudio,1,fake,Caucasian (American),women,id00145,00043_id01223_TO3ym8Gwp7k.mp4,train
D:\SyncGuard\data\raw\FakeAVCeleb_v1.2\FakeAVCeleb_v1.2\RealVideo-FakeAudio\Caucasian (American)\men\id00943\00304_fake.mp4,RealVideo-FakeAudio\Caucasian (American)\men\id00943\00304_fake.mp4,RealVideo-FakeAudio,1,fake,Caucasian (American),men,id00943,00304_fake.mp4,train
D:\SyncGuard\data\raw\FakeAVCeleb_v1.2\FakeAVCeleb_v1.2\FakeVideo-RealAudio\Caucasian (American)\women\id01217\00005_id00145_wavtolip.mp4,FakeVideo-RealAudio\Caucasian (American)\women\id01217\00005_id00145_wavtolip.mp4,FakeVideo-RealAudio,1,fake,Caucasian (American),women,id01217,00005_id00145_wavtolip.mp4,train
D:\SyncGuard\data\raw\FakeAVCeleb_v1.2\FakeAVCeleb_v1.2\RealVideo-RealAudio\African\women\id02808\00056.mp4,RealVideo-RealAudio\African\women\id02808\00056.mp4,RealVideo-RealAudio,0,real,African,women,id02808,00056.mp4,train
D:\SyncGuard\data\raw\FakeAVCeleb_v1.2\FakeAVCeleb_v1.2\RealVideo-RealAudio\African\men\id02316\00094.mp4,RealVideo-RealAudio\African\men\id02316\00094.mp4,RealVideo-RealAudio,0,real,African,men,id02316,00094.mp4,train
D:\SyncGuard\data\raw\FakeAVCeleb_v1.2\FakeAVCeleb_v1.2\RealVideo-RealAudio\Caucasian (American)\men\id04221\00053.mp4,RealVideo-RealAudio\Caucasian (American)\men\id04221\00053.mp4,RealVideo-RealAudio,0,real,Caucasian (American),men,id04221,00053.mp4,train
D:\SyncGuard\data\raw\FakeAVCeleb_v1.2\FakeAVCeleb_v1.2\RealVideo-RealAudio\Asian (South)\women\id06752\00221.mp4,RealVideo-RealAudio\Asian (South)\women\id06752\00221.mp4,RealVideo-RealAudio,0,real,Asian (South),women,id06752,00221.mp4,train
D:\SyncGuard\data\raw\FakeAVCeleb_v1.2\FakeAVCeleb_v1.2\FakeVideo-FakeAudio\Caucasian (American)\men\id01124\00063_id01201_wavtolip.mp4,FakeVideo-FakeAudio\Caucasian (American)\men\id01124\00063_id01201_wavtolip.mp4,FakeVideo-FakeAudio,1,fake,Caucasian (American),men,id01124,00063_id01201_wavtolip.mp4,train
D:\SyncGuard\data\raw\FakeAVCeleb_v1.2\FakeAVCeleb_v1.2\RealVideo-RealAudio\Caucasian (American)\women\id00418\00052.mp4,RealVideo-RealAudio\Caucasian (American)\women\id00418\00052.mp4,RealVideo-RealAudio,0,real,Caucasian (American),women,id00418,00052.mp4,train
D:\SyncGuard\data\raw\FakeAVCeleb_v1.2\FakeAVCeleb_v1.2\FakeVideo-FakeAudio\Asian (South)\men\id03599\00072_id04554_wavtolip.mp4,FakeVideo-FakeAudio\Asian (South)\men\id03599\00072_id04554_wavtolip.mp4,FakeVideo-FakeAudio,1,fake,Asian (South),men,id03599,00072_id04554_wavtolip.mp4,train
D:\SyncGuard\data\raw\FakeAVCeleb_v1.2\FakeAVCeleb_v1.2\FakeVideo-FakeAudio\Caucasian (American)\men\id01105\00083_id01192_kAht8HG7-1s_faceswap_id04219_wavtolip.mp4,FakeVideo-FakeAudio\Caucasian (American)\men\id01105\00083_id01192_kAht8HG7-1s_faceswap_id04219_wavtolip.mp4,FakeVideo-FakeAudio,1,fake,Caucasian (American),men,id01105,00083_id01192_kAht8HG7-1s_faceswap_id04219_wavtolip.mp4,train
D:\SyncGuard\data\raw\FakeAVCeleb_v1.2\FakeAVCeleb_v1.2\FakeVideo-RealAudio\African\women\id03103\00130_id00577_wavtolip.mp4,FakeVideo-RealAudio\African\women\id03103\00130_id00577_wavtolip.mp4,FakeVideo-RealAudio,1,fake,African,women,id03103,00130_id00577_wavtolip.mp4,test
D:\SyncGuard\data\raw\FakeAVCeleb_v1.2\FakeAVCeleb_v1.2\FakeVideo-RealAudio\African\men\id00166\00010_id01452_4MqeoSxSy3w.mp4,FakeVideo-RealAudio\African\men\id00166\00010_id01452_4MqeoSxSy3w.mp4,FakeVideo-RealAudio,1,fake,African,men,id00166,00010_id01452_4MqeoSxSy3w.mp4,train
D:\SyncGuard\data\raw\FakeAVCeleb_v1.2\FakeAVCeleb_v1.2\RealVideo-RealAudio\Caucasian (European)\men\id00415\00017.mp4,RealVideo-RealAudio\Caucasian (European)\men\id00415\00017.mp4,RealVideo-RealAudio,0,real,Caucasian (European),men,id00415,00017.mp4,train
D:\SyncGuard\data\raw\FakeAVCeleb_v1.2\FakeAVCeleb_v1.2\FakeVideo-RealAudio\Asian (East)\women\id09175\00072_id06462_wavtolip.mp4,FakeVideo-RealAudio\Asian (East)\women\id09175\00072_id06462_wavtolip.mp4,FakeVideo-RealAudio,1,fake,Asian (East),women,id09175,00072_id06462_wavtolip.mp4,validation
D:\SyncGuard\data\raw\FakeAVCeleb_v1.2\FakeAVCeleb_v1.2\RealVideo-RealAudio\Asian (East)\men\id03168\03168.mp4,RealVideo-RealAudio\Asian (East)\men\id03168\03168.mp4,RealVideo-RealAudio,0,real,Asian (East),men,id03168,03168.mp4,test
D:\SyncGuard\data\raw\FakeAVCeleb_v1.2\FakeAVCeleb_v1.2\FakeVideo-RealAudio\Caucasian (European)\men\id00292\00072_id00055_XzCF6sJ8Axc.mp4,FakeVideo-RealAudio\Caucasian (European)\men\id00292\00072_id00055_XzCF6sJ8Axc.mp4,FakeVideo-RealAudio,1,fake,Caucasian (European),men,id00292,00072_id00055_XzCF6sJ8Axc.mp4,train
D:\SyncGuard\data\raw\FakeAVCeleb_v1.2\FakeAVCeleb_v1.2\FakeVideo-FakeAudio\Asian (South)\women\id06437\00028_id06438_vf3xBVgYqYA_faceswap_id02089_wavtolip.mp4,FakeVideo-FakeAudio\Asian (South)\women\id06437\00028_id06438_vf3xBVgYqYA_faceswap_id02089_wavtolip.mp4,FakeVideo-FakeAudio,1,fake,Asian (South),women,id06437,00028_id06438_vf3xBVgYqYA_faceswap_id02089_wavtolip.mp4,train
D:\SyncGuard\data\raw\FakeAVCeleb_v1.2\FakeAVCeleb_v1.2\FakeVideo-RealAudio\Caucasian (American)\women\id00291\00052_id03556_wavtolip.mp4,FakeVideo-RealAudio\Caucasian (American)\women\id00291\00052_id03556_wavtolip.mp4,FakeVideo-RealAudio,1,fake,Caucasian (American),women,id00291,00052_id03556_wavtolip.mp4,train
D:\SyncGuard\data\raw\FakeAVCeleb_v1.2\FakeAVCeleb_v1.2\RealVideo-RealAudio\Caucasian (American)\men\id00529\00409.mp4,RealVideo-RealAudio\Caucasian (American)\men\id00529\00409.mp4,RealVideo-RealAudio,0,real,Caucasian (American),men,id00529,00409.mp4,validation
D:\SyncGuard\data\raw\FakeAVCeleb_v1.2\FakeAVCeleb_v1.2\FakeVideo-RealAudio\Caucasian (European)\women\id00496\00015_id00633_wavtolip.mp4,FakeVideo-RealAudio\Caucasian (European)\women\id00496\00015_id00633_wavtolip.mp4,FakeVideo-RealAudio,1,fake,Caucasian (European),women,id00496,00015_id00633_wavtolip.mp4,train
D:\SyncGuard\data\raw\FakeAVCeleb_v1.2\FakeAVCeleb_v1.2\FakeVideo-FakeAudio\Caucasian (American)\women\id00680\00110_id00180_wavtolip.mp4,FakeVideo-FakeAudio\Caucasian (American)\women\id00680\00110_id00180_wavtolip.mp4,FakeVideo-FakeAudio,1,fake,Caucasian (American),women,id00680,00110_id00180_wavtolip.mp4,validation
D:\SyncGuard\data\raw\FakeAVCeleb_v1.2\FakeAVCeleb_v1.2\RealVideo-RealAudio\Caucasian (American)\men\id01210\00283.mp4,RealVideo-RealAudio\Caucasian (American)\men\id01210\00283.mp4,RealVideo-RealAudio,0,real,Caucasian (American),men,id01210,00283.mp4,train
D:\SyncGuard\data\raw\FakeAVCeleb_v1.2\FakeAVCeleb_v1.2\FakeVideo-FakeAudio\Caucasian (American)\men\id01124\00063_id00708_wavtolip.mp4,FakeVideo-FakeAudio\Caucasian (American)\men\id01124\00063_id00708_wavtolip.mp4,FakeVideo-FakeAudio,1,fake,Caucasian (American),men,id01124,00063_id00708_wavtolip.mp4,train
D:\SyncGuard\data\raw\FakeAVCeleb_v1.2\FakeAVCeleb_v1.2\FakeVideo-FakeAudio\Asian (South)\women\id06428\00043_id06428_wavtolip.mp4,FakeVideo-FakeAudio\Asian (South)\women\id06428\00043_id06428_wavtolip.mp4,FakeVideo-FakeAudio,1,fake,Asian (South),women,id06428,00043_id06428_wavtolip.mp4,train
D:\SyncGuard\data\raw\FakeAVCeleb_v1.2\FakeAVCeleb_v1.2\RealVideo-FakeAudio\Asian (South)\men\id08313\00202_fake.mp4,RealVideo-FakeAudio\Asian (South)\men\id08313\00202_fake.mp4,RealVideo-FakeAudio,1,fake,Asian (South),men,id08313,00202_fake.mp4,train
D:\SyncGuard\data\raw\FakeAVCeleb_v1.2\FakeAVCeleb_v1.2\RealVideo-RealAudio\Asian (South)\women\id07377\00025.mp4,RealVideo-RealAudio\Asian (South)\women\id07377\00025.mp4,RealVideo-RealAudio,0,real,Asian (South),women,id07377,00025.mp4,test
D:\SyncGuard\data\raw\FakeAVCeleb_v1.2\FakeAVCeleb_v1.2\RealVideo-FakeAudio\African\women\id03713\00249_fake.mp4,RealVideo-FakeAudio\African\women\id03713\00249_fake.mp4,RealVideo-FakeAudio,1,fake,African,women,id03713,00249_fake.mp4,test
D:\SyncGuard\data\raw\FakeAVCeleb_v1.2\FakeAVCeleb_v1.2\FakeVideo-FakeAudio\African\men\id01036\00010_id02040_wavtolip.mp4,FakeVideo-FakeAudio\African\men\id01036\00010_id02040_wavtolip.mp4,FakeVideo-FakeAudio,1,fake,African,men,id01036,00010_id02040_wavtolip.mp4,train
D:\SyncGuard\data\raw\FakeAVCeleb_v1.2\FakeAVCeleb_v1.2\RealVideo-RealAudio\Asian (South)\women\id00080\00281.mp4,RealVideo-RealAudio\Asian (South)\women\id00080\00281.mp4,RealVideo-RealAudio,0,real,Asian (South),women,id00080,00281.mp4,test
D:\SyncGuard\data\raw\FakeAVCeleb_v1.2\FakeAVCeleb_v1.2\FakeVideo-RealAudio\African\women\id01783\00015_id04547_wavtolip.mp4,FakeVideo-RealAudio\African\women\id01783\00015_id04547_wavtolip.mp4,FakeVideo-RealAudio,1,fake,African,women,id01783,00015_id04547_wavtolip.mp4,train
D:\SyncGuard\data\raw\FakeAVCeleb_v1.2\FakeAVCeleb_v1.2\FakeVideo-RealAudio\Asian (South)\men\id07163\00141_id00033_gduDuRWhnlQ.mp4,FakeVideo-RealAudio\Asian (South)\men\id07163\00141_id00033_gduDuRWhnlQ.mp4,FakeVideo-RealAudio,1,fake,Asian (South),men,id07163,00141_id00033_gduDuRWhnlQ.mp4,validation
D:\SyncGuard\data\raw\FakeAVCeleb_v1.2\FakeAVCeleb_v1.2\RealVideo-RealAudio\Asian (South)\men\id08457\00417.mp4,RealVideo-RealAudio\Asian (South)\men\id08457\00417.mp4,RealVideo-RealAudio,0,real,Asian (South),men,id08457,00417.mp4,validation
D:\SyncGuard\data\raw\FakeAVCeleb_v1.2\FakeAVCeleb_v1.2\FakeVideo-FakeAudio\African\women\id04055\00001_id02586_dEYzYDsbAeo_id00577_wavtolip.mp4,FakeVideo-FakeAudio\African\women\id04055\00001_id02586_dEYzYDsbAeo_id00577_wavtolip.mp4,FakeVideo-FakeAudio,1,fake,African,women,id04055,00001_id02586_dEYzYDsbAeo_id00577_wavtolip.mp4,train
D:\SyncGuard\data\raw\FakeAVCeleb_v1.2\FakeAVCeleb_v1.2\RealVideo-RealAudio\Caucasian (American)\men\id01211\00023.mp4,RealVideo-RealAudio\Caucasian (American)\men\id01211\00023.mp4,RealVideo-RealAudio,0,real,Caucasian (American),men,id01211,00023.mp4,train
D:\SyncGuard\data\raw\FakeAVCeleb_v1.2\FakeAVCeleb_v1.2\RealVideo-RealAudio\African\men\id00701\00092.mp4,RealVideo-RealAudio\African\men\id00701\00092.mp4,RealVideo-RealAudio,0,real,African,men,id00701,00092.mp4,train
D:\SyncGuard\data\raw\FakeAVCeleb_v1.2\FakeAVCeleb_v1.2\FakeVideo-RealAudio\Caucasian (American)\men\id00775\00092_0.mp4,FakeVideo-RealAudio\Caucasian (American)\men\id00775\00092_0.mp4,FakeVideo-RealAudio,1,fake,Caucasian (American),men,id00775,00092_0.mp4,train
D:\SyncGuard\data\raw\FakeAVCeleb_v1.2\FakeAVCeleb_v1.2\FakeVideo-FakeAudio\African\women\id02824\00130_id05252_wavtolip.mp4,FakeVideo-FakeAudio\African\women\id02824\00130_id05252_wavtolip.mp4,FakeVideo-FakeAudio,1,fake,African,women,id02824,00130_id05252_wavtolip.mp4,train
D:\SyncGuard\data\raw\FakeAVCeleb_v1.2\FakeAVCeleb_v1.2\FakeVideo-FakeAudio\Asian (East)\men\id08299\00110_0_id01204_wavtolip.mp4,FakeVideo-FakeAudio\Asian (East)\men\id08299\00110_0_id01204_wavtolip.mp4,FakeVideo-FakeAudio,1,fake,Asian (East),men,id08299,00110_0_id01204_wavtolip.mp4,train
D:\SyncGuard\data\raw\FakeAVCeleb_v1.2\FakeAVCeleb_v1.2\RealVideo-FakeAudio\Asian (South)\men\id03344\00114_fake.mp4,RealVideo-FakeAudio\Asian (South)\men\id03344\00114_fake.mp4,RealVideo-FakeAudio,1,fake,Asian (South),men,id03344,00114_fake.mp4,train
D:\SyncGuard\data\raw\FakeAVCeleb_v1.2\FakeAVCeleb_v1.2\RealVideo-RealAudio\Asian (East)\men\id06535\00183.mp4,RealVideo-RealAudio\Asian (East)\men\id06535\00183.mp4,RealVideo-RealAudio,0,real,Asian (East),men,id06535,00183.mp4,train
D:\SyncGuard\data\raw\FakeAVCeleb_v1.2\FakeAVCeleb_v1.2\FakeVideo-FakeAudio\Caucasian (European)\women\id00332\00293_id03371_wavtolip.mp4,FakeVideo-FakeAudio\Caucasian (European)\women\id00332\00293_id03371_wavtolip.mp4,FakeVideo-FakeAudio,1,fake,Caucasian (European),women,id00332,00293_id03371_wavtolip.mp4,validation
D:\SyncGuard\data\raw\FakeAVCeleb_v1.2\FakeAVCeleb_v1.2\FakeVideo-RealAudio\Asian (South)\men\id00414\00052_id04537_G1e1UFopjfI.mp4,FakeVideo-RealAudio\Asian (South)\men\id00414\00052_id04537_G1e1UFopjfI.mp4,FakeVideo-RealAudio,1,fake,Asian (South),men,id00414,00052_id04537_G1e1UFopjfI.mp4,train
D:\SyncGuard\data\raw\FakeAVCeleb_v1.2\FakeAVCeleb_v1.2\RealVideo-RealAudio\Asian (East)\men\id02365\00028.mp4,RealVideo-RealAudio\Asian (East)\men\id02365\00028.mp4,RealVideo-RealAudio,0,real,Asian (East),men,id02365,00028.mp4,train
D:\SyncGuard\data\raw\FakeAVCeleb_v1.2\FakeAVCeleb_v1.2\RealVideo-RealAudio\Asian (East)\men\id00597\00019.mp4,RealVideo-RealAudio\Asian (East)\men\id00597\00019.mp4,RealVideo-RealAudio,0,real,Asian (East),men,id00597,00019.mp4,train
D:\SyncGuard\data\raw\FakeAVCeleb_v1.2\FakeAVCeleb_v1.2\RealVideo-FakeAudio\African\women\id01661\00059_fake.mp4,RealVideo-FakeAudio\African\women\id01661\00059_fake.mp4,RealVideo-FakeAudio,1,fake,African,women,id01661,00059_fake.mp4,train
D:\SyncGuard\data\raw\FakeAVCeleb_v1.2\FakeAVCeleb_v1.2\RealVideo-FakeAudio\Asian (East)\men\id06807\00015_fake.mp4,RealVideo-FakeAudio\Asian (East)\men\id06807\00015_fake.mp4,RealVideo-FakeAudio,1,fake,Asian (East),men,id06807,00015_fake.mp4,train
D:\SyncGuard\data\raw\FakeAVCeleb_v1.2\FakeAVCeleb_v1.2\FakeVideo-FakeAudio\African\men\id01691\00045_id01691_wavtolip.mp4,FakeVideo-FakeAudio\African\men\id01691\00045_id01691_wavtolip.mp4,FakeVideo-FakeAudio,1,fake,African,men,id01691,00045_id01691_wavtolip.mp4,train
D:\SyncGuard\data\raw\FakeAVCeleb_v1.2\FakeAVCeleb_v1.2\FakeVideo-FakeAudio\African\men\id01528\00017_id01452_4MqeoSxSy3w_faceswap_id00701_wavtolip.mp4,FakeVideo-FakeAudio\African\men\id01528\00017_id01452_4MqeoSxSy3w_faceswap_id00701_wavtolip.mp4,FakeVideo-FakeAudio,1,fake,African,men,id01528,00017_id01452_4MqeoSxSy3w_faceswap_id00701_wavtolip.mp4,train
D:\SyncGuard\data\raw\FakeAVCeleb_v1.2\FakeAVCeleb_v1.2\FakeVideo-RealAudio\Caucasian (American)\women\id02466\00136_id01217_wavtolip.mp4,FakeVideo-RealAudio\Caucasian (American)\women\id02466\00136_id01217_wavtolip.mp4,FakeVideo-RealAudio,1,fake,Caucasian (American),women,id02466,00136_id01217_wavtolip.mp4,train
D:\SyncGuard\data\raw\FakeAVCeleb_v1.2\FakeAVCeleb_v1.2\FakeVideo-FakeAudio\Caucasian (European)\men\id01058\00005_4_id00265_wavtolip.mp4,FakeVideo-FakeAudio\Caucasian (European)\men\id01058\00005_4_id00265_wavtolip.mp4,FakeVideo-FakeAudio,1,fake,Caucasian (European),men,id01058,00005_4_id00265_wavtolip.mp4,validation
D:\SyncGuard\data\raw\FakeAVCeleb_v1.2\FakeAVCeleb_v1.2\FakeVideo-RealAudio\Caucasian (European)\women\id00823\00125_id01018_wavtolip.mp4,FakeVideo-RealAudio\Caucasian (European)\women\id00823\00125_id01018_wavtolip.mp4,FakeVideo-RealAudio,1,fake,Caucasian (European),women,id00823,00125_id01018_wavtolip.mp4,test
D:\SyncGuard\data\raw\FakeAVCeleb_v1.2\FakeAVCeleb_v1.2\FakeVideo-FakeAudio\Caucasian (American)\men\id01168\00028_id03757_L-M-XbdFLQM_faceswap_id00243_wavtolip.mp4,FakeVideo-FakeAudio\Caucasian (American)\men\id01168\00028_id03757_L-M-XbdFLQM_faceswap_id00243_wavtolip.mp4,FakeVideo-FakeAudio,1,fake,Caucasian (American),men,id01168,00028_id03757_L-M-XbdFLQM_faceswap_id00243_wavtolip.mp4,validation
D:\SyncGuard\data\raw\FakeAVCeleb_v1.2\FakeAVCeleb_v1.2\RealVideo-RealAudio\Asian (South)\women\id07689\00028.mp4,RealVideo-RealAudio\Asian (South)\women\id07689\00028.mp4,RealVideo-RealAudio,0,real,Asian (South),women,id07689,00028.mp4,train
D:\SyncGuard\data\raw\FakeAVCeleb_v1.2\FakeAVCeleb_v1.2\FakeVideo-FakeAudio\African\men\id01170\00021_id01597_52WEZxe4_GE_id01076_wavtolip.mp4,FakeVideo-FakeAudio\African\men\id01170\00021_id01597_52WEZxe4_GE_id01076_wavtolip.mp4,FakeVideo-FakeAudio,1,fake,African,men,id01170,00021_id01597_52WEZxe4_GE_id01076_wavtolip.mp4,train
D:\SyncGuard\data\raw\FakeAVCeleb_v1.2\FakeAVCeleb_v1.2\RealVideo-FakeAudio\Asian (East)\men\id08299\00110_fake.mp4,RealVideo-FakeAudio\Asian (East)\men\id08299\00110_fake.mp4,RealVideo-FakeAudio,1,fake,Asian (East),men,id08299,00110_fake.mp4,train
D:\SyncGuard\data\raw\FakeAVCeleb_v1.2\FakeAVCeleb_v1.2\FakeVideo-FakeAudio\Asian (South)\men\id03180\00039_id04537_wavtolip.mp4,FakeVideo-FakeAudio\Asian (South)\men\id03180\00039_id04537_wavtolip.mp4,FakeVideo-FakeAudio,1,fake,Asian (South),men,id03180,00039_id04537_wavtolip.mp4,validation
D:\SyncGuard\data\raw\FakeAVCeleb_v1.2\FakeAVCeleb_v1.2\RealVideo-RealAudio\Asian (East)\women\id07039\00105.mp4,RealVideo-RealAudio\Asian (East)\women\id07039\00105.mp4,RealVideo-RealAudio,0,real,Asian (East),women,id07039,00105.mp4,train
D:\SyncGuard\data\raw\FakeAVCeleb_v1.2\FakeAVCeleb_v1.2\RealVideo-RealAudio\Asian (East)\women\id03940\00025.mp4,RealVideo-RealAudio\Asian (East)\women\id03940\00025.mp4,RealVideo-RealAudio,0,real,Asian (East),women,id03940,00025.mp4,train
D:\SyncGuard\data\raw\FakeAVCeleb_v1.2\FakeAVCeleb_v1.2\FakeVideo-FakeAudio\Caucasian (American)\men\id00184\00241_id01239_wavtolip.mp4,FakeVideo-FakeAudio\Caucasian (American)\men\id00184\00241_id01239_wavtolip.mp4,FakeVideo-FakeAudio,1,fake,Caucasian (American),men,id00184,00241_id01239_wavtolip.mp4,test
D:\SyncGuard\data\raw\FakeAVCeleb_v1.2\FakeAVCeleb_v1.2\RealVideo-RealAudio\Asian (East)\women\id01281\00040.mp4,RealVideo-RealAudio\Asian (East)\women\id01281\00040.mp4,RealVideo-RealAudio,0,real,Asian (East),women,id01281,00040.mp4,test
D:\SyncGuard\data\raw\FakeAVCeleb_v1.2\FakeAVCeleb_v1.2\RealVideo-RealAudio\Caucasian (American)\women\id00383\00171.mp4,RealVideo-RealAudio\Caucasian (American)\women\id00383\00171.mp4,RealVideo-RealAudio,0,real,Caucasian (American),women,id00383,00171.mp4,train
D:\SyncGuard\data\raw\FakeAVCeleb_v1.2\FakeAVCeleb_v1.2\RealVideo-RealAudio\Caucasian (European)\women\id00813\00169.mp4,RealVideo-RealAudio\Caucasian (European)\women\id00813\00169.mp4,RealVideo-RealAudio,0,real,Caucasian (European),women,id00813,00169.mp4,train
D:\SyncGuard\data\raw\FakeAVCeleb_v1.2\FakeAVCeleb_v1.2\FakeVideo-FakeAudio\Asian (South)\men\id06753\00021_id07058_JXJTxhrICl0_id07463_wavtolip.mp4,FakeVideo-FakeAudio\Asian (South)\men\id06753\00021_id07058_JXJTxhrICl0_id07463_wavtolip.mp4,FakeVideo-FakeAudio,1,fake,Asian (South),men,id06753,00021_id07058_JXJTxhrICl0_id07463_wavtolip.mp4,train
D:\SyncGuard\data\raw\FakeAVCeleb_v1.2\FakeAVCeleb_v1.2\RealVideo-RealAudio\Asian (East)\men\id08613\00074.mp4,RealVideo-RealAudio\Asian (East)\men\id08613\00074.mp4,RealVideo-RealAudio,0,real,Asian (East),men,id08613,00074.mp4,train
D:\SyncGuard\data\raw\FakeAVCeleb_v1.2\FakeAVCeleb_v1.2\RealVideo-RealAudio\Asian (South)\men\id03344\00114.mp4,RealVideo-RealAudio\Asian (South)\men\id03344\00114.mp4,RealVideo-RealAudio,0,real,Asian (South),men,id03344,00114.mp4,train
D:\SyncGuard\data\raw\FakeAVCeleb_v1.2\FakeAVCeleb_v1.2\RealVideo-FakeAudio\African\women\id04547\00052_fake.mp4,RealVideo-FakeAudio\African\women\id04547\00052_fake.mp4,RealVideo-FakeAudio,1,fake,African,women,id04547,00052_fake.mp4,test
D:\SyncGuard\data\raw\FakeAVCeleb_v1.2\FakeAVCeleb_v1.2\RealVideo-FakeAudio\Asian (East)\women\id04701\00017_fake.mp4,RealVideo-FakeAudio\Asian (East)\women\id04701\00017_fake.mp4,RealVideo-FakeAudio,1,fake,Asian (East),women,id04701,00017_fake.mp4,train
D:\SyncGuard\data\raw\FakeAVCeleb_v1.2\FakeAVCeleb_v1.2\FakeVideo-RealAudio\Caucasian (European)\women\id00735\00037_id03649_wavtolip.mp4,FakeVideo-RealAudio\Caucasian (European)\women\id00735\00037_id03649_wavtolip.mp4,FakeVideo-RealAudio,1,fake,Caucasian (European),women,id00735,00037_id03649_wavtolip.mp4,train
D:\SyncGuard\data\raw\FakeAVCeleb_v1.2\FakeAVCeleb_v1.2\FakeVideo-FakeAudio\African\women\id01532\00065_id04820_wavtolip.mp4,FakeVideo-FakeAudio\African\women\id01532\00065_id04820_wavtolip.mp4,FakeVideo-FakeAudio,1,fake,African,women,id01532,00065_id04820_wavtolip.mp4,validation
D:\SyncGuard\data\raw\FakeAVCeleb_v1.2\FakeAVCeleb_v1.2\RealVideo-RealAudio\Asian (East)\men\id02553\00043.mp4,RealVideo-RealAudio\Asian (East)\men\id02553\00043.mp4,RealVideo-RealAudio,0,real,Asian (East),men,id02553,00043.mp4,train
D:\SyncGuard\data\raw\FakeAVCeleb_v1.2\FakeAVCeleb_v1.2\RealVideo-FakeAudio\Caucasian (American)\men\id00775\00092_fake.mp4,RealVideo-FakeAudio\Caucasian (American)\men\id00775\00092_fake.mp4,RealVideo-FakeAudio,1,fake,Caucasian (American),men,id00775,00092_fake.mp4,train
D:\SyncGuard\data\raw\FakeAVCeleb_v1.2\FakeAVCeleb_v1.2\FakeVideo-RealAudio\Asian (South)\men\id00732\00118_id07108_wavtolip.mp4,FakeVideo-RealAudio\Asian (South)\men\id00732\00118_id07108_wavtolip.mp4,FakeVideo-RealAudio,1,fake,Asian (South),men,id00732,00118_id07108_wavtolip.mp4,train
D:\SyncGuard\data\raw\FakeAVCeleb_v1.2\FakeAVCeleb_v1.2\FakeVideo-RealAudio\Caucasian (European)\men\id01156\00078_id00292_qELK8N_DykA_faceswap.mp4,FakeVideo-RealAudio\Caucasian (European)\men\id01156\00078_id00292_qELK8N_DykA_faceswap.mp4,FakeVideo-RealAudio,1,fake,Caucasian (European),men,id01156,00078_id00292_qELK8N_DykA_faceswap.mp4,train
D:\SyncGuard\data\raw\FakeAVCeleb_v1.2\FakeAVCeleb_v1.2\RealVideo-FakeAudio\African\women\id04736\00083_fake.mp4,RealVideo-FakeAudio\African\women\id04736\00083_fake.mp4,RealVideo-FakeAudio,1,fake,African,women,id04736,00083_fake.mp4,train
D:\SyncGuard\data\raw\FakeAVCeleb_v1.2\FakeAVCeleb_v1.2\FakeVideo-RealAudio\Caucasian (European)\men\id01123\00072_id00694_wavtolip.mp4,FakeVideo-RealAudio\Caucasian (European)\men\id01123\00072_id00694_wavtolip.mp4,FakeVideo-RealAudio,1,fake,Caucasian (European),men,id01123,00072_id00694_wavtolip.mp4,test
D:\SyncGuard\data\raw\FakeAVCeleb_v1.2\FakeAVCeleb_v1.2\RealVideo-RealAudio\Caucasian (European)\women\id00569\00239.mp4,RealVideo-RealAudio\Caucasian (European)\women\id00569\00239.mp4,RealVideo-RealAudio,0,real,Caucasian (European),women,id00569,00239.mp4,train
D:\SyncGuard\data\raw\FakeAVCeleb_v1.2\FakeAVCeleb_v1.2\RealVideo-RealAudio\Caucasian (European)\men\id00368\00078.mp4,RealVideo-RealAudio\Caucasian (European)\men\id00368\00078.mp4,RealVideo-RealAudio,0,real,Caucasian (European),men,id00368,00078.mp4,train
D:\SyncGuard\data\raw\FakeAVCeleb_v1.2\FakeAVCeleb_v1.2\RealVideo-RealAudio\Caucasian (European)\men\id00186\00120.mp4,RealVideo-RealAudio\Caucasian (European)\men\id00186\00120.mp4,RealVideo-RealAudio,0,real,Caucasian (European),men,id00186,00120.mp4,validation
D:\SyncGuard\data\raw\FakeAVCeleb_v1.2\FakeAVCeleb_v1.2\FakeVideo-FakeAudio\Asian (East)\men\id04726\00245_0_id03168_wavtolip.mp4,FakeVideo-FakeAudio\Asian (East)\men\id04726\00245_0_id03168_wavtolip.mp4,FakeVideo-FakeAudio,1,fake,Asian (East),men,id04726,00245_0_id03168_wavtolip.mp4,train
D:\SyncGuard\data\raw\FakeAVCeleb_v1.2\FakeAVCeleb_v1.2\FakeVideo-RealAudio\African\men\id01920\00099_id01179_wavtolip.mp4,FakeVideo-RealAudio\African\men\id01920\00099_id01179_wavtolip.mp4,FakeVideo-RealAudio,1,fake,African,men,id01920,00099_id01179_wavtolip.mp4,train
D:\SyncGuard\data\raw\FakeAVCeleb_v1.2\FakeAVCeleb_v1.2\FakeVideo-RealAudio\African\women\id03713\00249_id00568_wavtolip.mp4,FakeVideo-RealAudio\African\women\id03713\00249_id00568_wavtolip.mp4,FakeVideo-RealAudio,1,fake,African,women,id03713,00249_id00568_wavtolip.mp4,test
D:\SyncGuard\data\raw\FakeAVCeleb_v1.2\FakeAVCeleb_v1.2\FakeVideo-RealAudio\Asian (East)\women\id05620\00005_id02807_wavtolip.mp4,FakeVideo-RealAudio\Asian (East)\women\id05620\00005_id02807_wavtolip.mp4,FakeVideo-RealAudio,1,fake,Asian (East),women,id05620,00005_id02807_wavtolip.mp4,validation
D:\SyncGuard\data\raw\FakeAVCeleb_v1.2\FakeAVCeleb_v1.2\RealVideo-FakeAudio\Asian (East)\men\id05332\00065_fake.mp4,RealVideo-FakeAudio\Asian (East)\men\id05332\00065_fake.mp4,RealVideo-FakeAudio,1,fake,Asian (East),men,id05332,00065_fake.mp4,train
D:\SyncGuard\data\raw\FakeAVCeleb_v1.2\FakeAVCeleb_v1.2\RealVideo-RealAudio\Asian (East)\women\id06065\00160.mp4,RealVideo-RealAudio\Asian (East)\women\id06065\00160.mp4,RealVideo-RealAudio,0,real,Asian (East),women,id06065,00160.mp4,train
D:\SyncGuard\data\raw\FakeAVCeleb_v1.2\FakeAVCeleb_v1.2\FakeVideo-FakeAudio\Caucasian (American)\men\id01044\00336_id01175_wavtolip.mp4,FakeVideo-FakeAudio\Caucasian (American)\men\id01044\00336_id01175_wavtolip.mp4,FakeVideo-FakeAudio,1,fake,Caucasian (American),men,id01044,00336_id01175_wavtolip.mp4,train
D:\SyncGuard\data\raw\FakeAVCeleb_v1.2\FakeAVCeleb_v1.2\FakeVideo-RealAudio\Asian (South)\men\id04554\00118_id06355_YT0pXXvISi8.mp4,FakeVideo-RealAudio\Asian (South)\men\id04554\00118_id06355_YT0pXXvISi8.mp4,FakeVideo-RealAudio,1,fake,Asian (South),men,id04554,00118_id06355_YT0pXXvISi8.mp4,train
D:\SyncGuard\data\raw\FakeAVCeleb_v1.2\FakeAVCeleb_v1.2\FakeVideo-RealAudio\African\men\id01835\00130_id01036_AohKaMtIHxA.mp4,FakeVideo-RealAudio\African\men\id01835\00130_id01036_AohKaMtIHxA.mp4,FakeVideo-RealAudio,1,fake,African,men,id01835,00130_id01036_AohKaMtIHxA.mp4,train
D:\SyncGuard\data\raw\FakeAVCeleb_v1.2\FakeAVCeleb_v1.2\FakeVideo-FakeAudio\African\women\id02838\00080_id03713_wavtolip.mp4,FakeVideo-FakeAudio\African\women\id02838\00080_id03713_wavtolip.mp4,FakeVideo-FakeAudio,1,fake,African,women,id02838,00080_id03713_wavtolip.mp4,test
D:\SyncGuard\data\raw\FakeAVCeleb_v1.2\FakeAVCeleb_v1.2\FakeVideo-RealAudio\Asian (South)\men\id00769\00015_id07463_wavtolip.mp4,FakeVideo-RealAudio\Asian (South)\men\id00769\00015_id07463_wavtolip.mp4,FakeVideo-RealAudio,1,fake,Asian (South),men,id00769,00015_id07463_wavtolip.mp4,train
D:\SyncGuard\data\raw\FakeAVCeleb_v1.2\FakeAVCeleb_v1.2\FakeVideo-RealAudio\Asian (South)\men\id03599\00072_id08457_vFyjAJwQulM.mp4,FakeVideo-RealAudio\Asian (South)\men\id03599\00072_id08457_vFyjAJwQulM.mp4,FakeVideo-RealAudio,1,fake,Asian (South),men,id03599,00072_id08457_vFyjAJwQulM.mp4,train
D:\SyncGuard\data\raw\FakeAVCeleb_v1.2\FakeAVCeleb_v1.2\FakeVideo-FakeAudio\Caucasian (European)\men\id01058\00005_0_id00305_wavtolip.mp4,FakeVideo-FakeAudio\Caucasian (European)\men\id01058\00005_0_id00305_wavtolip.mp4,FakeVideo-FakeAudio,1,fake,Caucasian (European),men,id01058,00005_0_id00305_wavtolip.mp4,validation
D:\SyncGuard\data\raw\FakeAVCeleb_v1.2\FakeAVCeleb_v1.2\RealVideo-FakeAudio\African\women\id04705\00408_fake.mp4,RealVideo-FakeAudio\African\women\id04705\00408_fake.mp4,RealVideo-FakeAudio,1,fake,African,women,id04705,00408_fake.mp4,train
D:\SyncGuard\data\raw\FakeAVCeleb_v1.2\FakeAVCeleb_v1.2\RealVideo-RealAudio\Caucasian (European)\men\id00990\00160.mp4,RealVideo-RealAudio\Caucasian (European)\men\id00990\00160.mp4,RealVideo-RealAudio,0,real,Caucasian (European),men,id00990,00160.mp4,test
D:\SyncGuard\data\raw\FakeAVCeleb_v1.2\FakeAVCeleb_v1.2\FakeVideo-FakeAudio\Caucasian (European)\women\id00897\00005_id00591_1Jo8xElXQMs_faceswap_id03858_wavtolip.mp4,FakeVideo-FakeAudio\Caucasian (European)\women\id00897\00005_id00591_1Jo8xElXQMs_faceswap_id03858_wavtolip.mp4,FakeVideo-FakeAudio,1,fake,Caucasian (European),women,id00897,00005_id00591_1Jo8xElXQMs_faceswap_id03858_wavtolip.mp4,train
D:\SyncGuard\data\raw\FakeAVCeleb_v1.2\FakeAVCeleb_v1.2\RealVideo-FakeAudio\Asian (South)\women\id05931\00013_fake.mp4,RealVideo-FakeAudio\Asian (South)\women\id05931\00013_fake.mp4,RealVideo-FakeAudio,1,fake,Asian (South),women,id05931,00013_fake.mp4,test
D:\SyncGuard\data\raw\FakeAVCeleb_v1.2\FakeAVCeleb_v1.2\RealVideo-FakeAudio\Caucasian (American)\women\id02464\00002_fake.mp4,RealVideo-FakeAudio\Caucasian (American)\women\id02464\00002_fake.mp4,RealVideo-FakeAudio,1,fake,Caucasian (American),women,id02464,00002_fake.mp4,train
D:\SyncGuard\data\raw\FakeAVCeleb_v1.2\FakeAVCeleb_v1.2\FakeVideo-RealAudio\Caucasian (European)\women\id00403\00052_id00373_5NXv3Dxkd6E.mp4,FakeVideo-RealAudio\Caucasian (European)\women\id00403\00052_id00373_5NXv3Dxkd6E.mp4,FakeVideo-RealAudio,1,fake,Caucasian (European),women,id00403,00052_id00373_5NXv3Dxkd6E.mp4,validation
D:\SyncGuard\data\raw\FakeAVCeleb_v1.2\FakeAVCeleb_v1.2\FakeVideo-RealAudio\Caucasian (American)\men\id01182\00167_id01210_wavtolip.mp4,FakeVideo-RealAudio\Caucasian (American)\men\id01182\00167_id01210_wavtolip.mp4,FakeVideo-RealAudio,1,fake,Caucasian (American),men,id01182,00167_id01210_wavtolip.mp4,test
D:\SyncGuard\data\raw\FakeAVCeleb_v1.2\FakeAVCeleb_v1.2\RealVideo-RealAudio\Asian (East)\men\id04691\1.mp4,RealVideo-RealAudio\Asian (East)\men\id04691\1.mp4,RealVideo-RealAudio,0,real,Asian (East),men,id04691,1.mp4,validation
D:\SyncGuard\data\raw\FakeAVCeleb_v1.2\FakeAVCeleb_v1.2\FakeVideo-RealAudio\Asian (East)\women\id06066\00028_id00137_wavtolip.mp4,FakeVideo-RealAudio\Asian (East)\women\id06066\00028_id00137_wavtolip.mp4,FakeVideo-RealAudio,1,fake,Asian (East),women,id06066,00028_id00137_wavtolip.mp4,train
D:\SyncGuard\data\raw\FakeAVCeleb_v1.2\FakeAVCeleb_v1.2\FakeVideo-FakeAudio\African\women\id02301\00092_id00829_aMEvVaUBq2Y_faceswap_id00371_wavtolip.mp4,FakeVideo-FakeAudio\African\women\id02301\00092_id00829_aMEvVaUBq2Y_faceswap_id00371_wavtolip.mp4,FakeVideo-FakeAudio,1,fake,African,women,id02301,00092_id00829_aMEvVaUBq2Y_faceswap_id00371_wavtolip.mp4,test
D:\SyncGuard\data\raw\FakeAVCeleb_v1.2\FakeAVCeleb_v1.2\RealVideo-FakeAudio\Caucasian (American)\women\id00025\00025_fake.mp4,RealVideo-FakeAudio\Caucasian (American)\women\id00025\00025_fake.mp4,RealVideo-FakeAudio,1,fake,Caucasian (American),women,id00025,00025_fake.mp4,test
D:\SyncGuard\data\raw\FakeAVCeleb_v1.2\FakeAVCeleb_v1.2\FakeVideo-FakeAudio\Caucasian (American)\men\id01042\00154_id00087_0ZbOp9FgZf8_faceswap_id01210_wavtolip.mp4,FakeVideo-FakeAudio\Caucasian (American)\men\id01042\00154_id00087_0ZbOp9FgZf8_faceswap_id01210_wavtolip.mp4,FakeVideo-FakeAudio,1,fake,Caucasian (American),men,id01042,00154_id00087_0ZbOp9FgZf8_faceswap_id01210_wavtolip.mp4,train
D:\SyncGuard\data\raw\FakeAVCeleb_v1.2\FakeAVCeleb_v1.2\FakeVideo-FakeAudio\Caucasian (American)\men\id00049\00118_id00775_yeCUxHgUHxc_faceswap_id01163_wavtolip.mp4,FakeVideo-FakeAudio\Caucasian (American)\men\id00049\00118_id00775_yeCUxHgUHxc_faceswap_id01163_wavtolip.mp4,FakeVideo-FakeAudio,1,fake,Caucasian (American),men,id00049,00118_id00775_yeCUxHgUHxc_faceswap_id01163_wavtolip.mp4,train
D:\SyncGuard\data\raw\FakeAVCeleb_v1.2\FakeAVCeleb_v1.2\FakeVideo-FakeAudio\African\men\id00518\00031_id02040_wavtolip.mp4,FakeVideo-FakeAudio\African\men\id00518\00031_id02040_wavtolip.mp4,FakeVideo-FakeAudio,1,fake,African,men,id00518,00031_id02040_wavtolip.mp4,train
D:\SyncGuard\data\raw\FakeAVCeleb_v1.2\FakeAVCeleb_v1.2\RealVideo-RealAudio\Caucasian (American)\women\id00835\00195.mp4,RealVideo-RealAudio\Caucasian (American)\women\id00835\00195.mp4,RealVideo-RealAudio,0,real,Caucasian (American),women,id00835,00195.mp4,train
D:\SyncGuard\data\raw\FakeAVCeleb_v1.2\FakeAVCeleb_v1.2\FakeVideo-RealAudio\Caucasian (American)\men\id03678\00078_id01201_wavtolip.mp4,FakeVideo-RealAudio\Caucasian (American)\men\id03678\00078_id01201_wavtolip.mp4,FakeVideo-RealAudio,1,fake,Caucasian (American),men,id03678,00078_id01201_wavtolip.mp4,train
D:\SyncGuard\data\raw\FakeAVCeleb_v1.2\FakeAVCeleb_v1.2\FakeVideo-FakeAudio\Caucasian (European)\women\id00395\00420_id03816_XXD0yTNei50_id00188_wavtolip.mp4,FakeVideo-FakeAudio\Caucasian (European)\women\id00395\00420_id03816_XXD0yTNei50_id00188_wavtolip.mp4,FakeVideo-FakeAudio,1,fake,Caucasian (European),women,id00395,00420_id03816_XXD0yTNei50_id00188_wavtolip.mp4,train
D:\SyncGuard\data\raw\FakeAVCeleb_v1.2\FakeAVCeleb_v1.2\RealVideo-FakeAudio\Asian (East)\women\id05620\00005_fake.mp4,RealVideo-FakeAudio\Asian (East)\women\id05620\00005_fake.mp4,RealVideo-FakeAudio,1,fake,Asian (East),women,id05620,00005_fake.mp4,validation
D:\SyncGuard\data\raw\FakeAVCeleb_v1.2\FakeAVCeleb_v1.2\FakeVideo-RealAudio\African\women\id03569\00065_id02948_wavtolip.mp4,FakeVideo-RealAudio\African\women\id03569\00065_id02948_wavtolip.mp4,FakeVideo-RealAudio,1,fake,African,women,id03569,00065_id02948_wavtolip.mp4,train
D:\SyncGuard\data\raw\FakeAVCeleb_v1.2\FakeAVCeleb_v1.2\RealVideo-FakeAudio\Caucasian (European)\women\id00395\00420_fake.mp4,RealVideo-FakeAudio\Caucasian (European)\women\id00395\00420_fake.mp4,RealVideo-FakeAudio,1,fake,Caucasian (European),women,id00395,00420_fake.mp4,train
D:\SyncGuard\data\raw\FakeAVCeleb_v1.2\FakeAVCeleb_v1.2\RealVideo-RealAudio\Caucasian (European)\men\id00520\00187.mp4,RealVideo-RealAudio\Caucasian (European)\men\id00520\00187.mp4,RealVideo-RealAudio,0,real,Caucasian (European),men,id00520,00187.mp4,test
D:\SyncGuard\data\raw\FakeAVCeleb_v1.2\FakeAVCeleb_v1.2\RealVideo-FakeAudio\Asian (East)\men\id04884\00028_fake.mp4,RealVideo-FakeAudio\Asian (East)\men\id04884\00028_fake.mp4,RealVideo-FakeAudio,1,fake,Asian (East),men,id04884,00028_fake.mp4,validation
D:\SyncGuard\data\raw\FakeAVCeleb_v1.2\FakeAVCeleb_v1.2\RealVideo-FakeAudio\Caucasian (European)\men\id00535\00005_fake.mp4,RealVideo-FakeAudio\Caucasian (European)\men\id00535\00005_fake.mp4,RealVideo-FakeAudio,1,fake,Caucasian (European),men,id00535,00005_fake.mp4,validation
D:\SyncGuard\data\raw\FakeAVCeleb_v1.2\FakeAVCeleb_v1.2\RealVideo-FakeAudio\Caucasian (American)\women\id00841\00078_fake.mp4,RealVideo-FakeAudio\Caucasian (American)\women\id00841\00078_fake.mp4,RealVideo-FakeAudio,1,fake,Caucasian (American),women,id00841,00078_fake.mp4,test
D:\SyncGuard\data\raw\FakeAVCeleb_v1.2\FakeAVCeleb_v1.2\RealVideo-FakeAudio\African\women\id04376\00181_fake.mp4,RealVideo-FakeAudio\African\women\id04376\00181_fake.mp4,RealVideo-FakeAudio,1,fake,African,women,id04376,00181_fake.mp4,train
D:\SyncGuard\data\raw\FakeAVCeleb_v1.2\FakeAVCeleb_v1.2\FakeVideo-FakeAudio\Caucasian (European)\men\id00171\00092_id00266_utVnnggS30E_id01156_wavtolip.mp4,FakeVideo-FakeAudio\Caucasian (European)\men\id00171\00092_id00266_utVnnggS30E_id01156_wavtolip.mp4,FakeVideo-FakeAudio,1,fake,Caucasian (European),men,id00171,00092_id00266_utVnnggS30E_id01156_wavtolip.mp4,validation
D:\SyncGuard\data\raw\FakeAVCeleb_v1.2\FakeAVCeleb_v1.2\RealVideo-RealAudio\Asian (South)\men\id00103\00241.mp4,RealVideo-RealAudio\Asian (South)\men\id00103\00241.mp4,RealVideo-RealAudio,0,real,Asian (South),men,id00103,00241.mp4,train
D:\SyncGuard\data\raw\FakeAVCeleb_v1.2\FakeAVCeleb_v1.2\RealVideo-FakeAudio\Caucasian (American)\men\id01239\00280_fake.mp4,RealVideo-FakeAudio\Caucasian (American)\men\id01239\00280_fake.mp4,RealVideo-FakeAudio,1,fake,Caucasian (American),men,id01239,00280_fake.mp4,train
D:\SyncGuard\data\raw\FakeAVCeleb_v1.2\FakeAVCeleb_v1.2\FakeVideo-RealAudio\Caucasian (European)\women\id00374\00311_id00330_zCFFgGSIZ_s.mp4,FakeVideo-RealAudio\Caucasian (European)\women\id00374\00311_id00330_zCFFgGSIZ_s.mp4,FakeVideo-RealAudio,1,fake,Caucasian (European),women,id00374,00311_id00330_zCFFgGSIZ_s.mp4,train
D:\SyncGuard\data\raw\FakeAVCeleb_v1.2\FakeAVCeleb_v1.2\RealVideo-RealAudio\Asian (East)\women\id07901\00040.mp4,RealVideo-RealAudio\Asian (East)\women\id07901\00040.mp4,RealVideo-RealAudio,0,real,Asian (East),women,id07901,00040.mp4,test
D:\SyncGuard\data\raw\FakeAVCeleb_v1.2\FakeAVCeleb_v1.2\RealVideo-RealAudio\Caucasian (American)\men\id03678\00078.mp4,RealVideo-RealAudio\Caucasian (American)\men\id03678\00078.mp4,RealVideo-RealAudio,0,real,Caucasian (American),men,id03678,00078.mp4,train
D:\SyncGuard\data\raw\FakeAVCeleb_v1.2\FakeAVCeleb_v1.2\RealVideo-FakeAudio\Caucasian (European)\women\id00434\00046_fake.mp4,RealVideo-FakeAudio\Caucasian (European)\women\id00434\00046_fake.mp4,RealVideo-FakeAudio,1,fake,Caucasian (European),women,id00434,00046_fake.mp4,train
D:\SyncGuard\data\raw\FakeAVCeleb_v1.2\FakeAVCeleb_v1.2\FakeVideo-RealAudio\Caucasian (European)\men\id00253\00021_id00187_wavtolip.mp4,FakeVideo-RealAudio\Caucasian (European)\men\id00253\00021_id00187_wavtolip.mp4,FakeVideo-RealAudio,1,fake,Caucasian (European),men,id00253,00021_id00187_wavtolip.mp4,train
D:\SyncGuard\data\raw\FakeAVCeleb_v1.2\FakeAVCeleb_v1.2\FakeVideo-FakeAudio\Caucasian (American)\women\id00616\00305_id00842_wavtolip.mp4,FakeVideo-FakeAudio\Caucasian (American)\women\id00616\00305_id00842_wavtolip.mp4,FakeVideo-FakeAudio,1,fake,Caucasian (American),women,id00616,00305_id00842_wavtolip.mp4,train
D:\SyncGuard\data\raw\FakeAVCeleb_v1.2\FakeAVCeleb_v1.2\RealVideo-RealAudio\Asian (East)\women\id09116\00026.mp4,RealVideo-RealAudio\Asian (East)\women\id09116\00026.mp4,RealVideo-RealAudio,0,real,Asian (East),women,id09116,00026.mp4,test
D:\SyncGuard\data\raw\FakeAVCeleb_v1.2\FakeAVCeleb_v1.2\FakeVideo-FakeAudio\Caucasian (American)\women\id00180\00206_id03605_JGZt9DAhBRs_id00848_wavtolip.mp4,FakeVideo-FakeAudio\Caucasian (American)\women\id00180\00206_id03605_JGZt9DAhBRs_id00848_wavtolip.mp4,FakeVideo-FakeAudio,1,fake,Caucasian (American),women,id00180,00206_id03605_JGZt9DAhBRs_id00848_wavtolip.mp4,train
D:\SyncGuard\data\raw\FakeAVCeleb_v1.2\FakeAVCeleb_v1.2\FakeVideo-FakeAudio\Caucasian (European)\women\id03620\00081_id00496_SImaDcXQnh8_faceswap_id00234_wavtolip.mp4,FakeVideo-FakeAudio\Caucasian (European)\women\id03620\00081_id00496_SImaDcXQnh8_faceswap_id00234_wavtolip.mp4,FakeVideo-FakeAudio,1,fake,Caucasian (European),women,id03620,00081_id00496_SImaDcXQnh8_faceswap_id00234_wavtolip.mp4,train
D:\SyncGuard\data\raw\FakeAVCeleb_v1.2\FakeAVCeleb_v1.2\RealVideo-FakeAudio\Caucasian (American)\men\id04034\00009_fake.mp4,RealVideo-FakeAudio\Caucasian (American)\men\id04034\00009_fake.mp4,RealVideo-FakeAudio,1,fake,Caucasian (American),men,id04034,00009_fake.mp4,train
D:\SyncGuard\data\raw\FakeAVCeleb_v1.2\FakeAVCeleb_v1.2\FakeVideo-RealAudio\Caucasian (American)\women\id01005\00028_id00025_PjSeVtbvSjA.mp4,FakeVideo-RealAudio\Caucasian (American)\women\id01005\00028_id00025_PjSeVtbvSjA.mp4,FakeVideo-RealAudio,1,fake,Caucasian (American),women,id01005,00028_id00025_PjSeVtbvSjA.mp4,train
D:\SyncGuard\data\raw\FakeAVCeleb_v1.2\FakeAVCeleb_v1.2\RealVideo-FakeAudio\Asian (East)\women\id07799\00063_fake.mp4,RealVideo-FakeAudio\Asian (East)\women\id07799\00063_fake.mp4,RealVideo-FakeAudio,1,fake,Asian (East),women,id07799,00063_fake.mp4,validation
D:\SyncGuard\data\raw\FakeAVCeleb_v1.2\FakeAVCeleb_v1.2\FakeVideo-RealAudio\Caucasian (American)\men\id04219\00130_id00052_wavtolip.mp4,FakeVideo-RealAudio\Caucasian (American)\men\id04219\00130_id00052_wavtolip.mp4,FakeVideo-RealAudio,1,fake,Caucasian (American),men,id04219,00130_id00052_wavtolip.mp4,train
D:\SyncGuard\data\raw\FakeAVCeleb_v1.2\FakeAVCeleb_v1.2\FakeVideo-RealAudio\African\women\id01532\00065_id04939_i4v2cXo9HIQ.mp4,FakeVideo-RealAudio\African\women\id01532\00065_id04939_i4v2cXo9HIQ.mp4,FakeVideo-RealAudio,1,fake,African,women,id01532,00065_id04939_i4v2cXo9HIQ.mp4,validation
D:\SyncGuard\data\raw\FakeAVCeleb_v1.2\FakeAVCeleb_v1.2\RealVideo-FakeAudio\Caucasian (American)\men\id01211\00023_fake.mp4,RealVideo-FakeAudio\Caucasian (American)\men\id01211\00023_fake.mp4,RealVideo-FakeAudio,1,fake,Caucasian (American),men,id01211,00023_fake.mp4,train
D:\SyncGuard\data\raw\FakeAVCeleb_v1.2\FakeAVCeleb_v1.2\FakeVideo-RealAudio\African\men\id00076\00109_12.mp4,FakeVideo-RealAudio\African\men\id00076\00109_12.mp4,FakeVideo-RealAudio,1,fake,African,men,id00076,00109_12.mp4,train
D:\SyncGuard\data\raw\FakeAVCeleb_v1.2\FakeAVCeleb_v1.2\RealVideo-FakeAudio\Asian (East)\men\id08652\00006_fake.mp4,RealVideo-FakeAudio\Asian (East)\men\id08652\00006_fake.mp4,RealVideo-FakeAudio,1,fake,Asian (East),men,id08652,00006_fake.mp4,train
D:\SyncGuard\data\raw\FakeAVCeleb_v1.2\FakeAVCeleb_v1.2\FakeVideo-FakeAudio\Asian (South)\women\id05435\00107_id00488_F3YxmZ9CYFw_id00235_wavtolip.mp4,FakeVideo-FakeAudio\Asian (South)\women\id05435\00107_id00488_F3YxmZ9CYFw_id00235_wavtolip.mp4,FakeVideo-FakeAudio,1,fake,Asian (South),women,id05435,00107_id00488_F3YxmZ9CYFw_id00235_wavtolip.mp4,train
D:\SyncGuard\data\raw\FakeAVCeleb_v1.2\FakeAVCeleb_v1.2\RealVideo-FakeAudio\Caucasian (European)\men\id00709\00206_fake.mp4,RealVideo-FakeAudio\Caucasian (European)\men\id00709\00206_fake.mp4,RealVideo-FakeAudio,1,fake,Caucasian (European),men,id00709,00206_fake.mp4,train
D:\SyncGuard\data\raw\FakeAVCeleb_v1.2\FakeAVCeleb_v1.2\FakeVideo-FakeAudio\Asian (South)\men\id00078\00114_id08313_wavtolip.mp4,FakeVideo-FakeAudio\Asian (South)\men\id00078\00114_id08313_wavtolip.mp4,FakeVideo-FakeAudio,1,fake,Asian (South),men,id00078,00114_id08313_wavtolip.mp4,test
D:\SyncGuard\data\raw\FakeAVCeleb_v1.2\FakeAVCeleb_v1.2\RealVideo-FakeAudio\Asian (South)\women\id04927\00013_fake.mp4,RealVideo-FakeAudio\Asian (South)\women\id04927\00013_fake.mp4,RealVideo-FakeAudio,1,fake,Asian (South),women,id04927,00013_fake.mp4,train
D:\SyncGuard\data\raw\FakeAVCeleb_v1.2\FakeAVCeleb_v1.2\RealVideo-RealAudio\Caucasian (European)\men\id01156\00078.mp4,RealVideo-RealAudio\Caucasian (European)\men\id01156\00078.mp4,RealVideo-RealAudio,0,real,Caucasian (European),men,id01156,00078.mp4,train
D:\SyncGuard\data\raw\FakeAVCeleb_v1.2\FakeAVCeleb_v1.2\RealVideo-RealAudio\Caucasian (American)\men\id00777\00160.mp4,RealVideo-RealAudio\Caucasian (American)\men\id00777\00160.mp4,RealVideo-RealAudio,0,real,Caucasian (American),men,id00777,00160.mp4,train
D:\SyncGuard\data\raw\FakeAVCeleb_v1.2\FakeAVCeleb_v1.2\FakeVideo-FakeAudio\Caucasian (European)\men\id00909\00037_id01156_wavtolip.mp4,FakeVideo-FakeAudio\Caucasian (European)\men\id00909\00037_id01156_wavtolip.mp4,FakeVideo-FakeAudio,1,fake,Caucasian (European),men,id00909,00037_id01156_wavtolip.mp4,train
D:\SyncGuard\data\raw\FakeAVCeleb_v1.2\FakeAVCeleb_v1.2\RealVideo-RealAudio\Asian (East)\men\id04687\00066.mp4,RealVideo-RealAudio\Asian (East)\men\id04687\00066.mp4,RealVideo-RealAudio,0,real,Asian (East),men,id04687,00066.mp4,validation
D:\SyncGuard\data\raw\FakeAVCeleb_v1.2\FakeAVCeleb_v1.2\RealVideo-RealAudio\Caucasian (European)\men\id00241\00015.mp4,RealVideo-RealAudio\Caucasian (European)\men\id00241\00015.mp4,RealVideo-RealAudio,0,real,Caucasian (European),men,id00241,00015.mp4,validation
D:\SyncGuard\data\raw\FakeAVCeleb_v1.2\FakeAVCeleb_v1.2\FakeVideo-FakeAudio\Caucasian (European)\women\id00823\00125_id00395_wM5kGJfTtEM_faceswap_id00332_wavtolip.mp4,FakeVideo-FakeAudio\Caucasian (European)\women\id00823\00125_id00395_wM5kGJfTtEM_faceswap_id00332_wavtolip.mp4,FakeVideo-FakeAudio,1,fake,Caucasian (European),women,id00823,00125_id00395_wM5kGJfTtEM_faceswap_id00332_wavtolip.mp4,test
D:\SyncGuard\data\raw\FakeAVCeleb_v1.2\FakeAVCeleb_v1.2\FakeVideo-FakeAudio\Caucasian (European)\men\id00241\00015_id00990_wavtolip.mp4,FakeVideo-FakeAudio\Caucasian (European)\men\id00241\00015_id00990_wavtolip.mp4,FakeVideo-FakeAudio,1,fake,Caucasian (European),men,id00241,00015_id00990_wavtolip.mp4,validation
D:\SyncGuard\data\raw\FakeAVCeleb_v1.2\FakeAVCeleb_v1.2\FakeVideo-FakeAudio\Caucasian (American)\women\id00180\00206_id00428_wavtolip.mp4,FakeVideo-FakeAudio\Caucasian (American)\women\id00180\00206_id00428_wavtolip.mp4,FakeVideo-FakeAudio,1,fake,Caucasian (American),women,id00180,00206_id00428_wavtolip.mp4,train
D:\SyncGuard\data\raw\FakeAVCeleb_v1.2\FakeAVCeleb_v1.2\FakeVideo-RealAudio\Asian (East)\women\id00763\00074_id06225_wavtolip.mp4,FakeVideo-RealAudio\Asian (East)\women\id00763\00074_id06225_wavtolip.mp4,FakeVideo-RealAudio,1,fake,Asian (East),women,id00763,00074_id06225_wavtolip.mp4,train
D:\SyncGuard\data\raw\FakeAVCeleb_v1.2\FakeAVCeleb_v1.2\RealVideo-FakeAudio\African\women\id04374\00032_fake.mp4,RealVideo-FakeAudio\African\women\id04374\00032_fake.mp4,RealVideo-FakeAudio,1,fake,African,women,id04374,00032_fake.mp4,train
D:\SyncGuard\data\raw\FakeAVCeleb_v1.2\FakeAVCeleb_v1.2\FakeVideo-FakeAudio\African\men\id01036\00010_id02316_yrrNcmZ-xmI_id01835_wavtolip.mp4,FakeVideo-FakeAudio\African\men\id01036\00010_id02316_yrrNcmZ-xmI_id01835_wavtolip.mp4,FakeVideo-FakeAudio,1,fake,African,men,id01036,00010_id02316_yrrNcmZ-xmI_id01835_wavtolip.mp4,train
D:\SyncGuard\data\raw\FakeAVCeleb_v1.2\FakeAVCeleb_v1.2\FakeVideo-FakeAudio\Caucasian (European)\women\id00068\00004_3_id00434_wavtolip.mp4,FakeVideo-FakeAudio\Caucasian (European)\women\id00068\00004_3_id00434_wavtolip.mp4,FakeVideo-FakeAudio,1,fake,Caucasian (European),women,id00068,00004_3_id00434_wavtolip.mp4,train
D:\SyncGuard\data\raw\FakeAVCeleb_v1.2\FakeAVCeleb_v1.2\FakeVideo-FakeAudio\Asian (South)\men\id00033\00276_1_id08314_wavtolip.mp4,FakeVideo-FakeAudio\Asian (South)\men\id00033\00276_1_id08314_wavtolip.mp4,FakeVideo-FakeAudio,1,fake,Asian (South),men,id00033,00276_1_id08314_wavtolip.mp4,train
D:\SyncGuard\data\raw\FakeAVCeleb_v1.2\FakeAVCeleb_v1.2\FakeVideo-RealAudio\African\men\id01597\00005_id01392_fF-g0KFJ7lg.mp4,FakeVideo-RealAudio\African\men\id01597\00005_id01392_fF-g0KFJ7lg.mp4,FakeVideo-RealAudio,1,fake,African,men,id01597,00005_id01392_fF-g0KFJ7lg.mp4,train
D:\SyncGuard\data\raw\FakeAVCeleb_v1.2\FakeAVCeleb_v1.2\FakeVideo-FakeAudio\Caucasian (European)\men\id00694\00340_id00535_BhvTIJ-YG5s_faceswap_id00990_wavtolip.mp4,FakeVideo-FakeAudio\Caucasian (European)\men\id00694\00340_id00535_BhvTIJ-YG5s_faceswap_id00990_wavtolip.mp4,FakeVideo-FakeAudio,1,fake,Caucasian (European),men,id00694,00340_id00535_BhvTIJ-YG5s_faceswap_id00990_wavtolip.mp4,train
D:\SyncGuard\data\raw\FakeAVCeleb_v1.2\FakeAVCeleb_v1.2\FakeVideo-RealAudio\Asian (East)\men\id02493\00073_id09053_6baCAGutGFg_faceswap.mp4,FakeVideo-RealAudio\Asian (East)\men\id02493\00073_id09053_6baCAGutGFg_faceswap.mp4,FakeVideo-RealAudio,1,fake,Asian (East),men,id02493,00073_id09053_6baCAGutGFg_faceswap.mp4,test
D:\SyncGuard\data\raw\FakeAVCeleb_v1.2\FakeAVCeleb_v1.2\FakeVideo-FakeAudio\Caucasian (European)\men\id00241\00015_id00415_saYfEadFy_s_id00694_wavtolip.mp4,FakeVideo-FakeAudio\Caucasian (European)\men\id00241\00015_id00415_saYfEadFy_s_id00694_wavtolip.mp4,FakeVideo-FakeAudio,1,fake,Caucasian (European),men,id00241,00015_id00415_saYfEadFy_s_id00694_wavtolip.mp4,validation
D:\SyncGuard\data\raw\FakeAVCeleb_v1.2\FakeAVCeleb_v1.2\FakeVideo-RealAudio\Caucasian (American)\women\id00190\00072_id00458_wavtolip.mp4,FakeVideo-RealAudio\Caucasian (American)\women\id00190\00072_id00458_wavtolip.mp4,FakeVideo-RealAudio,1,fake,Caucasian (American),women,id00190,00072_id00458_wavtolip.mp4,train
D:\SyncGuard\data\raw\FakeAVCeleb_v1.2\FakeAVCeleb_v1.2\FakeVideo-RealAudio\African\women\id00371\00099_id02071_wavtolip.mp4,FakeVideo-RealAudio\African\women\id00371\00099_id02071_wavtolip.mp4,FakeVideo-RealAudio,1,fake,African,women,id00371,00099_id02071_wavtolip.mp4,test
D:\SyncGuard\data\raw\FakeAVCeleb_v1.2\FakeAVCeleb_v1.2\RealVideo-FakeAudio\Asian (South)\men\id07768\00143_fake.mp4,RealVideo-FakeAudio\Asian (South)\men\id07768\00143_fake.mp4,RealVideo-FakeAudio,1,fake,Asian (South),men,id07768,00143_fake.mp4,validation
D:\SyncGuard\data\raw\FakeAVCeleb_v1.2\FakeAVCeleb_v1.2\RealVideo-RealAudio\Caucasian (American)\women\id00618\00195.mp4,RealVideo-RealAudio\Caucasian (American)\women\id00618\00195.mp4,RealVideo-RealAudio,0,real,Caucasian (American),women,id00618,00195.mp4,train
D:\SyncGuard\data\raw\FakeAVCeleb_v1.2\FakeAVCeleb_v1.2\FakeVideo-FakeAudio\Caucasian (American)\women\id03781\00113_id01217_wavtolip.mp4,FakeVideo-FakeAudio\Caucasian (American)\women\id03781\00113_id01217_wavtolip.mp4,FakeVideo-FakeAudio,1,fake,Caucasian (American),women,id03781,00113_id01217_wavtolip.mp4,validation
D:\SyncGuard\data\raw\FakeAVCeleb_v1.2\FakeAVCeleb_v1.2\FakeVideo-RealAudio\Asian (East)\men\id03028\00466_id05479_wavtolip.mp4,FakeVideo-RealAudio\Asian (East)\men\id03028\00466_id05479_wavtolip.mp4,FakeVideo-RealAudio,1,fake,Asian (East),men,id03028,00466_id05479_wavtolip.mp4,train
D:\SyncGuard\data\raw\FakeAVCeleb_v1.2\FakeAVCeleb_v1.2\FakeVideo-FakeAudio\Asian (South)\men\id00816\00118_id00685_Hgrz1Tbmix4_id00816_wavtolip.mp4,FakeVideo-FakeAudio\Asian (South)\men\id00816\00118_id00685_Hgrz1Tbmix4_id00816_wavtolip.mp4,FakeVideo-FakeAudio,1,fake,Asian (South),men,id00816,00118_id00685_Hgrz1Tbmix4_id00816_wavtolip.mp4,validation
D:\SyncGuard\data\raw\FakeAVCeleb_v1.2\FakeAVCeleb_v1.2\FakeVideo-FakeAudio\Caucasian (European)\women\id03620\00081_id00496_SImaDcXQnh8_faceswap_id00332_wavtolip.mp4,FakeVideo-FakeAudio\Caucasian (European)\women\id03620\00081_id00496_SImaDcXQnh8_faceswap_id00332_wavtolip.mp4,FakeVideo-FakeAudio,1,fake,Caucasian (European),women,id03620,00081_id00496_SImaDcXQnh8_faceswap_id00332_wavtolip.mp4,train
D:\SyncGuard\data\raw\FakeAVCeleb_v1.2\FakeAVCeleb_v1.2\RealVideo-FakeAudio\Caucasian (European)\men\id01123\00072_fake.mp4,RealVideo-FakeAudio\Caucasian (European)\men\id01123\00072_fake.mp4,RealVideo-FakeAudio,1,fake,Caucasian (European),men,id01123,00072_fake.mp4,test
D:\SyncGuard\data\raw\FakeAVCeleb_v1.2\FakeAVCeleb_v1.2\RealVideo-RealAudio\Caucasian (American)\women\id01091\00236.mp4,RealVideo-RealAudio\Caucasian (American)\women\id01091\00236.mp4,RealVideo-RealAudio,0,real,Caucasian (American),women,id01091,00236.mp4,test
D:\SyncGuard\data\raw\FakeAVCeleb_v1.2\FakeAVCeleb_v1.2\RealVideo-FakeAudio\Caucasian (European)\women\id00262\00028_fake.mp4,RealVideo-FakeAudio\Caucasian (European)\women\id00262\00028_fake.mp4,RealVideo-FakeAudio,1,fake,Caucasian (European),women,id00262,00028_fake.mp4,train
D:\SyncGuard\data\raw\FakeAVCeleb_v1.2\FakeAVCeleb_v1.2\FakeVideo-FakeAudio\Caucasian (European)\men\id00368\00078_id00559_wavtolip.mp4,FakeVideo-FakeAudio\Caucasian (European)\men\id00368\00078_id00559_wavtolip.mp4,FakeVideo-FakeAudio,1,fake,Caucasian (European),men,id00368,00078_id00559_wavtolip.mp4,train
D:\SyncGuard\data\raw\FakeAVCeleb_v1.2\FakeAVCeleb_v1.2\FakeVideo-FakeAudio\African\men\id01920\00099_id01597_52WEZxe4_GE_id01076_wavtolip.mp4,FakeVideo-FakeAudio\African\men\id01920\00099_id01597_52WEZxe4_GE_id01076_wavtolip.mp4,FakeVideo-FakeAudio,1,fake,African,men,id01920,00099_id01597_52WEZxe4_GE_id01076_wavtolip.mp4,train
D:\SyncGuard\data\raw\FakeAVCeleb_v1.2\FakeAVCeleb_v1.2\RealVideo-FakeAudio\African\women\id01838\00126_fake.mp4,RealVideo-FakeAudio\African\women\id01838\00126_fake.mp4,RealVideo-FakeAudio,1,fake,African,women,id01838,00126_fake.mp4,train
D:\SyncGuard\data\raw\FakeAVCeleb_v1.2\FakeAVCeleb_v1.2\RealVideo-FakeAudio\Asian (South)\men\id06753\00021_fake.mp4,RealVideo-FakeAudio\Asian (South)\men\id06753\00021_fake.mp4,RealVideo-FakeAudio,1,fake,Asian (South),men,id06753,00021_fake.mp4,train
D:\SyncGuard\data\raw\FakeAVCeleb_v1.2\FakeAVCeleb_v1.2\FakeVideo-RealAudio\African\men\id00987\00160_id02005_7_Egh9mW5y4_faceswap.mp4,FakeVideo-RealAudio\African\men\id00987\00160_id02005_7_Egh9mW5y4_faceswap.mp4,FakeVideo-RealAudio,1,fake,African,men,id00987,00160_id02005_7_Egh9mW5y4_faceswap.mp4,train
D:\SyncGuard\data\raw\FakeAVCeleb_v1.2\FakeAVCeleb_v1.2\FakeVideo-FakeAudio\Asian (East)\women\id00363\00014_id08139_wavtolip.mp4,FakeVideo-FakeAudio\Asian (East)\women\id00363\00014_id08139_wavtolip.mp4,FakeVideo-FakeAudio,1,fake,Asian (East),women,id00363,00014_id08139_wavtolip.mp4,test
D:\SyncGuard\data\raw\FakeAVCeleb_v1.2\FakeAVCeleb_v1.2\FakeVideo-RealAudio\African\men\id00987\00160_id01036_wavtolip.mp4,FakeVideo-RealAudio\African\men\id00987\00160_id01036_wavtolip.mp4,FakeVideo-RealAudio,1,fake,African,men,id00987,00160_id01036_wavtolip.mp4,train
D:\SyncGuard\data\raw\FakeAVCeleb_v1.2\FakeAVCeleb_v1.2\FakeVideo-FakeAudio\Caucasian (European)\women\id01001\00086_id00374_w1qI7y9AGTc_id03651_wavtolip.mp4,FakeVideo-FakeAudio\Caucasian (European)\women\id01001\00086_id00374_w1qI7y9AGTc_id03651_wavtolip.mp4,FakeVideo-FakeAudio,1,fake,Caucasian (European),women,id01001,00086_id00374_w1qI7y9AGTc_id03651_wavtolip.mp4,test
D:\SyncGuard\data\raw\FakeAVCeleb_v1.2\FakeAVCeleb_v1.2\RealVideo-RealAudio\African\men\id01972\00078.mp4,RealVideo-RealAudio\African\men\id01972\00078.mp4,RealVideo-RealAudio,0,real,African,men,id01972,00078.mp4,validation
D:\SyncGuard\data\raw\FakeAVCeleb_v1.2\FakeAVCeleb_v1.2\FakeVideo-FakeAudio\African\men\id02268\00036_id02494_lObg47hQleE_id00391_wavtolip.mp4,FakeVideo-FakeAudio\African\men\id02268\00036_id02494_lObg47hQleE_id00391_wavtolip.mp4,FakeVideo-FakeAudio,1,fake,African,men,id02268,00036_id02494_lObg47hQleE_id00391_wavtolip.mp4,train
D:\SyncGuard\data\raw\FakeAVCeleb_v1.2\FakeAVCeleb_v1.2\RealVideo-RealAudio\Asian (South)\women\id06439\00118.mp4,RealVideo-RealAudio\Asian (South)\women\id06439\00118.mp4,RealVideo-RealAudio,0,real,Asian (South),women,id06439,00118.mp4,test
D:\SyncGuard\data\raw\FakeAVCeleb_v1.2\FakeAVCeleb_v1.2\FakeVideo-RealAudio\Caucasian (American)\men\id00529\00409_id01168_Uz7M0nTbgWM.mp4,FakeVideo-RealAudio\Caucasian (American)\men\id00529\00409_id01168_Uz7M0nTbgWM.mp4,FakeVideo-RealAudio,1,fake,Caucasian (American),men,id00529,00409_id01168_Uz7M0nTbgWM.mp4,validation
D:\SyncGuard\data\raw\FakeAVCeleb_v1.2\FakeAVCeleb_v1.2\FakeVideo-RealAudio\African\men\id01170\00021_id01835_wavtolip.mp4,FakeVideo-RealAudio\African\men\id01170\00021_id01835_wavtolip.mp4,FakeVideo-RealAudio,1,fake,African,men,id01170,00021_id01835_wavtolip.mp4,train
D:\SyncGuard\data\raw\FakeAVCeleb_v1.2\FakeAVCeleb_v1.2\FakeVideo-RealAudio\Caucasian (European)\men\id02567\00040_id00282_wavtolip.mp4,FakeVideo-RealAudio\Caucasian (European)\men\id02567\00040_id00282_wavtolip.mp4,FakeVideo-RealAudio,1,fake,Caucasian (European),men,id02567,00040_id00282_wavtolip.mp4,train
D:\SyncGuard\data\raw\FakeAVCeleb_v1.2\FakeAVCeleb_v1.2\RealVideo-FakeAudio\Asian (South)\men\id04599\00111_fake.mp4,RealVideo-FakeAudio\Asian (South)\men\id04599\00111_fake.mp4,RealVideo-FakeAudio,1,fake,Asian (South),men,id04599,00111_fake.mp4,validation
D:\SyncGuard\data\raw\FakeAVCeleb_v1.2\FakeAVCeleb_v1.2\FakeVideo-FakeAudio\Caucasian (American)\women\id01248\00005_id00261_wavtolip.mp4,FakeVideo-FakeAudio\Caucasian (American)\women\id01248\00005_id00261_wavtolip.mp4,FakeVideo-FakeAudio,1,fake,Caucasian (American),women,id01248,00005_id00261_wavtolip.mp4,train
D:\SyncGuard\data\raw\FakeAVCeleb_v1.2\FakeAVCeleb_v1.2\RealVideo-RealAudio\Caucasian (European)\women\id00365\00078.mp4,RealVideo-RealAudio\Caucasian (European)\women\id00365\00078.mp4,RealVideo-RealAudio,0,real,Caucasian (European),women,id00365,00078.mp4,train
D:\SyncGuard\data\raw\FakeAVCeleb_v1.2\FakeAVCeleb_v1.2\FakeVideo-RealAudio\Caucasian (American)\men\id01211\00023_id00943_LxSv2rnBGA8.mp4,FakeVideo-RealAudio\Caucasian (American)\men\id01211\00023_id00943_LxSv2rnBGA8.mp4,FakeVideo-RealAudio,1,fake,Caucasian (American),men,id01211,00023_id00943_LxSv2rnBGA8.mp4,train
D:\SyncGuard\data\raw\FakeAVCeleb_v1.2\FakeAVCeleb_v1.2\RealVideo-RealAudio\Asian (East)\women\id00137\00025.mp4,RealVideo-RealAudio\Asian (East)\women\id00137\00025.mp4,RealVideo-RealAudio,0,real,Asian (East),women,id00137,00025.mp4,validation
D:\SyncGuard\data\raw\FakeAVCeleb_v1.2\FakeAVCeleb_v1.2\FakeVideo-RealAudio\Caucasian (European)\men\id01156\00078_id02567_4Ao5jgpSXdw.mp4,FakeVideo-RealAudio\Caucasian (European)\men\id01156\00078_id02567_4Ao5jgpSXdw.mp4,FakeVideo-RealAudio,1,fake,Caucasian (European),men,id01156,00078_id02567_4Ao5jgpSXdw.mp4,train
D:\SyncGuard\data\raw\FakeAVCeleb_v1.2\FakeAVCeleb_v1.2\FakeVideo-RealAudio\Asian (East)\women\id05844\00072_id05631_xXRQCFAdR-0.mp4,FakeVideo-RealAudio\Asian (East)\women\id05844\00072_id05631_xXRQCFAdR-0.mp4,FakeVideo-RealAudio,1,fake,Asian (East),women,id05844,00072_id05631_xXRQCFAdR-0.mp4,train
D:\SyncGuard\data\raw\FakeAVCeleb_v1.2\FakeAVCeleb_v1.2\RealVideo-FakeAudio\African\men\id01995\00071_fake.mp4,RealVideo-FakeAudio\African\men\id01995\00071_fake.mp4,RealVideo-FakeAudio,1,fake,African,men,id01995,00071_fake.mp4,train
D:\SyncGuard\data\raw\FakeAVCeleb_v1.2\FakeAVCeleb_v1.2\RealVideo-RealAudio\Asian (South)\men\id06334\00015.mp4,RealVideo-RealAudio\Asian (South)\men\id06334\00015.mp4,RealVideo-RealAudio,0,real,Asian (South),men,id06334,00015.mp4,train
D:\SyncGuard\data\raw\FakeAVCeleb_v1.2\FakeAVCeleb_v1.2\RealVideo-RealAudio\Caucasian (American)\men\id00345\00243.mp4,RealVideo-RealAudio\Caucasian (American)\men\id00345\00243.mp4,RealVideo-RealAudio,0,real,Caucasian (American),men,id00345,00243.mp4,train
D:\SyncGuard\data\raw\FakeAVCeleb_v1.2\FakeAVCeleb_v1.2\RealVideo-FakeAudio\Asian (East)\women\id00363\00014_fake.mp4,RealVideo-FakeAudio\Asian (East)\women\id00363\00014_fake.mp4,RealVideo-FakeAudio,1,fake,Asian (East),women,id00363,00014_fake.mp4,test
D:\SyncGuard\data\raw\FakeAVCeleb_v1.2\FakeAVCeleb_v1.2\FakeVideo-FakeAudio\African\women\id03569\00065_id04437_wavtolip.mp4,FakeVideo-FakeAudio\African\women\id03569\00065_id04437_wavtolip.mp4,FakeVideo-FakeAudio,1,fake,African,women,id03569,00065_id04437_wavtolip.mp4,train
D:\SyncGuard\data\raw\FakeAVCeleb_v1.2\FakeAVCeleb_v1.2\RealVideo-RealAudio\African\women\id04547\00052.mp4,RealVideo-RealAudio\African\women\id04547\00052.mp4,RealVideo-RealAudio,0,real,African,women,id04547,00052.mp4,test
D:\SyncGuard\data\raw\FakeAVCeleb_v1.2\FakeAVCeleb_v1.2\RealVideo-FakeAudio\Asian (East)\men\id01683\00052_fake.mp4,RealVideo-FakeAudio\Asian (East)\men\id01683\00052_fake.mp4,RealVideo-FakeAudio,1,fake,Asian (East),men,id01683,00052_fake.mp4,validation
D:\SyncGuard\data\raw\FakeAVCeleb_v1.2\FakeAVCeleb_v1.2\FakeVideo-FakeAudio\Caucasian (European)\men\id00963\00028_id00183_wavtolip.mp4,FakeVideo-FakeAudio\Caucasian (European)\men\id00963\00028_id00183_wavtolip.mp4,FakeVideo-FakeAudio,1,fake,Caucasian (European),men,id00963,00028_id00183_wavtolip.mp4,train
D:\SyncGuard\data\raw\FakeAVCeleb_v1.2\FakeAVCeleb_v1.2\FakeVideo-FakeAudio\Caucasian (European)\men\id01098\00044_id01051_jPxk6s6FM6Y_id01098_wavtolip.mp4,FakeVideo-FakeAudio\Caucasian (European)\men\id01098\00044_id01051_jPxk6s6FM6Y_id01098_wavtolip.mp4,FakeVideo-FakeAudio,1,fake,Caucasian (European),men,id01098,00044_id01051_jPxk6s6FM6Y_id01098_wavtolip.mp4,test
D:\SyncGuard\data\raw\FakeAVCeleb_v1.2\FakeAVCeleb_v1.2\FakeVideo-RealAudio\Asian (East)\women\id00566\00032_id02587_KzwJPH5_8j0_faceswap.mp4,FakeVideo-RealAudio\Asian (East)\women\id00566\00032_id02587_KzwJPH5_8j0_faceswap.mp4,FakeVideo-RealAudio,1,fake,Asian (East),women,id00566,00032_id02587_KzwJPH5_8j0_faceswap.mp4,train
D:\SyncGuard\data\raw\FakeAVCeleb_v1.2\FakeAVCeleb_v1.2\RealVideo-FakeAudio\Caucasian (European)\men\id01154\00118_fake.mp4,RealVideo-FakeAudio\Caucasian (European)\men\id01154\00118_fake.mp4,RealVideo-FakeAudio,1,fake,Caucasian (European),men,id01154,00118_fake.mp4,train
D:\SyncGuard\data\raw\FakeAVCeleb_v1.2\FakeAVCeleb_v1.2\RealVideo-RealAudio\Caucasian (European)\men\id00554\00028.mp4,RealVideo-RealAudio\Caucasian (European)\men\id00554\00028.mp4,RealVideo-RealAudio,0,real,Caucasian (European),men,id00554,00028.mp4,test
D:\SyncGuard\data\raw\FakeAVCeleb_v1.2\FakeAVCeleb_v1.2\RealVideo-RealAudio\Asian (East)\men\id03028\00466.mp4,RealVideo-RealAudio\Asian (East)\men\id03028\00466.mp4,RealVideo-RealAudio,0,real,Asian (East),men,id03028,00466.mp4,train
D:\SyncGuard\data\raw\FakeAVCeleb_v1.2\FakeAVCeleb_v1.2\FakeVideo-RealAudio\Asian (South)\women\id00417\00069_id06232_wavtolip.mp4,FakeVideo-RealAudio\Asian (South)\women\id00417\00069_id06232_wavtolip.mp4,FakeVideo-RealAudio,1,fake,Asian (South),women,id00417,00069_id06232_wavtolip.mp4,test
D:\SyncGuard\data\raw\FakeAVCeleb_v1.2\FakeAVCeleb_v1.2\FakeVideo-FakeAudio\African\women\id05106\00078_id00371_wavtolip.mp4,FakeVideo-FakeAudio\African\women\id05106\00078_id00371_wavtolip.mp4,FakeVideo-FakeAudio,1,fake,African,women,id05106,00078_id00371_wavtolip.mp4,validation
D:\SyncGuard\data\raw\FakeAVCeleb_v1.2\FakeAVCeleb_v1.2\RealVideo-RealAudio\African\men\id01392\00167.mp4,RealVideo-RealAudio\African\men\id01392\00167.mp4,RealVideo-RealAudio,0,real,African,men,id01392,00167.mp4,validation
D:\SyncGuard\data\raw\FakeAVCeleb_v1.2\FakeAVCeleb_v1.2\RealVideo-FakeAudio\African\men\id00173\00118_fake.mp4,RealVideo-FakeAudio\African\men\id00173\00118_fake.mp4,RealVideo-FakeAudio,1,fake,African,men,id00173,00118_fake.mp4,train
D:\SyncGuard\data\raw\FakeAVCeleb_v1.2\FakeAVCeleb_v1.2\RealVideo-RealAudio\African\men\id00761\00072.mp4,RealVideo-RealAudio\African\men\id00761\00072.mp4,RealVideo-RealAudio,0,real,African,men,id00761,00072.mp4,train
D:\SyncGuard\data\raw\FakeAVCeleb_v1.2\FakeAVCeleb_v1.2\FakeVideo-FakeAudio\Asian (South)\women\id06438\00110_id07686_wavtolip.mp4,FakeVideo-FakeAudio\Asian (South)\women\id06438\00110_id07686_wavtolip.mp4,FakeVideo-FakeAudio,1,fake,Asian (South),women,id06438,00110_id07686_wavtolip.mp4,train
D:\SyncGuard\data\raw\FakeAVCeleb_v1.2\FakeAVCeleb_v1.2\RealVideo-RealAudio\Asian (East)\men\id01215\00001.mp4,RealVideo-RealAudio\Asian (East)\men\id01215\00001.mp4,RealVideo-RealAudio,0,real,Asian (East),men,id01215,00001.mp4,train
D:\SyncGuard\data\raw\FakeAVCeleb_v1.2\FakeAVCeleb_v1.2\FakeVideo-RealAudio\Asian (South)\women\id00747\00053_id06428_wavtolip.mp4,FakeVideo-RealAudio\Asian (South)\women\id00747\00053_id06428_wavtolip.mp4,FakeVideo-RealAudio,1,fake,Asian (South),women,id00747,00053_id06428_wavtolip.mp4,train
D:\SyncGuard\data\raw\FakeAVCeleb_v1.2\FakeAVCeleb_v1.2\FakeVideo-RealAudio\Caucasian (American)\men\id00169\00021_id01163_QSMeUEH3lJM.mp4,FakeVideo-RealAudio\Caucasian (American)\men\id00169\00021_id01163_QSMeUEH3lJM.mp4,FakeVideo-RealAudio,1,fake,Caucasian (American),men,id00169,00021_id01163_QSMeUEH3lJM.mp4,validation
D:\SyncGuard\data\raw\FakeAVCeleb_v1.2\FakeAVCeleb_v1.2\FakeVideo-RealAudio\African\women\id02824\00130_id04540_wavtolip.mp4,FakeVideo-RealAudio\African\women\id02824\00130_id04540_wavtolip.mp4,FakeVideo-RealAudio,1,fake,African,women,id02824,00130_id04540_wavtolip.mp4,train
D:\SyncGuard\data\raw\FakeAVCeleb_v1.2\FakeAVCeleb_v1.2\FakeVideo-RealAudio\Caucasian (European)\women\id00569\00239_id00403_wavtolip.mp4,FakeVideo-RealAudio\Caucasian (European)\women\id00569\00239_id00403_wavtolip.mp4,FakeVideo-RealAudio,1,fake,Caucasian (European),women,id00569,00239_id00403_wavtolip.mp4,train
D:\SyncGuard\data\raw\FakeAVCeleb_v1.2\FakeAVCeleb_v1.2\FakeVideo-FakeAudio\Asian (East)\women\id08397\00167_id06462_wavtolip.mp4,FakeVideo-FakeAudio\Asian (East)\women\id08397\00167_id06462_wavtolip.mp4,FakeVideo-FakeAudio,1,fake,Asian (East),women,id08397,00167_id06462_wavtolip.mp4,train
D:\SyncGuard\data\raw\FakeAVCeleb_v1.2\FakeAVCeleb_v1.2\FakeVideo-RealAudio\Caucasian (European)\women\id00373\00028_id00589_uOzKwYEVR6s.mp4,FakeVideo-RealAudio\Caucasian (European)\women\id00373\00028_id00589_uOzKwYEVR6s.mp4,FakeVideo-RealAudio,1,fake,Caucasian (European),women,id00373,00028_id00589_uOzKwYEVR6s.mp4,validation
D:\SyncGuard\data\raw\FakeAVCeleb_v1.2\FakeAVCeleb_v1.2\RealVideo-FakeAudio\Asian (South)\women\id07236\00143_fake.mp4,RealVideo-FakeAudio\Asian (South)\women\id07236\00143_fake.mp4,RealVideo-FakeAudio,1,fake,Asian (South),women,id07236,00143_fake.mp4,validation
D:\SyncGuard\data\raw\FakeAVCeleb_v1.2\FakeAVCeleb_v1.2\RealVideo-FakeAudio\Asian (East)\men\id05479\05479_fake.mp4,RealVideo-FakeAudio\Asian (East)\men\id05479\05479_fake.mp4,RealVideo-FakeAudio,1,fake,Asian (East),men,id05479,05479_fake.mp4,train
D:\SyncGuard\data\raw\FakeAVCeleb_v1.2\FakeAVCeleb_v1.2\RealVideo-RealAudio\African\men\id04727\00007.mp4,RealVideo-RealAudio\African\men\id04727\00007.mp4,RealVideo-RealAudio,0,real,African,men,id04727,00007.mp4,train
D:\SyncGuard\data\raw\FakeAVCeleb_v1.2\FakeAVCeleb_v1.2\FakeVideo-FakeAudio\Caucasian (American)\men\id04219\00130_id04034_8ZeJXbjFa_o_id01124_wavtolip.mp4,FakeVideo-FakeAudio\Caucasian (American)\men\id04219\00130_id04034_8ZeJXbjFa_o_id01124_wavtolip.mp4,FakeVideo-FakeAudio,1,fake,Caucasian (American),men,id04219,00130_id04034_8ZeJXbjFa_o_id01124_wavtolip.mp4,train
D:\SyncGuard\data\raw\FakeAVCeleb_v1.2\FakeAVCeleb_v1.2\FakeVideo-RealAudio\Caucasian (American)\men\id01210\00283_id00062_wavtolip.mp4,FakeVideo-RealAudio\Caucasian (American)\men\id01210\00283_id00062_wavtolip.mp4,FakeVideo-RealAudio,1,fake,Caucasian (American),men,id01210,00283_id00062_wavtolip.mp4,train
D:\SyncGuard\data\raw\FakeAVCeleb_v1.2\FakeAVCeleb_v1.2\FakeVideo-RealAudio\Caucasian (European)\men\id02567\00040_id01154_tvmOcaG4A4w.mp4,FakeVideo-RealAudio\Caucasian (European)\men\id02567\00040_id01154_tvmOcaG4A4w.mp4,FakeVideo-RealAudio,1,fake,Caucasian (European),men,id02567,00040_id01154_tvmOcaG4A4w.mp4,train
D:\SyncGuard\data\raw\FakeAVCeleb_v1.2\FakeAVCeleb_v1.2\RealVideo-RealAudio\Asian (East)\men\id09143\00056.mp4,RealVideo-RealAudio\Asian (East)\men\id09143\00056.mp4,RealVideo-RealAudio,0,real,Asian (East),men,id09143,00056.mp4,test
D:\SyncGuard\data\raw\FakeAVCeleb_v1.2\FakeAVCeleb_v1.2\RealVideo-RealAudio\Asian (South)\women\id05478\00135.mp4,RealVideo-RealAudio\Asian (South)\women\id05478\00135.mp4,RealVideo-RealAudio,0,real,Asian (South),women,id05478,00135.mp4,train
D:\SyncGuard\data\raw\FakeAVCeleb_v1.2\FakeAVCeleb_v1.2\FakeVideo-RealAudio\African\women\id02721\00424_id00568_gakhcJXnJZ8.mp4,FakeVideo-RealAudio\African\women\id02721\00424_id00568_gakhcJXnJZ8.mp4,FakeVideo-RealAudio,1,fake,African,women,id02721,00424_id00568_gakhcJXnJZ8.mp4,validation
D:\SyncGuard\data\raw\FakeAVCeleb_v1.2\FakeAVCeleb_v1.2\FakeVideo-FakeAudio\Asian (South)\women\id04070\00072_id06752_PYYIloTJiH0_id07049_wavtolip.mp4,FakeVideo-FakeAudio\Asian (South)\women\id04070\00072_id06752_PYYIloTJiH0_id07049_wavtolip.mp4,FakeVideo-FakeAudio,1,fake,Asian (South),women,id04070,00072_id06752_PYYIloTJiH0_id07049_wavtolip.mp4,train
D:\SyncGuard\data\raw\FakeAVCeleb_v1.2\FakeAVCeleb_v1.2\RealVideo-RealAudio\Asian (South)\women\id00739\00005.mp4,RealVideo-RealAudio\Asian (South)\women\id00739\00005.mp4,RealVideo-RealAudio,0,real,Asian (South),women,id00739,00005.mp4,train
D:\SyncGuard\data\raw\FakeAVCeleb_v1.2\FakeAVCeleb_v1.2\FakeVideo-FakeAudio\Caucasian (European)\men\id01156\00078_id00292_wavtolip.mp4,FakeVideo-FakeAudio\Caucasian (European)\men\id01156\00078_id00292_wavtolip.mp4,FakeVideo-FakeAudio,1,fake,Caucasian (European),men,id01156,00078_id00292_wavtolip.mp4,train
D:\SyncGuard\data\raw\FakeAVCeleb_v1.2\FakeAVCeleb_v1.2\RealVideo-FakeAudio\Asian (South)\men\id04928\00027_fake.mp4,RealVideo-FakeAudio\Asian (South)\men\id04928\00027_fake.mp4,RealVideo-FakeAudio,1,fake,Asian (South),men,id04928,00027_fake.mp4,train
D:\SyncGuard\data\raw\FakeAVCeleb_v1.2\FakeAVCeleb_v1.2\RealVideo-FakeAudio\African\women\id00577\00010_fake.mp4,RealVideo-FakeAudio\African\women\id00577\00010_fake.mp4,RealVideo-FakeAudio,1,fake,African,women,id00577,00010_fake.mp4,train
D:\SyncGuard\data\raw\FakeAVCeleb_v1.2\FakeAVCeleb_v1.2\RealVideo-FakeAudio\Asian (East)\men\id02493\00073_fake.mp4,RealVideo-FakeAudio\Asian (East)\men\id02493\00073_fake.mp4,RealVideo-FakeAudio,1,fake,Asian (East),men,id02493,00073_fake.mp4,test
D:\SyncGuard\data\raw\FakeAVCeleb_v1.2\FakeAVCeleb_v1.2\RealVideo-FakeAudio\Asian (East)\men\id06467\00010_fake.mp4,RealVideo-FakeAudio\Asian (East)\men\id06467\00010_fake.mp4,RealVideo-FakeAudio,1,fake,Asian (East),men,id06467,00010_fake.mp4,train
D:\SyncGuard\data\raw\FakeAVCeleb_v1.2\FakeAVCeleb_v1.2\FakeVideo-RealAudio\Asian (South)\women\id06439\00118_id06752_wavtolip.mp4,FakeVideo-RealAudio\Asian (South)\women\id06439\00118_id06752_wavtolip.mp4,FakeVideo-RealAudio,1,fake,Asian (South),women,id06439,00118_id06752_wavtolip.mp4,test
D:\SyncGuard\data\raw\FakeAVCeleb_v1.2\FakeAVCeleb_v1.2\FakeVideo-RealAudio\Asian (South)\women\id06254\00043_0.mp4,FakeVideo-RealAudio\Asian (South)\women\id06254\00043_0.mp4,FakeVideo-RealAudio,1,fake,Asian (South),women,id06254,00043_0.mp4,train
D:\SyncGuard\data\raw\FakeAVCeleb_v1.2\FakeAVCeleb_v1.2\RealVideo-RealAudio\Asian (South)\men\id00078\00114.mp4,RealVideo-RealAudio\Asian (South)\men\id00078\00114.mp4,RealVideo-RealAudio,0,real,Asian (South),men,id00078,00114.mp4,test
D:\SyncGuard\data\raw\FakeAVCeleb_v1.2\FakeAVCeleb_v1.2\RealVideo-RealAudio\Asian (South)\men\id00033\00276.mp4,RealVideo-RealAudio\Asian (South)\men\id00033\00276.mp4,RealVideo-RealAudio,0,real,Asian (South),men,id00033,00276.mp4,train
D:\SyncGuard\data\raw\FakeAVCeleb_v1.2\FakeAVCeleb_v1.2\RealVideo-RealAudio\Caucasian (European)\women\id00071\00014.mp4,RealVideo-RealAudio\Caucasian (European)\women\id00071\00014.mp4,RealVideo-RealAudio,0,real,Caucasian (European),women,id00071,00014.mp4,train
D:\SyncGuard\data\raw\FakeAVCeleb_v1.2\FakeAVCeleb_v1.2\FakeVideo-RealAudio\Asian (East)\men\id04222\00078_id06269_wavtolip.mp4,FakeVideo-RealAudio\Asian (East)\men\id04222\00078_id06269_wavtolip.mp4,FakeVideo-RealAudio,1,fake,Asian (East),men,id04222,00078_id06269_wavtolip.mp4,train
D:\SyncGuard\data\raw\FakeAVCeleb_v1.2\FakeAVCeleb_v1.2\FakeVideo-FakeAudio\African\men\id01076\00005_id01171_wavtolip.mp4,FakeVideo-FakeAudio\African\men\id01076\00005_id01171_wavtolip.mp4,FakeVideo-FakeAudio,1,fake,African,men,id01076,00005_id01171_wavtolip.mp4,validation
D:\SyncGuard\data\raw\FakeAVCeleb_v1.2\FakeAVCeleb_v1.2\FakeVideo-FakeAudio\Asian (East)\women\id00566\00032_id02587_KzwJPH5_8j0_faceswap_id05576_wavtolip.mp4,FakeVideo-FakeAudio\Asian (East)\women\id00566\00032_id02587_KzwJPH5_8j0_faceswap_id05576_wavtolip.mp4,FakeVideo-FakeAudio,1,fake,Asian (East),women,id00566,00032_id02587_KzwJPH5_8j0_faceswap_id05576_wavtolip.mp4,train
D:\SyncGuard\data\raw\FakeAVCeleb_v1.2\FakeAVCeleb_v1.2\RealVideo-FakeAudio\African\women\id04437\00002_fake.mp4,RealVideo-FakeAudio\African\women\id04437\00002_fake.mp4,RealVideo-FakeAudio,1,fake,African,women,id04437,00002_fake.mp4,test
D:\SyncGuard\data\raw\FakeAVCeleb_v1.2\FakeAVCeleb_v1.2\FakeVideo-FakeAudio\Asian (East)\women\id08402\00092_id04144__FJg9YswRzQ_id00935_wavtolip.mp4,FakeVideo-FakeAudio\Asian (East)\women\id08402\00092_id04144__FJg9YswRzQ_id00935_wavtolip.mp4,FakeVideo-FakeAudio,1,fake,Asian (East),women,id08402,00092_id04144__FJg9YswRzQ_id00935_wavtolip.mp4,train
D:\SyncGuard\data\raw\FakeAVCeleb_v1.2\FakeAVCeleb_v1.2\RealVideo-FakeAudio\African\women\id04689\00005_fake.mp4,RealVideo-FakeAudio\African\women\id04689\00005_fake.mp4,RealVideo-FakeAudio,1,fake,African,women,id04689,00005_fake.mp4,train
D:\SyncGuard\data\raw\FakeAVCeleb_v1.2\FakeAVCeleb_v1.2\RealVideo-RealAudio\Asian (South)\women\id04927\00013.mp4,RealVideo-RealAudio\Asian (South)\women\id04927\00013.mp4,RealVideo-RealAudio,0,real,Asian (South),women,id04927,00013.mp4,train
D:\SyncGuard\data\raw\FakeAVCeleb_v1.2\FakeAVCeleb_v1.2\RealVideo-RealAudio\African\men\id01835\00130.mp4,RealVideo-RealAudio\African\men\id01835\00130.mp4,RealVideo-RealAudio,0,real,African,men,id01835,00130.mp4,train
D:\SyncGuard\data\raw\FakeAVCeleb_v1.2\FakeAVCeleb_v1.2\FakeVideo-FakeAudio\Asian (East)\men\id02493\00073_id09053_6baCAGutGFg_faceswap_id06776_wavtolip.mp4,FakeVideo-FakeAudio\Asian (East)\men\id02493\00073_id09053_6baCAGutGFg_faceswap_id06776_wavtolip.mp4,FakeVideo-FakeAudio,1,fake,Asian (East),men,id02493,00073_id09053_6baCAGutGFg_faceswap_id06776_wavtolip.mp4,test
D:\SyncGuard\data\raw\FakeAVCeleb_v1.2\FakeAVCeleb_v1.2\RealVideo-RealAudio\Asian (South)\men\id07165\00368.mp4,RealVideo-RealAudio\Asian (South)\men\id07165\00368.mp4,RealVideo-RealAudio,0,real,Asian (South),men,id07165,00368.mp4,test
D:\SyncGuard\data\raw\FakeAVCeleb_v1.2\FakeAVCeleb_v1.2\FakeVideo-FakeAudio\Asian (South)\women\id04564\00417_0_id06268_wavtolip.mp4,FakeVideo-FakeAudio\Asian (South)\women\id04564\00417_0_id06268_wavtolip.mp4,FakeVideo-FakeAudio,1,fake,Asian (South),women,id04564,00417_0_id06268_wavtolip.mp4,test
D:\SyncGuard\data\raw\FakeAVCeleb_v1.2\FakeAVCeleb_v1.2\RealVideo-RealAudio\Asian (East)\men\id05383\00015.mp4,RealVideo-RealAudio\Asian (East)\men\id05383\00015.mp4,RealVideo-RealAudio,0,real,Asian (East),men,id05383,00015.mp4,train
D:\SyncGuard\data\raw\FakeAVCeleb_v1.2\FakeAVCeleb_v1.2\FakeVideo-RealAudio\Asian (East)\women\id00363\00014_id04701_7mnc8w6jRlM.mp4,FakeVideo-RealAudio\Asian (East)\women\id00363\00014_id04701_7mnc8w6jRlM.mp4,FakeVideo-RealAudio,1,fake,Asian (East),women,id00363,00014_id04701_7mnc8w6jRlM.mp4,test
D:\SyncGuard\data\raw\FakeAVCeleb_v1.2\FakeAVCeleb_v1.2\FakeVideo-RealAudio\Caucasian (European)\women\id01001\00086_id01002_eQTviHjyISo.mp4,FakeVideo-RealAudio\Caucasian (European)\women\id01001\00086_id01002_eQTviHjyISo.mp4,FakeVideo-RealAudio,1,fake,Caucasian (European),women,id01001,00086_id01002_eQTviHjyISo.mp4,test
D:\SyncGuard\data\raw\FakeAVCeleb_v1.2\FakeAVCeleb_v1.2\FakeVideo-RealAudio\Asian (South)\women\id07136\00052_id07377_FGNavKcGANA.mp4,FakeVideo-RealAudio\Asian (South)\women\id07136\00052_id07377_FGNavKcGANA.mp4,FakeVideo-RealAudio,1,fake,Asian (South),women,id07136,00052_id07377_FGNavKcGANA.mp4,test
D:\SyncGuard\data\raw\FakeAVCeleb_v1.2\FakeAVCeleb_v1.2\RealVideo-FakeAudio\Caucasian (American)\men\id00020\00206_fake.mp4,RealVideo-FakeAudio\Caucasian (American)\men\id00020\00206_fake.mp4,RealVideo-FakeAudio,1,fake,Caucasian (American),men,id00020,00206_fake.mp4,validation
D:\SyncGuard\data\raw\FakeAVCeleb_v1.2\FakeAVCeleb_v1.2\RealVideo-RealAudio\Caucasian (American)\men\id04034\00009.mp4,RealVideo-RealAudio\Caucasian (American)\men\id04034\00009.mp4,RealVideo-RealAudio,0,real,Caucasian (American),men,id04034,00009.mp4,train
D:\SyncGuard\data\raw\FakeAVCeleb_v1.2\FakeAVCeleb_v1.2\FakeVideo-RealAudio\African\men\id01933\00028_id02342_wavtolip.mp4,FakeVideo-RealAudio\African\men\id01933\00028_id02342_wavtolip.mp4,FakeVideo-RealAudio,1,fake,African,men,id01933,00028_id02342_wavtolip.mp4,train
D:\SyncGuard\data\raw\FakeAVCeleb_v1.2\FakeAVCeleb_v1.2\RealVideo-FakeAudio\African\women\id02617\00028_fake.mp4,RealVideo-FakeAudio\African\women\id02617\00028_fake.mp4,RealVideo-FakeAudio,1,fake,African,women,id02617,00028_fake.mp4,test
D:\SyncGuard\data\raw\FakeAVCeleb_v1.2\FakeAVCeleb_v1.2\FakeVideo-FakeAudio\Caucasian (American)\men\id00169\00021_id00020_wavtolip.mp4,FakeVideo-FakeAudio\Caucasian (American)\men\id00169\00021_id00020_wavtolip.mp4,FakeVideo-FakeAudio,1,fake,Caucasian (American),men,id00169,00021_id00020_wavtolip.mp4,validation
D:\SyncGuard\data\raw\FakeAVCeleb_v1.2\FakeAVCeleb_v1.2\RealVideo-FakeAudio\Asian (South)\men\id03945\00063_fake.mp4,RealVideo-FakeAudio\Asian (South)\men\id03945\00063_fake.mp4,RealVideo-FakeAudio,1,fake,Asian (South),men,id03945,00063_fake.mp4,train
D:\SyncGuard\data\raw\FakeAVCeleb_v1.2\FakeAVCeleb_v1.2\RealVideo-FakeAudio\Asian (South)\men\id00078\00114_fake.mp4,RealVideo-FakeAudio\Asian (South)\men\id00078\00114_fake.mp4,RealVideo-FakeAudio,1,fake,Asian (South),men,id00078,00114_fake.mp4,test
D:\SyncGuard\data\raw\FakeAVCeleb_v1.2\FakeAVCeleb_v1.2\RealVideo-FakeAudio\Asian (East)\women\id05576\00368_fake.mp4,RealVideo-FakeAudio\Asian (East)\women\id05576\00368_fake.mp4,RealVideo-FakeAudio,1,fake,Asian (East),women,id05576,00368_fake.mp4,train
D:\SyncGuard\data\raw\FakeAVCeleb_v1.2\FakeAVCeleb_v1.2\RealVideo-FakeAudio\Caucasian (European)\women\id03816\00093_fake.mp4,RealVideo-FakeAudio\Caucasian (European)\women\id03816\00093_fake.mp4,RealVideo-FakeAudio,1,fake,Caucasian (European),women,id03816,00093_fake.mp4,train
D:\SyncGuard\data\raw\FakeAVCeleb_v1.2\FakeAVCeleb_v1.2\FakeVideo-FakeAudio\Caucasian (European)\women\id00332\00293_id00330_zCFFgGSIZ_s_id03844_wavtolip.mp4,FakeVideo-FakeAudio\Caucasian (European)\women\id00332\00293_id00330_zCFFgGSIZ_s_id03844_wavtolip.mp4,FakeVideo-FakeAudio,1,fake,Caucasian (European),women,id00332,00293_id00330_zCFFgGSIZ_s_id03844_wavtolip.mp4,validation
D:\SyncGuard\data\raw\FakeAVCeleb_v1.2\FakeAVCeleb_v1.2\RealVideo-FakeAudio\Asian (South)\men\id07179\00206_fake.mp4,RealVideo-FakeAudio\Asian (South)\men\id07179\00206_fake.mp4,RealVideo-FakeAudio,1,fake,Asian (South),men,id07179,00206_fake.mp4,train
D:\SyncGuard\data\raw\FakeAVCeleb_v1.2\FakeAVCeleb_v1.2\FakeVideo-RealAudio\Caucasian (European)\men\id01157\00048_id00999_wavtolip.mp4,FakeVideo-RealAudio\Caucasian (European)\men\id01157\00048_id00999_wavtolip.mp4,FakeVideo-RealAudio,1,fake,Caucasian (European),men,id01157,00048_id00999_wavtolip.mp4,train
D:\SyncGuard\data\raw\FakeAVCeleb_v1.2\FakeAVCeleb_v1.2\RealVideo-FakeAudio\Asian (East)\women\id01281\00040_fake.mp4,RealVideo-FakeAudio\Asian (East)\women\id01281\00040_fake.mp4,RealVideo-FakeAudio,1,fake,Asian (East),women,id01281,00040_fake.mp4,test
D:\SyncGuard\data\raw\FakeAVCeleb_v1.2\FakeAVCeleb_v1.2\RealVideo-RealAudio\Asian (South)\women\id07049\00043.mp4,RealVideo-RealAudio\Asian (South)\women\id07049\00043.mp4,RealVideo-RealAudio,0,real,Asian (South),women,id07049,00043.mp4,train
D:\SyncGuard\data\raw\FakeAVCeleb_v1.2\FakeAVCeleb_v1.2\RealVideo-RealAudio\Caucasian (European)\women\id00374\00311.mp4,RealVideo-RealAudio\Caucasian (European)\women\id00374\00311.mp4,RealVideo-RealAudio,0,real,Caucasian (European),women,id00374,00311.mp4,train
D:\SyncGuard\data\raw\FakeAVCeleb_v1.2\FakeAVCeleb_v1.2\RealVideo-FakeAudio\Caucasian (American)\men\id03678\00078_fake.mp4,RealVideo-FakeAudio\Caucasian (American)\men\id03678\00078_fake.mp4,RealVideo-FakeAudio,1,fake,Caucasian (American),men,id03678,00078_fake.mp4,train
D:\SyncGuard\data\raw\FakeAVCeleb_v1.2\FakeAVCeleb_v1.2\RealVideo-RealAudio\Asian (South)\women\id04070\00072.mp4,RealVideo-RealAudio\Asian (South)\women\id04070\00072.mp4,RealVideo-RealAudio,0,real,Asian (South),women,id04070,00072.mp4,train
D:\SyncGuard\data\raw\FakeAVCeleb_v1.2\FakeAVCeleb_v1.2\RealVideo-FakeAudio\Asian (East)\women\id06054\00010_fake.mp4,RealVideo-FakeAudio\Asian (East)\women\id06054\00010_fake.mp4,RealVideo-FakeAudio,1,fake,Asian (East),women,id06054,00010_fake.mp4,train
D:\SyncGuard\data\raw\FakeAVCeleb_v1.2\FakeAVCeleb_v1.2\FakeVideo-FakeAudio\Asian (South)\men\id04560\00195_id00082_wavtolip.mp4,FakeVideo-FakeAudio\Asian (South)\men\id04560\00195_id00082_wavtolip.mp4,FakeVideo-FakeAudio,1,fake,Asian (South),men,id04560,00195_id00082_wavtolip.mp4,train
D:\SyncGuard\data\raw\FakeAVCeleb_v1.2\FakeAVCeleb_v1.2\FakeVideo-RealAudio\Caucasian (European)\women\id00403\00052_id01002_wavtolip.mp4,FakeVideo-RealAudio\Caucasian (European)\women\id00403\00052_id01002_wavtolip.mp4,FakeVideo-RealAudio,1,fake,Caucasian (European),women,id00403,00052_id01002_wavtolip.mp4,validation
D:\SyncGuard\data\raw\FakeAVCeleb_v1.2\FakeAVCeleb_v1.2\FakeVideo-FakeAudio\Caucasian (European)\women\id00491\00122_id00633_UXrTMta1EDM_faceswap_id00569_wavtolip.mp4,FakeVideo-FakeAudio\Caucasian (European)\women\id00491\00122_id00633_UXrTMta1EDM_faceswap_id00569_wavtolip.mp4,FakeVideo-FakeAudio,1,fake,Caucasian (European),women,id00491,00122_id00633_UXrTMta1EDM_faceswap_id00569_wavtolip.mp4,train
D:\SyncGuard\data\raw\FakeAVCeleb_v1.2\FakeAVCeleb_v1.2\RealVideo-FakeAudio\Asian (East)\women\id01451\00099_fake.mp4,RealVideo-FakeAudio\Asian (East)\women\id01451\00099_fake.mp4,RealVideo-FakeAudio,1,fake,Asian (East),women,id01451,00099_fake.mp4,train
D:\SyncGuard\data\raw\FakeAVCeleb_v1.2\FakeAVCeleb_v1.2\RealVideo-RealAudio\Caucasian (European)\men\id00559\00078.mp4,RealVideo-RealAudio\Caucasian (European)\men\id00559\00078.mp4,RealVideo-RealAudio,0,real,Caucasian (European),men,id00559,00078.mp4,test
D:\SyncGuard\data\raw\FakeAVCeleb_v1.2\FakeAVCeleb_v1.2\FakeVideo-FakeAudio\Caucasian (European)\men\id00183\00015_0_id01058_wavtolip.mp4,FakeVideo-FakeAudio\Caucasian (European)\men\id00183\00015_0_id01058_wavtolip.mp4,FakeVideo-FakeAudio,1,fake,Caucasian (European),men,id00183,00015_0_id01058_wavtolip.mp4,test
D:\SyncGuard\data\raw\FakeAVCeleb_v1.2\FakeAVCeleb_v1.2\FakeVideo-FakeAudio\Caucasian (European)\men\id01154\00118_id01099_wavtolip.mp4,FakeVideo-FakeAudio\Caucasian (European)\men\id01154\00118_id01099_wavtolip.mp4,FakeVideo-FakeAudio,1,fake,Caucasian (European),men,id01154,00118_id01099_wavtolip.mp4,train
D:\SyncGuard\data\raw\FakeAVCeleb_v1.2\FakeAVCeleb_v1.2\RealVideo-RealAudio\Caucasian (European)\men\id00709\00206.mp4,RealVideo-RealAudio\Caucasian (European)\men\id00709\00206.mp4,RealVideo-RealAudio,0,real,Caucasian (European),men,id00709,00206.mp4,train
D:\SyncGuard\data\raw\FakeAVCeleb_v1.2\FakeAVCeleb_v1.2\FakeVideo-RealAudio\Asian (East)\women\id07799\00063_id06158_C6FpHdewEzA.mp4,FakeVideo-RealAudio\Asian (East)\women\id07799\00063_id06158_C6FpHdewEzA.mp4,FakeVideo-RealAudio,1,fake,Asian (East),women,id07799,00063_id06158_C6FpHdewEzA.mp4,validation
D:\SyncGuard\data\raw\FakeAVCeleb_v1.2\FakeAVCeleb_v1.2\RealVideo-RealAudio\Asian (East)\women\id04066\00013.mp4,RealVideo-RealAudio\Asian (East)\women\id04066\00013.mp4,RealVideo-RealAudio,0,real,Asian (East),women,id04066,00013.mp4,validation
D:\SyncGuard\data\raw\FakeAVCeleb_v1.2\FakeAVCeleb_v1.2\RealVideo-FakeAudio\Caucasian (American)\men\id01044\00336_fake.mp4,RealVideo-FakeAudio\Caucasian (American)\men\id01044\00336_fake.mp4,RealVideo-FakeAudio,1,fake,Caucasian (American),men,id01044,00336_fake.mp4,train
D:\SyncGuard\data\raw\FakeAVCeleb_v1.2\FakeAVCeleb_v1.2\RealVideo-RealAudio\Caucasian (European)\men\id00498\00014.mp4,RealVideo-RealAudio\Caucasian (European)\men\id00498\00014.mp4,RealVideo-RealAudio,0,real,Caucasian (European),men,id00498,00014.mp4,train
D:\SyncGuard\data\raw\FakeAVCeleb_v1.2\FakeAVCeleb_v1.2\FakeVideo-FakeAudio\Caucasian (American)\men\id00529\00409_id01239_wavtolip.mp4,FakeVideo-FakeAudio\Caucasian (American)\men\id00529\00409_id01239_wavtolip.mp4,FakeVideo-FakeAudio,1,fake,Caucasian (American),men,id00529,00409_id01239_wavtolip.mp4,validation
D:\SyncGuard\data\raw\FakeAVCeleb_v1.2\FakeAVCeleb_v1.2\RealVideo-RealAudio\Asian (East)\women\id08819\00052.mp4,RealVideo-RealAudio\Asian (East)\women\id08819\00052.mp4,RealVideo-RealAudio,0,real,Asian (East),women,id08819,00052.mp4,train
D:\SyncGuard\data\raw\FakeAVCeleb_v1.2\FakeAVCeleb_v1.2\RealVideo-RealAudio\Caucasian (European)\men\id01154\00118.mp4,RealVideo-RealAudio\Caucasian (European)\men\id01154\00118.mp4,RealVideo-RealAudio,0,real,Caucasian (European),men,id01154,00118.mp4,train
D:\SyncGuard\data\raw\FakeAVCeleb_v1.2\FakeAVCeleb_v1.2\FakeVideo-RealAudio\Caucasian (European)\women\id00188\00020_id00373_5NXv3Dxkd6E.mp4,FakeVideo-RealAudio\Caucasian (European)\women\id00188\00020_id00373_5NXv3Dxkd6E.mp4,FakeVideo-RealAudio,1,fake,Caucasian (European),women,id00188,00020_id00373_5NXv3Dxkd6E.mp4,train
D:\SyncGuard\data\raw\FakeAVCeleb_v1.2\FakeAVCeleb_v1.2\FakeVideo-RealAudio\Caucasian (American)\men\id03668\00143_id00169_wavtolip.mp4,FakeVideo-RealAudio\Caucasian (American)\men\id03668\00143_id00169_wavtolip.mp4,FakeVideo-RealAudio,1,fake,Caucasian (American),men,id03668,00143_id00169_wavtolip.mp4,train
D:\SyncGuard\data\raw\FakeAVCeleb_v1.2\FakeAVCeleb_v1.2\FakeVideo-RealAudio\Asian (South)\men\id07200\00045_0.mp4,FakeVideo-RealAudio\Asian (South)\men\id07200\00045_0.mp4,FakeVideo-RealAudio,1,fake,Asian (South),men,id07200,00045_0.mp4,train
D:\SyncGuard\data\raw\FakeAVCeleb_v1.2\FakeAVCeleb_v1.2\FakeVideo-RealAudio\Caucasian (American)\women\id03556\00043_id00575_wavtolip.mp4,FakeVideo-RealAudio\Caucasian (American)\women\id03556\00043_id00575_wavtolip.mp4,FakeVideo-RealAudio,1,fake,Caucasian (American),women,id03556,00043_id00575_wavtolip.mp4,train
D:\SyncGuard\data\raw\FakeAVCeleb_v1.2\FakeAVCeleb_v1.2\FakeVideo-RealAudio\Caucasian (American)\women\id00462\00143_id01231_XXpYdOHUF-g.mp4,FakeVideo-RealAudio\Caucasian (American)\women\id00462\00143_id01231_XXpYdOHUF-g.mp4,FakeVideo-RealAudio,1,fake,Caucasian (American),women,id00462,00143_id01231_XXpYdOHUF-g.mp4,train
D:\SyncGuard\data\raw\FakeAVCeleb_v1.2\FakeAVCeleb_v1.2\RealVideo-FakeAudio\Caucasian (American)\men\id04073\00021_fake.mp4,RealVideo-FakeAudio\Caucasian (American)\men\id04073\00021_fake.mp4,RealVideo-FakeAudio,1,fake,Caucasian (American),men,id04073,00021_fake.mp4,validation
D:\SyncGuard\data\raw\FakeAVCeleb_v1.2\FakeAVCeleb_v1.2\RealVideo-FakeAudio\African\women\id05252\00052_fake.mp4,RealVideo-FakeAudio\African\women\id05252\00052_fake.mp4,RealVideo-FakeAudio,1,fake,African,women,id05252,00052_fake.mp4,train
D:\SyncGuard\data\raw\FakeAVCeleb_v1.2\FakeAVCeleb_v1.2\RealVideo-FakeAudio\Caucasian (European)\men\id00519\00028_fake.mp4,RealVideo-FakeAudio\Caucasian (European)\men\id00519\00028_fake.mp4,RealVideo-FakeAudio,1,fake,Caucasian (European),men,id00519,00028_fake.mp4,test
D:\SyncGuard\data\raw\FakeAVCeleb_v1.2\FakeAVCeleb_v1.2\RealVideo-FakeAudio\Caucasian (American)\men\id00708\00043_fake.mp4,RealVideo-FakeAudio\Caucasian (American)\men\id00708\00043_fake.mp4,RealVideo-FakeAudio,1,fake,Caucasian (American),men,id00708,00043_fake.mp4,train
D:\SyncGuard\data\raw\FakeAVCeleb_v1.2\FakeAVCeleb_v1.2\RealVideo-FakeAudio\Asian (South)\women\id04583\00077_fake.mp4,RealVideo-FakeAudio\Asian (South)\women\id04583\00077_fake.mp4,RealVideo-FakeAudio,1,fake,Asian (South),women,id04583,00077_fake.mp4,train
D:\SyncGuard\data\raw\FakeAVCeleb_v1.2\FakeAVCeleb_v1.2\FakeVideo-FakeAudio\Caucasian (European)\men\id00990\00160_id00946_wavtolip.mp4,FakeVideo-FakeAudio\Caucasian (European)\men\id00990\00160_id00946_wavtolip.mp4,FakeVideo-FakeAudio,1,fake,Caucasian (European),men,id00990,00160_id00946_wavtolip.mp4,test
D:\SyncGuard\data\raw\FakeAVCeleb_v1.2\FakeAVCeleb_v1.2\RealVideo-RealAudio\Caucasian (American)\men\id01168\00028.mp4,RealVideo-RealAudio\Caucasian (American)\men\id01168\00028.mp4,RealVideo-RealAudio,0,real,Caucasian (American),men,id01168,00028.mp4,validation
D:\SyncGuard\data\raw\FakeAVCeleb_v1.2\FakeAVCeleb_v1.2\RealVideo-FakeAudio\African\men\id01171\00053_fake.mp4,RealVideo-FakeAudio\African\men\id01171\00053_fake.mp4,RealVideo-FakeAudio,1,fake,African,men,id01171,00053_fake.mp4,test
D:\SyncGuard\data\raw\FakeAVCeleb_v1.2\FakeAVCeleb_v1.2\FakeVideo-RealAudio\Asian (South)\men\id00857\00347_id07768_wavtolip.mp4,FakeVideo-RealAudio\Asian (South)\men\id00857\00347_id07768_wavtolip.mp4,FakeVideo-RealAudio,1,fake,Asian (South),men,id00857,00347_id07768_wavtolip.mp4,train
D:\SyncGuard\data\raw\FakeAVCeleb_v1.2\FakeAVCeleb_v1.2\FakeVideo-RealAudio\Caucasian (American)\men\id01124\00063_id00029_wavtolip.mp4,FakeVideo-RealAudio\Caucasian (American)\men\id01124\00063_id00029_wavtolip.mp4,FakeVideo-RealAudio,1,fake,Caucasian (American),men,id01124,00063_id00029_wavtolip.mp4,train
D:\SyncGuard\data\raw\FakeAVCeleb_v1.2\FakeAVCeleb_v1.2\RealVideo-FakeAudio\African\women\id00829\00271_fake.mp4,RealVideo-FakeAudio\African\women\id00829\00271_fake.mp4,RealVideo-FakeAudio,1,fake,African,women,id00829,00271_fake.mp4,validation
D:\SyncGuard\data\raw\FakeAVCeleb_v1.2\FakeAVCeleb_v1.2\RealVideo-RealAudio\African\men\id01521\00109.mp4,RealVideo-RealAudio\African\men\id01521\00109.mp4,RealVideo-RealAudio,0,real,African,men,id01521,00109.mp4,train
D:\SyncGuard\data\raw\FakeAVCeleb_v1.2\FakeAVCeleb_v1.2\RealVideo-RealAudio\Caucasian (European)\men\id00292\00072.mp4,RealVideo-RealAudio\Caucasian (European)\men\id00292\00072.mp4,RealVideo-RealAudio,0,real,Caucasian (European),men,id00292,00072.mp4,train
D:\SyncGuard\data\raw\FakeAVCeleb_v1.2\FakeAVCeleb_v1.2\RealVideo-FakeAudio\Caucasian (American)\women\id01216\00025_fake.mp4,RealVideo-FakeAudio\Caucasian (American)\women\id01216\00025_fake.mp4,RealVideo-FakeAudio,1,fake,Caucasian (American),women,id01216,00025_fake.mp4,train
D:\SyncGuard\data\raw\FakeAVCeleb_v1.2\FakeAVCeleb_v1.2\RealVideo-FakeAudio\Asian (East)\men\id02332\00055_fake.mp4,RealVideo-FakeAudio\Asian (East)\men\id02332\00055_fake.mp4,RealVideo-FakeAudio,1,fake,Asian (East),men,id02332,00055_fake.mp4,validation
D:\SyncGuard\data\raw\FakeAVCeleb_v1.2\FakeAVCeleb_v1.2\FakeVideo-RealAudio\Asian (East)\men\id00863\00069_id03965_wavtolip.mp4,FakeVideo-RealAudio\Asian (East)\men\id00863\00069_id03965_wavtolip.mp4,FakeVideo-RealAudio,1,fake,Asian (East),men,id00863,00069_id03965_wavtolip.mp4,test
D:\SyncGuard\data\raw\FakeAVCeleb_v1.2\FakeAVCeleb_v1.2\FakeVideo-RealAudio\Asian (East)\women\id04057\00015_id07383_G9gjJrz6L94.mp4,FakeVideo-RealAudio\Asian (East)\women\id04057\00015_id07383_G9gjJrz6L94.mp4,FakeVideo-RealAudio,1,fake,Asian (East),women,id04057,00015_id07383_G9gjJrz6L94.mp4,train
D:\SyncGuard\data\raw\FakeAVCeleb_v1.2\FakeAVCeleb_v1.2\RealVideo-RealAudio\Caucasian (American)\women\id00462\00143.mp4,RealVideo-RealAudio\Caucasian (American)\women\id00462\00143.mp4,RealVideo-RealAudio,0,real,Caucasian (American),women,id00462,00143.mp4,train
D:\SyncGuard\data\raw\FakeAVCeleb_v1.2\FakeAVCeleb_v1.2\RealVideo-FakeAudio\Asian (East)\women\id03379\00032_fake.mp4,RealVideo-FakeAudio\Asian (East)\women\id03379\00032_fake.mp4,RealVideo-FakeAudio,1,fake,Asian (East),women,id03379,00032_fake.mp4,train
D:\SyncGuard\data\raw\FakeAVCeleb_v1.2\FakeAVCeleb_v1.2\FakeVideo-RealAudio\Caucasian (American)\men\id03525\00048_id04219_wavtolip.mp4,FakeVideo-RealAudio\Caucasian (American)\men\id03525\00048_id04219_wavtolip.mp4,FakeVideo-RealAudio,1,fake,Caucasian (American),men,id03525,00048_id04219_wavtolip.mp4,test
D:\SyncGuard\data\raw\FakeAVCeleb_v1.2\FakeAVCeleb_v1.2\FakeVideo-RealAudio\Caucasian (European)\men\id00063\00021_id00282_iTsqWj6GEbo.mp4,FakeVideo-RealAudio\Caucasian (European)\men\id00063\00021_id00282_iTsqWj6GEbo.mp4,FakeVideo-RealAudio,1,fake,Caucasian (European),men,id00063,00021_id00282_iTsqWj6GEbo.mp4,validation
D:\SyncGuard\data\raw\FakeAVCeleb_v1.2\FakeAVCeleb_v1.2\RealVideo-RealAudio\African\men\id01207\00320.mp4,RealVideo-RealAudio\African\men\id01207\00320.mp4,RealVideo-RealAudio,0,real,African,men,id01207,00320.mp4,test
D:\SyncGuard\data\raw\FakeAVCeleb_v1.2\FakeAVCeleb_v1.2\RealVideo-RealAudio\African\women\id03658\00077.mp4,RealVideo-RealAudio\African\women\id03658\00077.mp4,RealVideo-RealAudio,0,real,African,women,id03658,00077.mp4,train
D:\SyncGuard\data\raw\FakeAVCeleb_v1.2\FakeAVCeleb_v1.2\RealVideo-FakeAudio\Caucasian (European)\women\id00806\00005_fake.mp4,RealVideo-FakeAudio\Caucasian (European)\women\id00806\00005_fake.mp4,RealVideo-FakeAudio,1,fake,Caucasian (European),women,id00806,00005_fake.mp4,train
D:\SyncGuard\data\raw\FakeAVCeleb_v1.2\FakeAVCeleb_v1.2\RealVideo-FakeAudio\African\men\id00701\00092_fake.mp4,RealVideo-FakeAudio\African\men\id00701\00092_fake.mp4,RealVideo-FakeAudio,1,fake,African,men,id00701,00092_fake.mp4,train
D:\SyncGuard\data\raw\FakeAVCeleb_v1.2\FakeAVCeleb_v1.2\FakeVideo-FakeAudio\Asian (South)\women\id03897\00021_id04583_M10zZFjuAb0_id06438_wavtolip.mp4,FakeVideo-FakeAudio\Asian (South)\women\id03897\00021_id04583_M10zZFjuAb0_id06438_wavtolip.mp4,FakeVideo-FakeAudio,1,fake,Asian (South),women,id03897,00021_id04583_M10zZFjuAb0_id06438_wavtolip.mp4,train
D:\SyncGuard\data\raw\FakeAVCeleb_v1.2\FakeAVCeleb_v1.2\RealVideo-FakeAudio\Asian (East)\men\id06152\00302_fake.mp4,RealVideo-FakeAudio\Asian (East)\men\id06152\00302_fake.mp4,RealVideo-FakeAudio,1,fake,Asian (East),men,id06152,00302_fake.mp4,train
D:\SyncGuard\data\raw\FakeAVCeleb_v1.2\FakeAVCeleb_v1.2\FakeVideo-FakeAudio\Asian (South)\men\id00459\00382_id07108_qwfQPcvjGRY_id00082_wavtolip.mp4,FakeVideo-FakeAudio\Asian (South)\men\id00459\00382_id07108_qwfQPcvjGRY_id00082_wavtolip.mp4,FakeVideo-FakeAudio,1,fake,Asian (South),men,id00459,00382_id07108_qwfQPcvjGRY_id00082_wavtolip.mp4,train
D:\SyncGuard\data\raw\FakeAVCeleb_v1.2\FakeAVCeleb_v1.2\RealVideo-RealAudio\Caucasian (European)\women\id03858\00092.mp4,RealVideo-RealAudio\Caucasian (European)\women\id03858\00092.mp4,RealVideo-RealAudio,0,real,Caucasian (European),women,id03858,00092.mp4,train
D:\SyncGuard\data\raw\FakeAVCeleb_v1.2\FakeAVCeleb_v1.2\FakeVideo-FakeAudio\Caucasian (European)\men\id00185\00015_id01123_wavtolip.mp4,FakeVideo-FakeAudio\Caucasian (European)\men\id00185\00015_id01123_wavtolip.mp4,FakeVideo-FakeAudio,1,fake,Caucasian (European),men,id00185,00015_id01123_wavtolip.mp4,train
D:\SyncGuard\data\raw\FakeAVCeleb_v1.2\FakeAVCeleb_v1.2\RealVideo-FakeAudio\Asian (East)\men\id06535\00183_fake.mp4,RealVideo-FakeAudio\Asian (East)\men\id06535\00183_fake.mp4,RealVideo-FakeAudio,1,fake,Asian (East),men,id06535,00183_fake.mp4,train
D:\SyncGuard\data\raw\FakeAVCeleb_v1.2\FakeAVCeleb_v1.2\FakeVideo-FakeAudio\Caucasian (American)\women\id00575\00092_id00842__jwlpdZvqus_id00616_wavtolip.mp4,FakeVideo-FakeAudio\Caucasian (American)\women\id00575\00092_id00842__jwlpdZvqus_id00616_wavtolip.mp4,FakeVideo-FakeAudio,1,fake,Caucasian (American),women,id00575,00092_id00842__jwlpdZvqus_id00616_wavtolip.mp4,train
D:\SyncGuard\data\raw\FakeAVCeleb_v1.2\FakeAVCeleb_v1.2\FakeVideo-RealAudio\African\men\id00830\00143_id00076_Isiq7cA-DNE_faceswap.mp4,FakeVideo-RealAudio\African\men\id00830\00143_id00076_Isiq7cA-DNE_faceswap.mp4,FakeVideo-RealAudio,1,fake,African,men,id00830,00143_id00076_Isiq7cA-DNE_faceswap.mp4,train
D:\SyncGuard\data\raw\FakeAVCeleb_v1.2\FakeAVCeleb_v1.2\RealVideo-RealAudio\Caucasian (American)\men\id01048\00160.mp4,RealVideo-RealAudio\Caucasian (American)\men\id01048\00160.mp4,RealVideo-RealAudio,0,real,Caucasian (American),men,id01048,00160.mp4,validation
D:\SyncGuard\data\raw\FakeAVCeleb_v1.2\FakeAVCeleb_v1.2\RealVideo-RealAudio\Caucasian (European)\men\id00171\00092.mp4,RealVideo-RealAudio\Caucasian (European)\men\id00171\00092.mp4,RealVideo-RealAudio,0,real,Caucasian (European),men,id00171,00092.mp4,validation
D:\SyncGuard\data\raw\FakeAVCeleb_v1.2\FakeAVCeleb_v1.2\FakeVideo-FakeAudio\Caucasian (American)\women\id00418\00052_id02466_wavtolip.mp4,FakeVideo-FakeAudio\Caucasian (American)\women\id00418\00052_id02466_wavtolip.mp4,FakeVideo-FakeAudio,1,fake,Caucasian (American),women,id00418,00052_id02466_wavtolip.mp4,train
D:\SyncGuard\data\raw\FakeAVCeleb_v1.2\FakeAVCeleb_v1.2\RealVideo-FakeAudio\Caucasian (American)\men\id00018\00181_fake.mp4,RealVideo-FakeAudio\Caucasian (American)\men\id00018\00181_fake.mp4,RealVideo-FakeAudio,1,fake,Caucasian (American),men,id00018,00181_fake.mp4,train
D:\SyncGuard\data\raw\FakeAVCeleb_v1.2\FakeAVCeleb_v1.2\RealVideo-RealAudio\Caucasian (European)\women\id03651\00092.mp4,RealVideo-RealAudio\Caucasian (European)\women\id03651\00092.mp4,RealVideo-RealAudio,0,real,Caucasian (European),women,id03651,00092.mp4,test
D:\SyncGuard\data\raw\FakeAVCeleb_v1.2\FakeAVCeleb_v1.2\FakeVideo-FakeAudio\Asian (South)\men\id07058\00010_id04562_qio_Gs7wjvY_id06753_wavtolip.mp4,FakeVideo-FakeAudio\Asian (South)\men\id07058\00010_id04562_qio_Gs7wjvY_id06753_wavtolip.mp4,FakeVideo-FakeAudio,1,fake,Asian (South),men,id07058,00010_id04562_qio_Gs7wjvY_id06753_wavtolip.mp4,train
D:\SyncGuard\data\raw\FakeAVCeleb_v1.2\FakeAVCeleb_v1.2\FakeVideo-RealAudio\African\women\id03656\00052_id02948__ZEDGNWjuFE.mp4,FakeVideo-RealAudio\African\women\id03656\00052_id02948__ZEDGNWjuFE.mp4,FakeVideo-RealAudio,1,fake,African,women,id03656,00052_id02948__ZEDGNWjuFE.mp4,train
D:\SyncGuard\data\raw\FakeAVCeleb_v1.2\FakeAVCeleb_v1.2\RealVideo-RealAudio\African\women\id00829\00271.mp4,RealVideo-RealAudio\African\women\id00829\00271.mp4,RealVideo-RealAudio,0,real,African,women,id00829,00271.mp4,validation
D:\SyncGuard\data\raw\FakeAVCeleb_v1.2\FakeAVCeleb_v1.2\RealVideo-RealAudio\Asian (East)\women\id05620\00005.mp4,RealVideo-RealAudio\Asian (East)\women\id05620\00005.mp4,RealVideo-RealAudio,0,real,Asian (East),women,id05620,00005.mp4,validation
D:\SyncGuard\data\raw\FakeAVCeleb_v1.2\FakeAVCeleb_v1.2\RealVideo-RealAudio\Caucasian (European)\men\id00265\00130.mp4,RealVideo-RealAudio\Caucasian (European)\men\id00265\00130.mp4,RealVideo-RealAudio,0,real,Caucasian (European),men,id00265,00130.mp4,test
D:\SyncGuard\data\raw\FakeAVCeleb_v1.2\FakeAVCeleb_v1.2\FakeVideo-FakeAudio\Asian (South)\men\id08457\00417_id00103_qpTVaP4y5DQ_faceswap_id08457_wavtolip.mp4,FakeVideo-FakeAudio\Asian (South)\men\id08457\00417_id00103_qpTVaP4y5DQ_faceswap_id08457_wavtolip.mp4,FakeVideo-FakeAudio,1,fake,Asian (South),men,id08457,00417_id00103_qpTVaP4y5DQ_faceswap_id08457_wavtolip.mp4,validation
D:\SyncGuard\data\raw\FakeAVCeleb_v1.2\FakeAVCeleb_v1.2\FakeVideo-RealAudio\Caucasian (American)\women\id03556\00043_id00431_wavtolip.mp4,FakeVideo-RealAudio\Caucasian (American)\women\id03556\00043_id00431_wavtolip.mp4,FakeVideo-RealAudio,1,fake,Caucasian (American),women,id03556,00043_id00431_wavtolip.mp4,train
D:\SyncGuard\data\raw\FakeAVCeleb_v1.2\FakeAVCeleb_v1.2\RealVideo-FakeAudio\Caucasian (European)\women\id00484\00202_fake.mp4,RealVideo-FakeAudio\Caucasian (European)\women\id00484\00202_fake.mp4,RealVideo-FakeAudio,1,fake,Caucasian (European),women,id00484,00202_fake.mp4,train
D:\SyncGuard\data\raw\FakeAVCeleb_v1.2\FakeAVCeleb_v1.2\RealVideo-FakeAudio\Asian (East)\women\id06061\00002_fake.mp4,RealVideo-FakeAudio\Asian (East)\women\id06061\00002_fake.mp4,RealVideo-FakeAudio,1,fake,Asian (East),women,id06061,00002_fake.mp4,train
D:\SyncGuard\data\raw\FakeAVCeleb_v1.2\FakeAVCeleb_v1.2\RealVideo-RealAudio\Caucasian (American)\men\id01105\00083.mp4,RealVideo-RealAudio\Caucasian (American)\men\id01105\00083.mp4,RealVideo-RealAudio,0,real,Caucasian (American),men,id01105,00083.mp4,train
D:\SyncGuard\data\raw\FakeAVCeleb_v1.2\FakeAVCeleb_v1.2\RealVideo-FakeAudio\Caucasian (American)\women\id03781\00113_fake.mp4,RealVideo-FakeAudio\Caucasian (American)\women\id03781\00113_fake.mp4,RealVideo-FakeAudio,1,fake,Caucasian (American),women,id03781,00113_fake.mp4,validation
D:\SyncGuard\data\raw\FakeAVCeleb_v1.2\FakeAVCeleb_v1.2\RealVideo-FakeAudio\Asian (East)\men\id03028\00466_fake.mp4,RealVideo-FakeAudio\Asian (East)\men\id03028\00466_fake.mp4,RealVideo-FakeAudio,1,fake,Asian (East),men,id03028,00466_fake.mp4,train
D:\SyncGuard\data\raw\FakeAVCeleb_v1.2\FakeAVCeleb_v1.2\RealVideo-FakeAudio\Asian (South)\men\id06355\00347_fake.mp4,RealVideo-FakeAudio\Asian (South)\men\id06355\00347_fake.mp4,RealVideo-FakeAudio,1,fake,Asian (South),men,id06355,00347_fake.mp4,train
D:\SyncGuard\data\raw\FakeAVCeleb_v1.2\FakeAVCeleb_v1.2\RealVideo-RealAudio\Caucasian (European)\men\id00919\00063.mp4,RealVideo-RealAudio\Caucasian (European)\men\id00919\00063.mp4,RealVideo-RealAudio,0,real,Caucasian (European),men,id00919,00063.mp4,train
D:\SyncGuard\data\raw\FakeAVCeleb_v1.2\FakeAVCeleb_v1.2\FakeVideo-FakeAudio\African\women\id02617\00028_id03656_wavtolip.mp4,FakeVideo-FakeAudio\African\women\id02617\00028_id03656_wavtolip.mp4,FakeVideo-FakeAudio,1,fake,African,women,id02617,00028_id03656_wavtolip.mp4,test
D:\SyncGuard\data\raw\FakeAVCeleb_v1.2\FakeAVCeleb_v1.2\RealVideo-FakeAudio\Asian (East)\women\id04144\00028_fake.mp4,RealVideo-FakeAudio\Asian (East)\women\id04144\00028_fake.mp4,RealVideo-FakeAudio,1,fake,Asian (East),women,id04144,00028_fake.mp4,train
D:\SyncGuard\data\raw\FakeAVCeleb_v1.2\FakeAVCeleb_v1.2\RealVideo-RealAudio\Asian (East)\women\id07799\00063.mp4,RealVideo-RealAudio\Asian (East)\women\id07799\00063.mp4,RealVideo-RealAudio,0,real,Asian (East),women,id07799,00063.mp4,validation
D:\SyncGuard\data\raw\FakeAVCeleb_v1.2\FakeAVCeleb_v1.2\FakeVideo-RealAudio\Asian (East)\women\id02807\00032_id05844_wavtolip.mp4,FakeVideo-RealAudio\Asian (East)\women\id02807\00032_id05844_wavtolip.mp4,FakeVideo-RealAudio,1,fake,Asian (East),women,id02807,00032_id05844_wavtolip.mp4,train
D:\SyncGuard\data\raw\FakeAVCeleb_v1.2\FakeAVCeleb_v1.2\FakeVideo-RealAudio\Caucasian (European)\women\id00434\00046_id00325_wavtolip.mp4,FakeVideo-RealAudio\Caucasian (European)\women\id00434\00046_id00325_wavtolip.mp4,FakeVideo-RealAudio,1,fake,Caucasian (European),women,id00434,00046_id00325_wavtolip.mp4,train
D:\SyncGuard\data\raw\FakeAVCeleb_v1.2\FakeAVCeleb_v1.2\FakeVideo-FakeAudio\Caucasian (European)\women\id00735\00037_id00484_wavtolip.mp4,FakeVideo-FakeAudio\Caucasian (European)\women\id00735\00037_id00484_wavtolip.mp4,FakeVideo-FakeAudio,1,fake,Caucasian (European),women,id00735,00037_id00484_wavtolip.mp4,train
D:\SyncGuard\data\raw\FakeAVCeleb_v1.2\FakeAVCeleb_v1.2\FakeVideo-RealAudio\Caucasian (European)\women\id00332\00293_id00270_wavtolip.mp4,FakeVideo-RealAudio\Caucasian (European)\women\id00332\00293_id00270_wavtolip.mp4,FakeVideo-RealAudio,1,fake,Caucasian (European),women,id00332,00293_id00270_wavtolip.mp4,validation
D:\SyncGuard\data\raw\FakeAVCeleb_v1.2\FakeAVCeleb_v1.2\RealVideo-FakeAudio\Caucasian (American)\men\id00529\00409_fake.mp4,RealVideo-FakeAudio\Caucasian (American)\men\id00529\00409_fake.mp4,RealVideo-FakeAudio,1,fake,Caucasian (American),men,id00529,00409_fake.mp4,validation
D:\SyncGuard\data\raw\FakeAVCeleb_v1.2\FakeAVCeleb_v1.2\FakeVideo-FakeAudio\Caucasian (American)\women\id01225\00300_id00231_wavtolip.mp4,FakeVideo-FakeAudio\Caucasian (American)\women\id01225\00300_id00231_wavtolip.mp4,FakeVideo-FakeAudio,1,fake,Caucasian (American),women,id01225,00300_id00231_wavtolip.mp4,train
D:\SyncGuard\data\raw\FakeAVCeleb_v1.2\FakeAVCeleb_v1.2\RealVideo-FakeAudio\Caucasian (American)\men\id01175\00025_fake.mp4,RealVideo-FakeAudio\Caucasian (American)\men\id01175\00025_fake.mp4,RealVideo-FakeAudio,1,fake,Caucasian (American),men,id01175,00025_fake.mp4,validation
D:\SyncGuard\data\raw\FakeAVCeleb_v1.2\FakeAVCeleb_v1.2\RealVideo-RealAudio\Asian (South)\men\id00745\00165.mp4,RealVideo-RealAudio\Asian (South)\men\id00745\00165.mp4,RealVideo-RealAudio,0,real,Asian (South),men,id00745,00165.mp4,test
D:\SyncGuard\data\raw\FakeAVCeleb_v1.2\FakeAVCeleb_v1.2\FakeVideo-FakeAudio\Asian (South)\men\id00816\00118_id04562_qio_Gs7wjvY_id03344_wavtolip (1).mp4,FakeVideo-FakeAudio\Asian (South)\men\id00816\00118_id04562_qio_Gs7wjvY_id03344_wavtolip (1).mp4,FakeVideo-FakeAudio,1,fake,Asian (South),men,id00816,00118_id04562_qio_Gs7wjvY_id03344_wavtolip (1).mp4,validation
D:\SyncGuard\data\raw\FakeAVCeleb_v1.2\FakeAVCeleb_v1.2\RealVideo-RealAudio\Asian (East)\women\id06388\00005.mp4,RealVideo-RealAudio\Asian (East)\women\id06388\00005.mp4,RealVideo-RealAudio,0,real,Asian (East),women,id06388,00005.mp4,train
D:\SyncGuard\data\raw\FakeAVCeleb_v1.2\FakeAVCeleb_v1.2\FakeVideo-FakeAudio\Caucasian (American)\women\id01005\00028_id00841_fpsEfICAgxk_id00025_wavtolip.mp4,FakeVideo-FakeAudio\Caucasian (American)\women\id01005\00028_id00841_fpsEfICAgxk_id00025_wavtolip.mp4,FakeVideo-FakeAudio,1,fake,Caucasian (American),women,id01005,00028_id00841_fpsEfICAgxk_id00025_wavtolip.mp4,train
D:\SyncGuard\data\raw\FakeAVCeleb_v1.2\FakeAVCeleb_v1.2\FakeVideo-FakeAudio\Asian (East)\men\id02332\00055_id02553_QTahH2rc8go_id02561_wavtolip.mp4,FakeVideo-FakeAudio\Asian (East)\men\id02332\00055_id02553_QTahH2rc8go_id02561_wavtolip.mp4,FakeVideo-FakeAudio,1,fake,Asian (East),men,id02332,00055_id02553_QTahH2rc8go_id02561_wavtolip.mp4,validation
D:\SyncGuard\data\raw\FakeAVCeleb_v1.2\FakeAVCeleb_v1.2\FakeVideo-RealAudio\Caucasian (American)\women\id00841\00078_id01005_lJZrqhcRFSA.mp4,FakeVideo-RealAudio\Caucasian (American)\women\id00841\00078_id01005_lJZrqhcRFSA.mp4,FakeVideo-RealAudio,1,fake,Caucasian (American),women,id00841,00078_id01005_lJZrqhcRFSA.mp4,test
D:\SyncGuard\data\raw\FakeAVCeleb_v1.2\FakeAVCeleb_v1.2\RealVideo-RealAudio\Caucasian (European)\men\id00253\00021.mp4,RealVideo-RealAudio\Caucasian (European)\men\id00253\00021.mp4,RealVideo-RealAudio,0,real,Caucasian (European),men,id00253,00021.mp4,train
D:\SyncGuard\data\raw\FakeAVCeleb_v1.2\FakeAVCeleb_v1.2\FakeVideo-RealAudio\Asian (South)\men\id00078\00114_id07233_wavtolip.mp4,FakeVideo-RealAudio\Asian (South)\men\id00078\00114_id07233_wavtolip.mp4,FakeVideo-RealAudio,1,fake,Asian (South),men,id00078,00114_id07233_wavtolip.mp4,test
D:\SyncGuard\data\raw\FakeAVCeleb_v1.2\FakeAVCeleb_v1.2\FakeVideo-RealAudio\Asian (East)\women\id05631\00073_id05844_bkmHULxZv40.mp4,FakeVideo-RealAudio\Asian (East)\women\id05631\00073_id05844_bkmHULxZv40.mp4,FakeVideo-RealAudio,1,fake,Asian (East),women,id05631,00073_id05844_bkmHULxZv40.mp4,validation
D:\SyncGuard\data\raw\FakeAVCeleb_v1.2\FakeAVCeleb_v1.2\FakeVideo-FakeAudio\Caucasian (European)\men\id00709\00206_id03205_gXytNIcANKw_id00241_wavtolip.mp4,FakeVideo-FakeAudio\Caucasian (European)\men\id00709\00206_id03205_gXytNIcANKw_id00241_wavtolip.mp4,FakeVideo-FakeAudio,1,fake,Caucasian (European),men,id00709,00206_id03205_gXytNIcANKw_id00241_wavtolip.mp4,train
D:\SyncGuard\data\raw\FakeAVCeleb_v1.2\FakeAVCeleb_v1.2\FakeVideo-FakeAudio\Caucasian (European)\women\id00569\00239_2_id00287_wavtolip.mp4,FakeVideo-FakeAudio\Caucasian (European)\women\id00569\00239_2_id00287_wavtolip.mp4,FakeVideo-FakeAudio,1,fake,Caucasian (European),women,id00569,00239_2_id00287_wavtolip.mp4,train
D:\SyncGuard\data\raw\FakeAVCeleb_v1.2\FakeAVCeleb_v1.2\RealVideo-FakeAudio\Asian (East)\men\id05383\00015_fake.mp4,RealVideo-FakeAudio\Asian (East)\men\id05383\00015_fake.mp4,RealVideo-FakeAudio,1,fake,Asian (East),men,id05383,00015_fake.mp4,train
D:\SyncGuard\data\raw\FakeAVCeleb_v1.2\FakeAVCeleb_v1.2\FakeVideo-FakeAudio\African\women\id02586\00042_id04939_i4v2cXo9HIQ_id04736_wavtolip.mp4,FakeVideo-FakeAudio\African\women\id02586\00042_id04939_i4v2cXo9HIQ_id04736_wavtolip.mp4,FakeVideo-FakeAudio,1,fake,African,women,id02586,00042_id04939_i4v2cXo9HIQ_id04736_wavtolip.mp4,test
D:\SyncGuard\data\raw\FakeAVCeleb_v1.2\FakeAVCeleb_v1.2\FakeVideo-RealAudio\Asian (East)\women\id08402\00092_id04414_wavtolip.mp4,FakeVideo-RealAudio\Asian (East)\women\id08402\00092_id04414_wavtolip.mp4,FakeVideo-RealAudio,1,fake,Asian (East),women,id08402,00092_id04414_wavtolip.mp4,train
D:\SyncGuard\data\raw\FakeAVCeleb_v1.2\FakeAVCeleb_v1.2\RealVideo-RealAudio\African\women\id04540\00078.mp4,RealVideo-RealAudio\African\women\id04540\00078.mp4,RealVideo-RealAudio,0,real,African,women,id04540,00078.mp4,train
D:\SyncGuard\data\raw\FakeAVCeleb_v1.2\FakeAVCeleb_v1.2\RealVideo-FakeAudio\Asian (South)\men\id00032\00028_fake.mp4,RealVideo-FakeAudio\Asian (South)\men\id00032\00028_fake.mp4,RealVideo-FakeAudio,1,fake,Asian (South),men,id00032,00028_fake.mp4,train
D:\SyncGuard\data\raw\FakeAVCeleb_v1.2\FakeAVCeleb_v1.2\RealVideo-FakeAudio\African\men\id01452\00001_fake.mp4,RealVideo-FakeAudio\African\men\id01452\00001_fake.mp4,RealVideo-FakeAudio,1,fake,African,men,id01452,00001_fake.mp4,train
D:\SyncGuard\data\raw\FakeAVCeleb_v1.2\FakeAVCeleb_v1.2\FakeVideo-RealAudio\African\men\id01610\00090_id01236_wavtolip.mp4,FakeVideo-RealAudio\African\men\id01610\00090_id01236_wavtolip.mp4,FakeVideo-RealAudio,1,fake,African,men,id01610,00090_id01236_wavtolip.mp4,train
D:\SyncGuard\data\raw\FakeAVCeleb_v1.2\FakeAVCeleb_v1.2\RealVideo-RealAudio\Asian (South)\men\id07233\00010.mp4,RealVideo-RealAudio\Asian (South)\men\id07233\00010.mp4,RealVideo-RealAudio,0,real,Asian (South),men,id07233,00010.mp4,train
D:\SyncGuard\data\raw\FakeAVCeleb_v1.2\FakeAVCeleb_v1.2\RealVideo-RealAudio\African\women\id04245\00072.mp4,RealVideo-RealAudio\African\women\id04245\00072.mp4,RealVideo-RealAudio,0,real,African,women,id04245,00072.mp4,train
D:\SyncGuard\data\raw\FakeAVCeleb_v1.2\FakeAVCeleb_v1.2\RealVideo-RealAudio\Asian (East)\men\id04789\002121.mp4,RealVideo-RealAudio\Asian (East)\men\id04789\002121.mp4,RealVideo-RealAudio,0,real,Asian (East),men,id04789,002121.mp4,train
D:\SyncGuard\data\raw\FakeAVCeleb_v1.2\FakeAVCeleb_v1.2\RealVideo-RealAudio\African\men\id01036\00010.mp4,RealVideo-RealAudio\African\men\id01036\00010.mp4,RealVideo-RealAudio,0,real,African,men,id01036,00010.mp4,train
D:\SyncGuard\data\raw\FakeAVCeleb_v1.2\FakeAVCeleb_v1.2\RealVideo-RealAudio\Asian (South)\men\id00732\00118.mp4,RealVideo-RealAudio\Asian (South)\men\id00732\00118.mp4,RealVideo-RealAudio,0,real,Asian (South),men,id00732,00118.mp4,train
D:\SyncGuard\data\raw\FakeAVCeleb_v1.2\FakeAVCeleb_v1.2\RealVideo-FakeAudio\Caucasian (European)\women\id00897\00005_fake.mp4,RealVideo-FakeAudio\Caucasian (European)\women\id00897\00005_fake.mp4,RealVideo-FakeAudio,1,fake,Caucasian (European),women,id00897,00005_fake.mp4,train
D:\SyncGuard\data\raw\FakeAVCeleb_v1.2\FakeAVCeleb_v1.2\RealVideo-RealAudio\African\men\id00475\00099.mp4,RealVideo-RealAudio\African\men\id00475\00099.mp4,RealVideo-RealAudio,0,real,African,men,id00475,00099.mp4,train
D:\SyncGuard\data\raw\FakeAVCeleb_v1.2\FakeAVCeleb_v1.2\FakeVideo-FakeAudio\Asian (South)\men\id06355\00347_1_id00857_wavtolip.mp4,FakeVideo-FakeAudio\Asian (South)\men\id06355\00347_1_id00857_wavtolip.mp4,FakeVideo-FakeAudio,1,fake,Asian (South),men,id06355,00347_1_id00857_wavtolip.mp4,train
D:\SyncGuard\data\raw\FakeAVCeleb_v1.2\FakeAVCeleb_v1.2\FakeVideo-FakeAudio\Caucasian (American)\men\id00184\00241_id00021_wavtolip.mp4,FakeVideo-FakeAudio\Caucasian (American)\men\id00184\00241_id00021_wavtolip.mp4,FakeVideo-FakeAudio,1,fake,Caucasian (American),men,id00184,00241_id00021_wavtolip.mp4,test
D:\SyncGuard\data\raw\FakeAVCeleb_v1.2\FakeAVCeleb_v1.2\FakeVideo-RealAudio\African\women\id03569\00065_id01838_q_lUk55OrL0.mp4,FakeVideo-RealAudio\African\women\id03569\00065_id01838_q_lUk55OrL0.mp4,FakeVideo-RealAudio,1,fake,African,women,id03569,00065_id01838_q_lUk55OrL0.mp4,train
D:\SyncGuard\data\raw\FakeAVCeleb_v1.2\FakeAVCeleb_v1.2\RealVideo-FakeAudio\Caucasian (European)\men\id00292\00072_fake.mp4,RealVideo-FakeAudio\Caucasian (European)\men\id00292\00072_fake.mp4,RealVideo-FakeAudio,1,fake,Caucasian (European),men,id00292,00072_fake.mp4,train
D:\SyncGuard\data\raw\FakeAVCeleb_v1.2\FakeAVCeleb_v1.2\RealVideo-FakeAudio\Caucasian (American)\women\id01075\00160_fake.mp4,RealVideo-FakeAudio\Caucasian (American)\women\id01075\00160_fake.mp4,RealVideo-FakeAudio,1,fake,Caucasian (American),women,id01075,00160_fake.mp4,train
D:\SyncGuard\data\raw\FakeAVCeleb_v1.2\FakeAVCeleb_v1.2\RealVideo-RealAudio\African\women\id00707\00052.mp4,RealVideo-RealAudio\African\women\id00707\00052.mp4,RealVideo-RealAudio,0,real,African,women,id00707,00052.mp4,train
D:\SyncGuard\data\raw\FakeAVCeleb_v1.2\FakeAVCeleb_v1.2\FakeVideo-FakeAudio\Caucasian (American)\men\id01048\00160_3_id01192_wavtolip.mp4,FakeVideo-FakeAudio\Caucasian (American)\men\id01048\00160_3_id01192_wavtolip.mp4,FakeVideo-FakeAudio,1,fake,Caucasian (American),men,id01048,00160_3_id01192_wavtolip.mp4,validation
D:\SyncGuard\data\raw\FakeAVCeleb_v1.2\FakeAVCeleb_v1.2\RealVideo-FakeAudio\African\men\id02268\00036_fake.mp4,RealVideo-FakeAudio\African\men\id02268\00036_fake.mp4,RealVideo-FakeAudio,1,fake,African,men,id02268,00036_fake.mp4,train
D:\SyncGuard\data\raw\FakeAVCeleb_v1.2\FakeAVCeleb_v1.2\FakeVideo-RealAudio\Caucasian (European)\women\id03371\00430_id00330_zCFFgGSIZ_s.mp4,FakeVideo-RealAudio\Caucasian (European)\women\id03371\00430_id00330_zCFFgGSIZ_s.mp4,FakeVideo-RealAudio,1,fake,Caucasian (European),women,id03371,00430_id00330_zCFFgGSIZ_s.mp4,train
D:\SyncGuard\data\raw\FakeAVCeleb_v1.2\FakeAVCeleb_v1.2\FakeVideo-FakeAudio\Caucasian (European)\women\id00365\00078_id03858_uKVqPfRf-ac_id00569_wavtolip.mp4,FakeVideo-FakeAudio\Caucasian (European)\women\id00365\00078_id03858_uKVqPfRf-ac_id00569_wavtolip.mp4,FakeVideo-FakeAudio,1,fake,Caucasian (European),women,id00365,00078_id03858_uKVqPfRf-ac_id00569_wavtolip.mp4,train
D:\SyncGuard\data\raw\FakeAVCeleb_v1.2\FakeAVCeleb_v1.2\RealVideo-RealAudio\Caucasian (American)\men\id01044\00336.mp4,RealVideo-RealAudio\Caucasian (American)\men\id01044\00336.mp4,RealVideo-RealAudio,0,real,Caucasian (American),men,id01044,00336.mp4,train
D:\SyncGuard\data\raw\FakeAVCeleb_v1.2\FakeAVCeleb_v1.2\RealVideo-RealAudio\Caucasian (American)\men\id00060\00307.mp4,RealVideo-RealAudio\Caucasian (American)\men\id00060\00307.mp4,RealVideo-RealAudio,0,real,Caucasian (American),men,id00060,00307.mp4,train
D:\SyncGuard\data\raw\FakeAVCeleb_v1.2\FakeAVCeleb_v1.2\FakeVideo-FakeAudio\Caucasian (American)\women\id00418\00052_id01075_MtJUiHspdT0_id00752_wavtolip.mp4,FakeVideo-FakeAudio\Caucasian (American)\women\id00418\00052_id01075_MtJUiHspdT0_id00752_wavtolip.mp4,FakeVideo-FakeAudio,1,fake,Caucasian (American),women,id00418,00052_id01075_MtJUiHspdT0_id00752_wavtolip.mp4,train
D:\SyncGuard\data\raw\FakeAVCeleb_v1.2\FakeAVCeleb_v1.2\RealVideo-RealAudio\Asian (East)\women\id07383\00011.mp4,RealVideo-RealAudio\Asian (East)\women\id07383\00011.mp4,RealVideo-RealAudio,0,real,Asian (East),women,id07383,00011.mp4,train
D:\SyncGuard\data\raw\FakeAVCeleb_v1.2\FakeAVCeleb_v1.2\FakeVideo-FakeAudio\Asian (South)\women\id05434\00052_id07008_wavtolip.mp4,FakeVideo-FakeAudio\Asian (South)\women\id05434\00052_id07008_wavtolip.mp4,FakeVideo-FakeAudio,1,fake,Asian (South),women,id05434,00052_id07008_wavtolip.mp4,train
D:\SyncGuard\data\raw\FakeAVCeleb_v1.2\FakeAVCeleb_v1.2\RealVideo-RealAudio\African\women\id02824\00130.mp4,RealVideo-RealAudio\African\women\id02824\00130.mp4,RealVideo-RealAudio,0,real,African,women,id02824,00130.mp4,train
D:\SyncGuard\data\raw\FakeAVCeleb_v1.2\FakeAVCeleb_v1.2\FakeVideo-RealAudio\Asian (South)\men\id07161\00159_id07194_NDJaiff98Fo.mp4,FakeVideo-RealAudio\Asian (South)\men\id07161\00159_id07194_NDJaiff98Fo.mp4,FakeVideo-RealAudio,1,fake,Asian (South),men,id07161,00159_id07194_NDJaiff98Fo.mp4,train
D:\SyncGuard\data\raw\FakeAVCeleb_v1.2\FakeAVCeleb_v1.2\FakeVideo-RealAudio\Caucasian (European)\men\id00368\00078_id01156_wavtolip.mp4,FakeVideo-RealAudio\Caucasian (European)\men\id00368\00078_id01156_wavtolip.mp4,FakeVideo-RealAudio,1,fake,Caucasian (European),men,id00368,00078_id01156_wavtolip.mp4,train
D:\SyncGuard\data\raw\FakeAVCeleb_v1.2\FakeAVCeleb_v1.2\FakeVideo-FakeAudio\Asian (South)\men\id07194\00014_id04537_wavtolip.mp4,FakeVideo-FakeAudio\Asian (South)\men\id07194\00014_id04537_wavtolip.mp4,FakeVideo-FakeAudio,1,fake,Asian (South),men,id07194,00014_id04537_wavtolip.mp4,train
D:\SyncGuard\data\raw\FakeAVCeleb_v1.2\FakeAVCeleb_v1.2\FakeVideo-FakeAudio\Caucasian (American)\men\id01192\00217_id01105_qxMlGJlyfA8_faceswap_id00021_wavtolip.mp4,FakeVideo-FakeAudio\Caucasian (American)\men\id01192\00217_id01105_qxMlGJlyfA8_faceswap_id00021_wavtolip.mp4,FakeVideo-FakeAudio,1,fake,Caucasian (American),men,id01192,00217_id01105_qxMlGJlyfA8_faceswap_id00021_wavtolip.mp4,train
D:\SyncGuard\data\raw\FakeAVCeleb_v1.2\FakeAVCeleb_v1.2\FakeVideo-RealAudio\Caucasian (European)\men\id01098\00044_id00266_wavtolip.mp4,FakeVideo-RealAudio\Caucasian (European)\men\id01098\00044_id00266_wavtolip.mp4,FakeVideo-RealAudio,1,fake,Caucasian (European),men,id01098,00044_id00266_wavtolip.mp4,test
D:\SyncGuard\data\raw\FakeAVCeleb_v1.2\FakeAVCeleb_v1.2\RealVideo-FakeAudio\Asian (South)\women\id06437\00028_fake.mp4,RealVideo-FakeAudio\Asian (South)\women\id06437\00028_fake.mp4,RealVideo-FakeAudio,1,fake,Asian (South),women,id06437,00028_fake.mp4,train
D:\SyncGuard\data\raw\FakeAVCeleb_v1.2\FakeAVCeleb_v1.2\FakeVideo-RealAudio\Caucasian (European)\women\id00379\00043_id00581_wavtolip.mp4,FakeVideo-RealAudio\Caucasian (European)\women\id00379\00043_id00581_wavtolip.mp4,FakeVideo-RealAudio,1,fake,Caucasian (European),women,id00379,00043_id00581_wavtolip.mp4,validation
D:\SyncGuard\data\raw\FakeAVCeleb_v1.2\FakeAVCeleb_v1.2\FakeVideo-FakeAudio\African\women\id00359\00053_id05106_ZnnDdjlABM4_id03569_wavtolip.mp4,FakeVideo-FakeAudio\African\women\id00359\00053_id05106_ZnnDdjlABM4_id03569_wavtolip.mp4,FakeVideo-FakeAudio,1,fake,African,women,id00359,00053_id05106_ZnnDdjlABM4_id03569_wavtolip.mp4,train
D:\SyncGuard\data\raw\FakeAVCeleb_v1.2\FakeAVCeleb_v1.2\FakeVideo-RealAudio\Asian (East)\women\id03940\00025_id06225_wavtolip.mp4,FakeVideo-RealAudio\Asian (East)\women\id03940\00025_id06225_wavtolip.mp4,FakeVideo-RealAudio,1,fake,Asian (East),women,id03940,00025_id06225_wavtolip.mp4,train
D:\SyncGuard\data\raw\FakeAVCeleb_v1.2\FakeAVCeleb_v1.2\FakeVideo-RealAudio\African\women\id04540\00078_id00371_t20i0HtPwW0.mp4,FakeVideo-RealAudio\African\women\id04540\00078_id00371_t20i0HtPwW0.mp4,FakeVideo-RealAudio,1,fake,African,women,id04540,00078_id00371_t20i0HtPwW0.mp4,train
D:\SyncGuard\data\raw\FakeAVCeleb_v1.2\FakeAVCeleb_v1.2\RealVideo-RealAudio\African\women\id03656\00052.mp4,RealVideo-RealAudio\African\women\id03656\00052.mp4,RealVideo-RealAudio,0,real,African,women,id03656,00052.mp4,train
D:\SyncGuard\data\raw\FakeAVCeleb_v1.2\FakeAVCeleb_v1.2\FakeVideo-FakeAudio\Caucasian (American)\men\id01182\00167_1_id01175_wavtolip.mp4,FakeVideo-FakeAudio\Caucasian (American)\men\id01182\00167_1_id01175_wavtolip.mp4,FakeVideo-FakeAudio,1,fake,Caucasian (American),men,id01182,00167_1_id01175_wavtolip.mp4,test
D:\SyncGuard\data\raw\FakeAVCeleb_v1.2\FakeAVCeleb_v1.2\FakeVideo-FakeAudio\Asian (East)\women\id01451\00099_id05576_wavtolip.mp4,FakeVideo-FakeAudio\Asian (East)\women\id01451\00099_id05576_wavtolip.mp4,FakeVideo-FakeAudio,1,fake,Asian (East),women,id01451,00099_id05576_wavtolip.mp4,train
D:\SyncGuard\data\raw\FakeAVCeleb_v1.2\FakeAVCeleb_v1.2\RealVideo-FakeAudio\Caucasian (American)\women\id00842\00043_fake.mp4,RealVideo-FakeAudio\Caucasian (American)\women\id00842\00043_fake.mp4,RealVideo-FakeAudio,1,fake,Caucasian (American),women,id00842,00043_fake.mp4,train
D:\SyncGuard\data\raw\FakeAVCeleb_v1.2\FakeAVCeleb_v1.2\FakeVideo-FakeAudio\Asian (South)\men\id03344\00114_id00745_wavtolip.mp4,FakeVideo-FakeAudio\Asian (South)\men\id03344\00114_id00745_wavtolip.mp4,FakeVideo-FakeAudio,1,fake,Asian (South),men,id03344,00114_id00745_wavtolip.mp4,train
D:\SyncGuard\data\raw\FakeAVCeleb_v1.2\FakeAVCeleb_v1.2\RealVideo-RealAudio\Asian (East)\women\id05631\00073.mp4,RealVideo-RealAudio\Asian (East)\women\id05631\00073.mp4,RealVideo-RealAudio,0,real,Asian (East),women,id05631,00073.mp4,validation
D:\SyncGuard\data\raw\FakeAVCeleb_v1.2\FakeAVCeleb_v1.2\FakeVideo-FakeAudio\African\women\id02808\00056_id03103_wiCYm3THQPw_faceswap_id00371_wavtolip.mp4,FakeVideo-FakeAudio\African\women\id02808\00056_id03103_wiCYm3THQPw_faceswap_id00371_wavtolip.mp4,FakeVideo-FakeAudio,1,fake,African,women,id02808,00056_id03103_wiCYm3THQPw_faceswap_id00371_wavtolip.mp4,train
D:\SyncGuard\data\raw\FakeAVCeleb_v1.2\FakeAVCeleb_v1.2\RealVideo-RealAudio\Caucasian (European)\women\id00042\00028.mp4,RealVideo-RealAudio\Caucasian (European)\women\id00042\00028.mp4,RealVideo-RealAudio,0,real,Caucasian (European),women,id00042,00028.mp4,train
D:\SyncGuard\data\raw\FakeAVCeleb_v1.2\FakeAVCeleb_v1.2\RealVideo-FakeAudio\Caucasian (American)\women\id00555\00005_fake.mp4,RealVideo-FakeAudio\Caucasian (American)\women\id00555\00005_fake.mp4,RealVideo-FakeAudio,1,fake,Caucasian (American),women,id00555,00005_fake.mp4,train
D:\SyncGuard\data\raw\FakeAVCeleb_v1.2\FakeAVCeleb_v1.2\FakeVideo-RealAudio\Caucasian (European)\men\id00265\00130_id01058_wavtolip.mp4,FakeVideo-RealAudio\Caucasian (European)\men\id00265\00130_id01058_wavtolip.mp4,FakeVideo-RealAudio,1,fake,Caucasian (European),men,id00265,00130_id01058_wavtolip.mp4,test
D:\SyncGuard\data\raw\FakeAVCeleb_v1.2\FakeAVCeleb_v1.2\FakeVideo-FakeAudio\Asian (East)\men\id07338\00003_id06878_wavtolip.mp4,FakeVideo-FakeAudio\Asian (East)\men\id07338\00003_id06878_wavtolip.mp4,FakeVideo-FakeAudio,1,fake,Asian (East),men,id07338,00003_id06878_wavtolip.mp4,test
D:\SyncGuard\data\raw\FakeAVCeleb_v1.2\FakeAVCeleb_v1.2\FakeVideo-RealAudio\Asian (South)\men\id00414\00052_id07179_P5-oEyX0x1M.mp4,FakeVideo-RealAudio\Asian (South)\men\id00414\00052_id07179_P5-oEyX0x1M.mp4,FakeVideo-RealAudio,1,fake,Asian (South),men,id00414,00052_id07179_P5-oEyX0x1M.mp4,train
D:\SyncGuard\data\raw\FakeAVCeleb_v1.2\FakeAVCeleb_v1.2\FakeVideo-RealAudio\Caucasian (American)\women\id00097\00162_id00180_lkeAa8Od_tg.mp4,FakeVideo-RealAudio\Caucasian (American)\women\id00097\00162_id00180_lkeAa8Od_tg.mp4,FakeVideo-RealAudio,1,fake,Caucasian (American),women,id00097,00162_id00180_lkeAa8Od_tg.mp4,validation
D:\SyncGuard\data\raw\FakeAVCeleb_v1.2\FakeAVCeleb_v1.2\FakeVideo-RealAudio\African\men\id00166\00010_id01179_RnqLJMrWELw.mp4,FakeVideo-RealAudio\African\men\id00166\00010_id01179_RnqLJMrWELw.mp4,FakeVideo-RealAudio,1,fake,African,men,id00166,00010_id01179_RnqLJMrWELw.mp4,train
D:\SyncGuard\data\raw\FakeAVCeleb_v1.2\FakeAVCeleb_v1.2\FakeVideo-FakeAudio\Caucasian (European)\men\id00358\00217_id00535_BhvTIJ-YG5s_id01156_wavtolip.mp4,FakeVideo-FakeAudio\Caucasian (European)\men\id00358\00217_id00535_BhvTIJ-YG5s_id01156_wavtolip.mp4,FakeVideo-FakeAudio,1,fake,Caucasian (European),men,id00358,00217_id00535_BhvTIJ-YG5s_id01156_wavtolip.mp4,test
D:\SyncGuard\data\raw\FakeAVCeleb_v1.2\FakeAVCeleb_v1.2\FakeVideo-RealAudio\Caucasian (European)\women\id00735\00037_id03844_AEAEN1Lns2c.mp4,FakeVideo-RealAudio\Caucasian (European)\women\id00735\00037_id03844_AEAEN1Lns2c.mp4,FakeVideo-RealAudio,1,fake,Caucasian (European),women,id00735,00037_id03844_AEAEN1Lns2c.mp4,train
D:\SyncGuard\data\raw\FakeAVCeleb_v1.2\FakeAVCeleb_v1.2\FakeVideo-FakeAudio\Asian (South)\women\id00080\00281_id03897_wavtolip.mp4,FakeVideo-FakeAudio\Asian (South)\women\id00080\00281_id03897_wavtolip.mp4,FakeVideo-FakeAudio,1,fake,Asian (South),women,id00080,00281_id03897_wavtolip.mp4,test
D:\SyncGuard\data\raw\FakeAVCeleb_v1.2\FakeAVCeleb_v1.2\FakeVideo-RealAudio\Asian (South)\men\id00685\00146_id00860_wavtolip.mp4,FakeVideo-RealAudio\Asian (South)\men\id00685\00146_id00860_wavtolip.mp4,FakeVideo-RealAudio,1,fake,Asian (South),men,id00685,00146_id00860_wavtolip.mp4,test
D:\SyncGuard\data\raw\FakeAVCeleb_v1.2\FakeAVCeleb_v1.2\RealVideo-FakeAudio\Caucasian (American)\men\id01182\00167_fake.mp4,RealVideo-FakeAudio\Caucasian (American)\men\id01182\00167_fake.mp4,RealVideo-FakeAudio,1,fake,Caucasian (American),men,id01182,00167_fake.mp4,test
D:\SyncGuard\data\raw\FakeAVCeleb_v1.2\FakeAVCeleb_v1.2\FakeVideo-RealAudio\Caucasian (European)\men\id00368\00078_id00519_wavtolip.mp4,FakeVideo-RealAudio\Caucasian (European)\men\id00368\00078_id00519_wavtolip.mp4,FakeVideo-RealAudio,1,fake,Caucasian (European),men,id00368,00078_id00519_wavtolip.mp4,train
D:\SyncGuard\data\raw\FakeAVCeleb_v1.2\FakeAVCeleb_v1.2\RealVideo-RealAudio\Caucasian (European)\women\id00234\00063.mp4,RealVideo-RealAudio\Caucasian (European)\women\id00234\00063.mp4,RealVideo-RealAudio,0,real,Caucasian (European),women,id00234,00063.mp4,train
D:\SyncGuard\data\raw\FakeAVCeleb_v1.2\FakeAVCeleb_v1.2\RealVideo-FakeAudio\Asian (East)\women\id04414\00001_fake.mp4,RealVideo-FakeAudio\Asian (East)\women\id04414\00001_fake.mp4,RealVideo-FakeAudio,1,fake,Asian (East),women,id04414,00001_fake.mp4,validation
D:\SyncGuard\data\raw\FakeAVCeleb_v1.2\FakeAVCeleb_v1.2\FakeVideo-FakeAudio\Asian (East)\men\id06152\06152_id05268_wavtolip.mp4,FakeVideo-FakeAudio\Asian (East)\men\id06152\06152_id05268_wavtolip.mp4,FakeVideo-FakeAudio,1,fake,Asian (East),men,id06152,06152_id05268_wavtolip.mp4,train
D:\SyncGuard\data\raw\FakeAVCeleb_v1.2\FakeAVCeleb_v1.2\FakeVideo-RealAudio\Asian (South)\men\id07233\00010_id07200_quCElxMhW6g_faceswap.mp4,FakeVideo-RealAudio\Asian (South)\men\id07233\00010_id07200_quCElxMhW6g_faceswap.mp4,FakeVideo-RealAudio,1,fake,Asian (South),men,id07233,00010_id07200_quCElxMhW6g_faceswap.mp4,train
D:\SyncGuard\data\raw\FakeAVCeleb_v1.2\FakeAVCeleb_v1.2\FakeVideo-FakeAudio\Caucasian (American)\men\id00029\00288_id01044_wavtolip.mp4,FakeVideo-FakeAudio\Caucasian (American)\men\id00029\00288_id01044_wavtolip.mp4,FakeVideo-FakeAudio,1,fake,Caucasian (American),men,id00029,00288_id01044_wavtolip.mp4,test
D:\SyncGuard\data\raw\FakeAVCeleb_v1.2\FakeAVCeleb_v1.2\RealVideo-FakeAudio\Asian (East)\men\id04111\00015_fake.mp4,RealVideo-FakeAudio\Asian (East)\men\id04111\00015_fake.mp4,RealVideo-FakeAudio,1,fake,Asian (East),men,id04111,00015_fake.mp4,train
D:\SyncGuard\data\raw\FakeAVCeleb_v1.2\FakeAVCeleb_v1.2\FakeVideo-FakeAudio\Caucasian (European)\men\id00548\00015_id00594_wavtolip.mp4,FakeVideo-FakeAudio\Caucasian (European)\men\id00548\00015_id00594_wavtolip.mp4,FakeVideo-FakeAudio,1,fake,Caucasian (European),men,id00548,00015_id00594_wavtolip.mp4,train
D:\SyncGuard\data\raw\FakeAVCeleb_v1.2\FakeAVCeleb_v1.2\FakeVideo-FakeAudio\Caucasian (European)\women\id00325\00015_id00188_wavtolip.mp4,FakeVideo-FakeAudio\Caucasian (European)\women\id00325\00015_id00188_wavtolip.mp4,FakeVideo-FakeAudio,1,fake,Caucasian (European),women,id00325,00015_id00188_wavtolip.mp4,train
D:\SyncGuard\data\raw\FakeAVCeleb_v1.2\FakeAVCeleb_v1.2\FakeVideo-FakeAudio\Asian (South)\men\id04554\00118_id00860_RGYyzn7hiCo_faceswap_id04562_wavtolip.mp4,FakeVideo-FakeAudio\Asian (South)\men\id04554\00118_id00860_RGYyzn7hiCo_faceswap_id04562_wavtolip.mp4,FakeVideo-FakeAudio,1,fake,Asian (South),men,id04554,00118_id00860_RGYyzn7hiCo_faceswap_id04562_wavtolip.mp4,train
D:\SyncGuard\data\raw\FakeAVCeleb_v1.2\FakeAVCeleb_v1.2\FakeVideo-FakeAudio\Asian (East)\men\id00863\00069_id05332_wavtolip.mp4,FakeVideo-FakeAudio\Asian (East)\men\id00863\00069_id05332_wavtolip.mp4,FakeVideo-FakeAudio,1,fake,Asian (East),men,id00863,00069_id05332_wavtolip.mp4,test
D:\SyncGuard\data\raw\FakeAVCeleb_v1.2\FakeAVCeleb_v1.2\FakeVideo-FakeAudio\African\women\id00568\00384_id04055_0qrzF4HLXHY_id02071_wavtolip.mp4,FakeVideo-FakeAudio\African\women\id00568\00384_id04055_0qrzF4HLXHY_id02071_wavtolip.mp4,FakeVideo-FakeAudio,1,fake,African,women,id00568,00384_id04055_0qrzF4HLXHY_id02071_wavtolip.mp4,train
D:\SyncGuard\data\raw\FakeAVCeleb_v1.2\FakeAVCeleb_v1.2\FakeVideo-RealAudio\Caucasian (European)\men\id00306\00015_id00535_wavtolip.mp4,FakeVideo-RealAudio\Caucasian (European)\men\id00306\00015_id00535_wavtolip.mp4,FakeVideo-RealAudio,1,fake,Caucasian (European),men,id00306,00015_id00535_wavtolip.mp4,train
D:\SyncGuard\data\raw\FakeAVCeleb_v1.2\FakeAVCeleb_v1.2\RealVideo-FakeAudio\Asian (East)\women\id06065\00160_fake.mp4,RealVideo-FakeAudio\Asian (East)\women\id06065\00160_fake.mp4,RealVideo-FakeAudio,1,fake,Asian (East),women,id06065,00160_fake.mp4,train
D:\SyncGuard\data\raw\FakeAVCeleb_v1.2\FakeAVCeleb_v1.2\RealVideo-FakeAudio\Caucasian (European)\women\id00379\00043_fake.mp4,RealVideo-FakeAudio\Caucasian (European)\women\id00379\00043_fake.mp4,RealVideo-FakeAudio,1,fake,Caucasian (European),women,id00379,00043_fake.mp4,validation
D:\SyncGuard\data\raw\FakeAVCeleb_v1.2\FakeAVCeleb_v1.2\RealVideo-FakeAudio\Caucasian (European)\women\id00270\00088_fake.mp4,RealVideo-FakeAudio\Caucasian (European)\women\id00270\00088_fake.mp4,RealVideo-FakeAudio,1,fake,Caucasian (European),women,id00270,00088_fake.mp4,train
D:\SyncGuard\data\raw\FakeAVCeleb_v1.2\FakeAVCeleb_v1.2\RealVideo-FakeAudio\Asian (South)\men\id07463\00028_fake.mp4,RealVideo-FakeAudio\Asian (South)\men\id07463\00028_fake.mp4,RealVideo-FakeAudio,1,fake,Asian (South),men,id07463,00028_fake.mp4,train
D:\SyncGuard\data\raw\FakeAVCeleb_v1.2\FakeAVCeleb_v1.2\RealVideo-RealAudio\African\men\id01637\00002.mp4,RealVideo-RealAudio\African\men\id01637\00002.mp4,RealVideo-RealAudio,0,real,African,men,id01637,00002.mp4,train
D:\SyncGuard\data\raw\FakeAVCeleb_v1.2\FakeAVCeleb_v1.2\FakeVideo-RealAudio\Caucasian (American)\women\id03781\00113_id01091_wavtolip.mp4,FakeVideo-RealAudio\Caucasian (American)\women\id03781\00113_id01091_wavtolip.mp4,FakeVideo-RealAudio,1,fake,Caucasian (American),women,id03781,00113_id01091_wavtolip.mp4,validation
D:\SyncGuard\data\raw\FakeAVCeleb_v1.2\FakeAVCeleb_v1.2\RealVideo-RealAudio\Asian (East)\men\id07102\00052.mp4,RealVideo-RealAudio\Asian (East)\men\id07102\00052.mp4,RealVideo-RealAudio,0,real,Asian (East),men,id07102,00052.mp4,train
D:\SyncGuard\data\raw\FakeAVCeleb_v1.2\FakeAVCeleb_v1.2\FakeVideo-FakeAudio\Asian (East)\women\id00137\00025_id00582_9gvF6IohoUI_id04414_wavtolip.mp4,FakeVideo-FakeAudio\Asian (East)\women\id00137\00025_id00582_9gvF6IohoUI_id04414_wavtolip.mp4,FakeVideo-FakeAudio,1,fake,Asian (East),women,id00137,00025_id00582_9gvF6IohoUI_id04414_wavtolip.mp4,validation
D:\SyncGuard\data\raw\FakeAVCeleb_v1.2\FakeAVCeleb_v1.2\RealVideo-FakeAudio\African\men\id00781\00092_fake.mp4,RealVideo-FakeAudio\African\men\id00781\00092_fake.mp4,RealVideo-FakeAudio,1,fake,African,men,id00781,00092_fake.mp4,train
D:\SyncGuard\data\raw\FakeAVCeleb_v1.2\FakeAVCeleb_v1.2\RealVideo-RealAudio\Caucasian (European)\men\id00306\00015.mp4,RealVideo-RealAudio\Caucasian (European)\men\id00306\00015.mp4,RealVideo-RealAudio,0,real,Caucasian (European),men,id00306,00015.mp4,train
D:\SyncGuard\data\raw\FakeAVCeleb_v1.2\FakeAVCeleb_v1.2\FakeVideo-RealAudio\Caucasian (American)\men\id00021\00010_id03525_wavtolip.mp4,FakeVideo-RealAudio\Caucasian (American)\men\id00021\00010_id03525_wavtolip.mp4,FakeVideo-RealAudio,1,fake,Caucasian (American),men,id00021,00010_id03525_wavtolip.mp4,train
D:\SyncGuard\data\raw\FakeAVCeleb_v1.2\FakeAVCeleb_v1.2\RealVideo-FakeAudio\Caucasian (European)\men\id00265\00130_fake.mp4,RealVideo-FakeAudio\Caucasian (European)\men\id00265\00130_fake.mp4,RealVideo-FakeAudio,1,fake,Caucasian (European),men,id00265,00130_fake.mp4,test
D:\SyncGuard\data\raw\FakeAVCeleb_v1.2\FakeAVCeleb_v1.2\RealVideo-RealAudio\African\men\id02040\00476.mp4,RealVideo-RealAudio\African\men\id02040\00476.mp4,RealVideo-RealAudio,0,real,African,men,id02040,00476.mp4,test
D:\SyncGuard\data\raw\FakeAVCeleb_v1.2\FakeAVCeleb_v1.2\FakeVideo-RealAudio\African\men\id01920\00099_id00476_UgdYVJ6xPYg_faceswap.mp4,FakeVideo-RealAudio\African\men\id01920\00099_id00476_UgdYVJ6xPYg_faceswap.mp4,FakeVideo-RealAudio,1,fake,African,men,id01920,00099_id00476_UgdYVJ6xPYg_faceswap.mp4,train
D:\SyncGuard\data\raw\FakeAVCeleb_v1.2\FakeAVCeleb_v1.2\FakeVideo-FakeAudio\Caucasian (American)\women\id00462\00143_id00835_zWTp4szbb5k_faceswap_id01091_wavtolip.mp4,FakeVideo-FakeAudio\Caucasian (American)\women\id00462\00143_id00835_zWTp4szbb5k_faceswap_id01091_wavtolip.mp4,FakeVideo-FakeAudio,1,fake,Caucasian (American),women,id00462,00143_id00835_zWTp4szbb5k_faceswap_id01091_wavtolip.mp4,train
D:\SyncGuard\data\raw\FakeAVCeleb_v1.2\FakeAVCeleb_v1.2\RealVideo-FakeAudio\African\men\id00987\00160_fake.mp4,RealVideo-FakeAudio\African\men\id00987\00160_fake.mp4,RealVideo-FakeAudio,1,fake,African,men,id00987,00160_fake.mp4,train
D:\SyncGuard\data\raw\FakeAVCeleb_v1.2\FakeAVCeleb_v1.2\RealVideo-RealAudio\Asian (East)\women\id04701\00017.mp4,RealVideo-RealAudio\Asian (East)\women\id04701\00017.mp4,RealVideo-RealAudio,0,real,Asian (East),women,id04701,00017.mp4,train
D:\SyncGuard\data\raw\FakeAVCeleb_v1.2\FakeAVCeleb_v1.2\RealVideo-FakeAudio\African\women\id02808\00056_fake.mp4,RealVideo-FakeAudio\African\women\id02808\00056_fake.mp4,RealVideo-FakeAudio,1,fake,African,women,id02808,00056_fake.mp4,train
D:\SyncGuard\data\raw\FakeAVCeleb_v1.2\FakeAVCeleb_v1.2\RealVideo-RealAudio\Asian (East)\women\id08397\00167.mp4,RealVideo-RealAudio\Asian (East)\women\id08397\00167.mp4,RealVideo-RealAudio,0,real,Asian (East),women,id08397,00167.mp4,train
D:\SyncGuard\data\raw\FakeAVCeleb_v1.2\FakeAVCeleb_v1.2\RealVideo-FakeAudio\Caucasian (American)\women\id01225\00300_fake.mp4,RealVideo-FakeAudio\Caucasian (American)\women\id01225\00300_fake.mp4,RealVideo-FakeAudio,1,fake,Caucasian (American),women,id01225,00300_fake.mp4,train
D:\SyncGuard\data\raw\FakeAVCeleb_v1.2\FakeAVCeleb_v1.2\FakeVideo-RealAudio\Caucasian (American)\men\id01182\00167_id01163_wavtolip.mp4,FakeVideo-RealAudio\Caucasian (American)\men\id01182\00167_id01163_wavtolip.mp4,FakeVideo-RealAudio,1,fake,Caucasian (American),men,id01182,00167_id01163_wavtolip.mp4,test
D:\SyncGuard\data\raw\FakeAVCeleb_v1.2\FakeAVCeleb_v1.2\RealVideo-FakeAudio\Asian (South)\men\id04560\00195_fake.mp4,RealVideo-FakeAudio\Asian (South)\men\id04560\00195_fake.mp4,RealVideo-FakeAudio,1,fake,Asian (South),men,id04560,00195_fake.mp4,train
D:\SyncGuard\data\raw\FakeAVCeleb_v1.2\FakeAVCeleb_v1.2\FakeVideo-FakeAudio\Caucasian (American)\men\id04073\00021_3_id00775_wavtolip.mp4,FakeVideo-FakeAudio\Caucasian (American)\men\id04073\00021_3_id00775_wavtolip.mp4,FakeVideo-FakeAudio,1,fake,Caucasian (American),men,id04073,00021_3_id00775_wavtolip.mp4,validation
D:\SyncGuard\data\raw\FakeAVCeleb_v1.2\FakeAVCeleb_v1.2\RealVideo-FakeAudio\Caucasian (American)\women\id03707\00055_fake.mp4,RealVideo-FakeAudio\Caucasian (American)\women\id03707\00055_fake.mp4,RealVideo-FakeAudio,1,fake,Caucasian (American),women,id03707,00055_fake.mp4,train
D:\SyncGuard\data\raw\FakeAVCeleb_v1.2\FakeAVCeleb_v1.2\RealVideo-FakeAudio\African\men\id02316\00094_fake.mp4,RealVideo-FakeAudio\African\men\id02316\00094_fake.mp4,RealVideo-FakeAudio,1,fake,African,men,id02316,00094_fake.mp4,train
D:\SyncGuard\data\raw\FakeAVCeleb_v1.2\FakeAVCeleb_v1.2\RealVideo-FakeAudio\Caucasian (European)\men\id00282\00268_fake.mp4,RealVideo-FakeAudio\Caucasian (European)\men\id00282\00268_fake.mp4,RealVideo-FakeAudio,1,fake,Caucasian (European),men,id00282,00268_fake.mp4,train
D:\SyncGuard\data\raw\FakeAVCeleb_v1.2\FakeAVCeleb_v1.2\FakeVideo-FakeAudio\Asian (South)\women\id05435\00107_id03985_wavtolip.mp4,FakeVideo-FakeAudio\Asian (South)\women\id05435\00107_id03985_wavtolip.mp4,FakeVideo-FakeAudio,1,fake,Asian (South),women,id05435,00107_id03985_wavtolip.mp4,train
D:\SyncGuard\data\raw\FakeAVCeleb_v1.2\FakeAVCeleb_v1.2\FakeVideo-FakeAudio\Caucasian (American)\women\id01216\00025_id03707_pwNcRPQ5qdo_faceswap_id00291_wavtolip.mp4,FakeVideo-FakeAudio\Caucasian (American)\women\id01216\00025_id03707_pwNcRPQ5qdo_faceswap_id00291_wavtolip.mp4,FakeVideo-FakeAudio,1,fake,Caucasian (American),women,id01216,00025_id03707_pwNcRPQ5qdo_faceswap_id00291_wavtolip.mp4,train
D:\SyncGuard\data\raw\FakeAVCeleb_v1.2\FakeAVCeleb_v1.2\RealVideo-RealAudio\Asian (South)\men\id07163\00141.mp4,RealVideo-RealAudio\Asian (South)\men\id07163\00141.mp4,RealVideo-RealAudio,0,real,Asian (South),men,id07163,00141.mp4,validation
D:\SyncGuard\data\raw\FakeAVCeleb_v1.2\FakeAVCeleb_v1.2\RealVideo-FakeAudio\Asian (East)\women\id07383\00011_fake.mp4,RealVideo-FakeAudio\Asian (East)\women\id07383\00011_fake.mp4,RealVideo-FakeAudio,1,fake,Asian (East),women,id07383,00011_fake.mp4,train
D:\SyncGuard\data\raw\FakeAVCeleb_v1.2\FakeAVCeleb_v1.2\FakeVideo-FakeAudio\Asian (South)\women\id00149\00284_id03559_pgetxl1qbzM_id06752_wavtolip.mp4,FakeVideo-FakeAudio\Asian (South)\women\id00149\00284_id03559_pgetxl1qbzM_id06752_wavtolip.mp4,FakeVideo-FakeAudio,1,fake,Asian (South),women,id00149,00284_id03559_pgetxl1qbzM_id06752_wavtolip.mp4,train
D:\SyncGuard\data\raw\FakeAVCeleb_v1.2\FakeAVCeleb_v1.2\FakeVideo-FakeAudio\Caucasian (American)\women\id01227\00052_id00752_mqS1sUVFjhM_id00291_wavtolip.mp4,FakeVideo-FakeAudio\Caucasian (American)\women\id01227\00052_id00752_mqS1sUVFjhM_id00291_wavtolip.mp4,FakeVideo-FakeAudio,1,fake,Caucasian (American),women,id01227,00052_id00752_mqS1sUVFjhM_id00291_wavtolip.mp4,validation
D:\SyncGuard\data\raw\FakeAVCeleb_v1.2\FakeAVCeleb_v1.2\FakeVideo-RealAudio\Caucasian (European)\women\id00826\00065_id00581_7AxvP19LGKg_faceswap.mp4,FakeVideo-RealAudio\Caucasian (European)\women\id00826\00065_id00581_7AxvP19LGKg_faceswap.mp4,FakeVideo-RealAudio,1,fake,Caucasian (European),women,id00826,00065_id00581_7AxvP19LGKg_faceswap.mp4,train
D:\SyncGuard\data\raw\FakeAVCeleb_v1.2\FakeAVCeleb_v1.2\FakeVideo-FakeAudio\Asian (East)\women\id00935\00005_id04414_0sJN-9GIO-M_faceswap_id03379_wavtolip.mp4,FakeVideo-FakeAudio\Asian (East)\women\id00935\00005_id04414_0sJN-9GIO-M_faceswap_id03379_wavtolip.mp4,FakeVideo-FakeAudio,1,fake,Asian (East),women,id00935,00005_id04414_0sJN-9GIO-M_faceswap_id03379_wavtolip.mp4,train
D:\SyncGuard\data\raw\FakeAVCeleb_v1.2\FakeAVCeleb_v1.2\FakeVideo-RealAudio\Caucasian (American)\women\id01223\00255_id03707_pwNcRPQ5qdo.mp4,FakeVideo-RealAudio\Caucasian (American)\women\id01223\00255_id03707_pwNcRPQ5qdo.mp4,FakeVideo-RealAudio,1,fake,Caucasian (American),women,id01223,00255_id03707_pwNcRPQ5qdo.mp4,train
D:\SyncGuard\data\raw\FakeAVCeleb_v1.2\FakeAVCeleb_v1.2\FakeVideo-RealAudio\Asian (East)\men\id06470\00052_id00056_GUh0mNVw0U8.mp4,FakeVideo-RealAudio\Asian (East)\men\id06470\00052_id00056_GUh0mNVw0U8.mp4,FakeVideo-RealAudio,1,fake,Asian (East),men,id06470,00052_id00056_GUh0mNVw0U8.mp4,train
D:\SyncGuard\data\raw\FakeAVCeleb_v1.2\FakeAVCeleb_v1.2\FakeVideo-FakeAudio\Caucasian (American)\women\id01075\00160_3_id00842_wavtolip.mp4,FakeVideo-FakeAudio\Caucasian (American)\women\id01075\00160_3_id00842_wavtolip.mp4,FakeVideo-FakeAudio,1,fake,Caucasian (American),women,id01075,00160_3_id00842_wavtolip.mp4,train
D:\SyncGuard\data\raw\FakeAVCeleb_v1.2\FakeAVCeleb_v1.2\RealVideo-FakeAudio\Asian (South)\men\id00860\00154_fake.mp4,RealVideo-FakeAudio\Asian (South)\men\id00860\00154_fake.mp4,RealVideo-FakeAudio,1,fake,Asian (South),men,id00860,00154_fake.mp4,train
D:\SyncGuard\data\raw\FakeAVCeleb_v1.2\FakeAVCeleb_v1.2\FakeVideo-RealAudio\Caucasian (European)\women\id00403\00052_id00484_u7YTz8eFZv0.mp4,FakeVideo-RealAudio\Caucasian (European)\women\id00403\00052_id00484_u7YTz8eFZv0.mp4,FakeVideo-RealAudio,1,fake,Caucasian (European),women,id00403,00052_id00484_u7YTz8eFZv0.mp4,validation
D:\SyncGuard\data\raw\FakeAVCeleb_v1.2\FakeAVCeleb_v1.2\FakeVideo-RealAudio\African\men\id00076\00109_id00475_wavtolip.mp4,FakeVideo-RealAudio\African\men\id00076\00109_id00475_wavtolip.mp4,FakeVideo-RealAudio,1,fake,African,men,id00076,00109_id00475_wavtolip.mp4,train
D:\SyncGuard\data\raw\FakeAVCeleb_v1.2\FakeAVCeleb_v1.2\RealVideo-FakeAudio\Caucasian (European)\men\id00055\00120_fake.mp4,RealVideo-FakeAudio\Caucasian (European)\men\id00055\00120_fake.mp4,RealVideo-FakeAudio,1,fake,Caucasian (European),men,id00055,00120_fake.mp4,train
D:\SyncGuard\data\raw\FakeAVCeleb_v1.2\FakeAVCeleb_v1.2\FakeVideo-RealAudio\Asian (East)\men\id03028\00466_id04687_cSxCV6zdmwo.mp4,FakeVideo-RealAudio\Asian (East)\men\id03028\00466_id04687_cSxCV6zdmwo.mp4,FakeVideo-RealAudio,1,fake,Asian (East),men,id03028,00466_id04687_cSxCV6zdmwo.mp4,train
D:\SyncGuard\data\raw\FakeAVCeleb_v1.2\FakeAVCeleb_v1.2\RealVideo-FakeAudio\Caucasian (European)\men\id01099\00206_fake.mp4,RealVideo-FakeAudio\Caucasian (European)\men\id01099\00206_fake.mp4,RealVideo-FakeAudio,1,fake,Caucasian (European),men,id01099,00206_fake.mp4,train
D:\SyncGuard\data\raw\FakeAVCeleb_v1.2\FakeAVCeleb_v1.2\RealVideo-RealAudio\African\women\id00359\00053.mp4,RealVideo-RealAudio\African\women\id00359\00053.mp4,RealVideo-RealAudio,0,real,African,women,id00359,00053.mp4,train
D:\SyncGuard\data\raw\FakeAVCeleb_v1.2\FakeAVCeleb_v1.2\FakeVideo-RealAudio\Asian (South)\men\id00078\00114_id07058_JXJTxhrICl0.mp4,FakeVideo-RealAudio\Asian (South)\men\id00078\00114_id07058_JXJTxhrICl0.mp4,FakeVideo-RealAudio,1,fake,Asian (South),men,id00078,00114_id07058_JXJTxhrICl0.mp4,test
D:\SyncGuard\data\raw\FakeAVCeleb_v1.2\FakeAVCeleb_v1.2\RealVideo-FakeAudio\Asian (South)\women\id06752\00221_fake.mp4,RealVideo-FakeAudio\Asian (South)\women\id06752\00221_fake.mp4,RealVideo-FakeAudio,1,fake,Asian (South),women,id06752,00221_fake.mp4,train
D:\SyncGuard\data\raw\FakeAVCeleb_v1.2\FakeAVCeleb_v1.2\FakeVideo-FakeAudio\African\women\id02617\00028_id04736_wavtolip.mp4,FakeVideo-FakeAudio\African\women\id02617\00028_id04736_wavtolip.mp4,FakeVideo-FakeAudio,1,fake,African,women,id02617,00028_id04736_wavtolip.mp4,test
D:\SyncGuard\data\raw\FakeAVCeleb_v1.2\FakeAVCeleb_v1.2\FakeVideo-RealAudio\Asian (South)\women\id03985\00005_id07051_wavtolip.mp4,FakeVideo-RealAudio\Asian (South)\women\id03985\00005_id07051_wavtolip.mp4,FakeVideo-RealAudio,1,fake,Asian (South),women,id03985,00005_id07051_wavtolip.mp4,train
D:\SyncGuard\data\raw\FakeAVCeleb_v1.2\FakeAVCeleb_v1.2\FakeVideo-FakeAudio\Caucasian (European)\men\id01157\00048_id00183_wavtolip.mp4,FakeVideo-FakeAudio\Caucasian (European)\men\id01157\00048_id00183_wavtolip.mp4,FakeVideo-FakeAudio,1,fake,Caucasian (European),men,id01157,00048_id00183_wavtolip.mp4,train
D:\SyncGuard\data\raw\FakeAVCeleb_v1.2\FakeAVCeleb_v1.2\RealVideo-FakeAudio\Caucasian (American)\men\id00179\00143_fake.mp4,RealVideo-FakeAudio\Caucasian (American)\men\id00179\00143_fake.mp4,RealVideo-FakeAudio,1,fake,Caucasian (American),men,id00179,00143_fake.mp4,test
D:\SyncGuard\data\raw\FakeAVCeleb_v1.2\FakeAVCeleb_v1.2\RealVideo-FakeAudio\Caucasian (American)\women\id00618\00195_fake.mp4,RealVideo-FakeAudio\Caucasian (American)\women\id00618\00195_fake.mp4,RealVideo-FakeAudio,1,fake,Caucasian (American),women,id00618,00195_fake.mp4,train
D:\SyncGuard\data\raw\FakeAVCeleb_v1.2\FakeAVCeleb_v1.2\FakeVideo-FakeAudio\Caucasian (American)\women\id00383\00171_id01004_867Wlj7Gw68_id00100_wavtolip.mp4,FakeVideo-FakeAudio\Caucasian (American)\women\id00383\00171_id01004_867Wlj7Gw68_id00100_wavtolip.mp4,FakeVideo-FakeAudio,1,fake,Caucasian (American),women,id00383,00171_id01004_867Wlj7Gw68_id00100_wavtolip.mp4,train
D:\SyncGuard\data\raw\FakeAVCeleb_v1.2\FakeAVCeleb_v1.2\FakeVideo-RealAudio\Asian (South)\women\id05434\00052_id04927_8MD618FRyfA.mp4,FakeVideo-RealAudio\Asian (South)\women\id05434\00052_id04927_8MD618FRyfA.mp4,FakeVideo-RealAudio,1,fake,Asian (South),women,id05434,00052_id04927_8MD618FRyfA.mp4,train
D:\SyncGuard\data\raw\FakeAVCeleb_v1.2\FakeAVCeleb_v1.2\RealVideo-FakeAudio\African\men\id01179\00160_fake.mp4,RealVideo-FakeAudio\African\men\id01179\00160_fake.mp4,RealVideo-FakeAudio,1,fake,African,men,id01179,00160_fake.mp4,train
D:\SyncGuard\data\raw\FakeAVCeleb_v1.2\FakeAVCeleb_v1.2\FakeVideo-FakeAudio\African\women\id03656\00052_3_id04705_wavtolip.mp4,FakeVideo-FakeAudio\African\women\id03656\00052_3_id04705_wavtolip.mp4,FakeVideo-FakeAudio,1,fake,African,women,id03656,00052_3_id04705_wavtolip.mp4,train
D:\SyncGuard\data\raw\FakeAVCeleb_v1.2\FakeAVCeleb_v1.2\FakeVideo-FakeAudio\Asian (South)\men\id00350\00015_id08313_t6WZ9KCaXBM_id08457_wavtolip.mp4,FakeVideo-FakeAudio\Asian (South)\men\id00350\00015_id08313_t6WZ9KCaXBM_id08457_wavtolip.mp4,FakeVideo-FakeAudio,1,fake,Asian (South),men,id00350,00015_id08313_t6WZ9KCaXBM_id08457_wavtolip.mp4,train
D:\SyncGuard\data\raw\FakeAVCeleb_v1.2\FakeAVCeleb_v1.2\RealVideo-RealAudio\Asian (East)\men\id01204\00092.mp4,RealVideo-RealAudio\Asian (East)\men\id01204\00092.mp4,RealVideo-RealAudio,0,real,Asian (East),men,id01204,00092.mp4,train
D:\SyncGuard\data\raw\FakeAVCeleb_v1.2\FakeAVCeleb_v1.2\FakeVideo-RealAudio\Caucasian (American)\women\id00431\00039_id01225_wavtolip.mp4,FakeVideo-RealAudio\Caucasian (American)\women\id00431\00039_id01225_wavtolip.mp4,FakeVideo-RealAudio,1,fake,Caucasian (American),women,id00431,00039_id01225_wavtolip.mp4,train
D:\SyncGuard\data\raw\FakeAVCeleb_v1.2\FakeAVCeleb_v1.2\FakeVideo-FakeAudio\Caucasian (European)\women\id03941\00021_id00379_wavtolip.mp4,FakeVideo-FakeAudio\Caucasian (European)\women\id03941\00021_id00379_wavtolip.mp4,FakeVideo-FakeAudio,1,fake,Caucasian (European),women,id03941,00021_id00379_wavtolip.mp4,train
D:\SyncGuard\data\raw\FakeAVCeleb_v1.2\FakeAVCeleb_v1.2\RealVideo-RealAudio\Asian (South)\men\id08313\00202.mp4,RealVideo-RealAudio\Asian (South)\men\id08313\00202.mp4,RealVideo-RealAudio,0,real,Asian (South),men,id08313,00202.mp4,train
D:\SyncGuard\data\raw\FakeAVCeleb_v1.2\FakeAVCeleb_v1.2\FakeVideo-RealAudio\African\men\id02494\00050_id01598_wavtolip.mp4,FakeVideo-RealAudio\African\men\id02494\00050_id01598_wavtolip.mp4,FakeVideo-RealAudio,1,fake,African,men,id02494,00050_id01598_wavtolip.mp4,train
D:\SyncGuard\data\raw\FakeAVCeleb_v1.2\FakeAVCeleb_v1.2\FakeVideo-RealAudio\African\men\id02296\00019_id02342_wavtolip.mp4,FakeVideo-RealAudio\African\men\id02296\00019_id02342_wavtolip.mp4,FakeVideo-RealAudio,1,fake,African,men,id02296,00019_id02342_wavtolip.mp4,train
D:\SyncGuard\data\raw\FakeAVCeleb_v1.2\FakeAVCeleb_v1.2\RealVideo-RealAudio\Caucasian (American)\women\id01238\00037.mp4,RealVideo-RealAudio\Caucasian (American)\women\id01238\00037.mp4,RealVideo-RealAudio,0,real,Caucasian (American),women,id01238,00037.mp4,train
D:\SyncGuard\data\raw\FakeAVCeleb_v1.2\FakeAVCeleb_v1.2\FakeVideo-FakeAudio\Caucasian (European)\men\id00909\00037_id00368_KohcGDsg29U_faceswap_id01156_wavtolip.mp4,FakeVideo-FakeAudio\Caucasian (European)\men\id00909\00037_id00368_KohcGDsg29U_faceswap_id01156_wavtolip.mp4,FakeVideo-FakeAudio,1,fake,Caucasian (European),men,id00909,00037_id00368_KohcGDsg29U_faceswap_id01156_wavtolip.mp4,train
D:\SyncGuard\data\raw\FakeAVCeleb_v1.2\FakeAVCeleb_v1.2\RealVideo-FakeAudio\African\men\id01207\00320_fake.mp4,RealVideo-FakeAudio\African\men\id01207\00320_fake.mp4,RealVideo-FakeAudio,1,fake,African,men,id01207,00320_fake.mp4,test
D:\SyncGuard\data\raw\FakeAVCeleb_v1.2\FakeAVCeleb_v1.2\FakeVideo-FakeAudio\Asian (East)\women\id06462\00014_id08819_wavtolip.mp4,FakeVideo-FakeAudio\Asian (East)\women\id06462\00014_id08819_wavtolip.mp4,FakeVideo-FakeAudio,1,fake,Asian (East),women,id06462,00014_id08819_wavtolip.mp4,train
D:\SyncGuard\data\raw\FakeAVCeleb_v1.2\FakeAVCeleb_v1.2\RealVideo-RealAudio\Asian (South)\women\id07051\00083.mp4,RealVideo-RealAudio\Asian (South)\women\id07051\00083.mp4,RealVideo-RealAudio,0,real,Asian (South),women,id07051,00083.mp4,train
D:\SyncGuard\data\raw\FakeAVCeleb_v1.2\FakeAVCeleb_v1.2\RealVideo-FakeAudio\African\women\id05231\00149_fake.mp4,RealVideo-FakeAudio\African\women\id05231\00149_fake.mp4,RealVideo-FakeAudio,1,fake,African,women,id05231,00149_fake.mp4,validation
D:\SyncGuard\data\raw\FakeAVCeleb_v1.2\FakeAVCeleb_v1.2\RealVideo-RealAudio\Caucasian (European)\men\id00946\00126.mp4,RealVideo-RealAudio\Caucasian (European)\men\id00946\00126.mp4,RealVideo-RealAudio,0,real,Caucasian (European),men,id00946,00126.mp4,validation
D:\SyncGuard\data\raw\FakeAVCeleb_v1.2\FakeAVCeleb_v1.2\RealVideo-RealAudio\Caucasian (American)\men\id00696\00005.mp4,RealVideo-RealAudio\Caucasian (American)\men\id00696\00005.mp4,RealVideo-RealAudio,0,real,Caucasian (American),men,id00696,00005.mp4,train
D:\SyncGuard\data\raw\FakeAVCeleb_v1.2\FakeAVCeleb_v1.2\RealVideo-FakeAudio\Asian (East)\women\id09125\00098_fake.mp4,RealVideo-FakeAudio\Asian (East)\women\id09125\00098_fake.mp4,RealVideo-FakeAudio,1,fake,Asian (East),women,id09125,00098_fake.mp4,train
D:\SyncGuard\data\raw\FakeAVCeleb_v1.2\FakeAVCeleb_v1.2\RealVideo-FakeAudio\Asian (South)\men\id03180\00039_fake.mp4,RealVideo-FakeAudio\Asian (South)\men\id03180\00039_fake.mp4,RealVideo-FakeAudio,1,fake,Asian (South),men,id03180,00039_fake.mp4,validation
D:\SyncGuard\data\raw\FakeAVCeleb_v1.2\FakeAVCeleb_v1.2\RealVideo-RealAudio\Asian (South)\women\id06428\00043.mp4,RealVideo-RealAudio\Asian (South)\women\id06428\00043.mp4,RealVideo-RealAudio,0,real,Asian (South),women,id06428,00043.mp4,train
D:\SyncGuard\data\raw\FakeAVCeleb_v1.2\FakeAVCeleb_v1.2\FakeVideo-RealAudio\Caucasian (American)\men\id00971\00253_id04034_8ZeJXbjFa_o.mp4,FakeVideo-RealAudio\Caucasian (American)\men\id00971\00253_id04034_8ZeJXbjFa_o.mp4,FakeVideo-RealAudio,1,fake,Caucasian (American),men,id00971,00253_id04034_8ZeJXbjFa_o.mp4,test
D:\SyncGuard\data\raw\FakeAVCeleb_v1.2\FakeAVCeleb_v1.2\RealVideo-RealAudio\Caucasian (American)\men\id01239\00280.mp4,RealVideo-RealAudio\Caucasian (American)\men\id01239\00280.mp4,RealVideo-RealAudio,0,real,Caucasian (American),men,id01239,00280.mp4,train
D:\SyncGuard\data\raw\FakeAVCeleb_v1.2\FakeAVCeleb_v1.2\FakeVideo-RealAudio\Caucasian (American)\women\id01091\00236_id03707_wavtolip.mp4,FakeVideo-RealAudio\Caucasian (American)\women\id01091\00236_id03707_wavtolip.mp4,FakeVideo-RealAudio,1,fake,Caucasian (American),women,id01091,00236_id03707_wavtolip.mp4,test
D:\SyncGuard\data\raw\FakeAVCeleb_v1.2\FakeAVCeleb_v1.2\FakeVideo-RealAudio\Caucasian (European)\women\id00325\00015_id00188_wavtolip.mp4,FakeVideo-RealAudio\Caucasian (European)\women\id00325\00015_id00188_wavtolip.mp4,FakeVideo-RealAudio,1,fake,Caucasian (European),women,id00325,00015_id00188_wavtolip.mp4,train
D:\SyncGuard\data\raw\FakeAVCeleb_v1.2\FakeAVCeleb_v1.2\FakeVideo-FakeAudio\Asian (East)\men\id02553\00043_id02561_wavtolip.mp4,FakeVideo-FakeAudio\Asian (East)\men\id02553\00043_id02561_wavtolip.mp4,FakeVideo-FakeAudio,1,fake,Asian (East),men,id02553,00043_id02561_wavtolip.mp4,train
D:\SyncGuard\data\raw\FakeAVCeleb_v1.2\FakeAVCeleb_v1.2\RealVideo-RealAudio\Asian (East)\men\id01589\00017.mp4,RealVideo-RealAudio\Asian (East)\men\id01589\00017.mp4,RealVideo-RealAudio,0,real,Asian (East),men,id01589,00017.mp4,train
D:\SyncGuard\data\raw\FakeAVCeleb_v1.2\FakeAVCeleb_v1.2\RealVideo-FakeAudio\African\men\id01779\00010_fake.mp4,RealVideo-FakeAudio\African\men\id01779\00010_fake.mp4,RealVideo-FakeAudio,1,fake,African,men,id01779,00010_fake.mp4,train
D:\SyncGuard\data\raw\FakeAVCeleb_v1.2\FakeAVCeleb_v1.2\FakeVideo-FakeAudio\African\women\id04547\00052_id00568_wavtolip.mp4,FakeVideo-FakeAudio\African\women\id04547\00052_id00568_wavtolip.mp4,FakeVideo-FakeAudio,1,fake,African,women,id04547,00052_id00568_wavtolip.mp4,test
D:\SyncGuard\data\raw\FakeAVCeleb_v1.2\FakeAVCeleb_v1.2\FakeVideo-RealAudio\Asian (South)\women\id04582\00180_id00417_GhIZam3v09g.mp4,FakeVideo-RealAudio\Asian (South)\women\id04582\00180_id00417_GhIZam3v09g.mp4,FakeVideo-RealAudio,1,fake,Asian (South),women,id04582,00180_id00417_GhIZam3v09g.mp4,test
D:\SyncGuard\data\raw\FakeAVCeleb_v1.2\FakeAVCeleb_v1.2\RealVideo-FakeAudio\Asian (South)\men\id07194\00014_fake.mp4,RealVideo-FakeAudio\Asian (South)\men\id07194\00014_fake.mp4,RealVideo-FakeAudio,1,fake,Asian (South),men,id07194,00014_fake.mp4,train
D:\SyncGuard\data\raw\FakeAVCeleb_v1.2\FakeAVCeleb_v1.2\FakeVideo-FakeAudio\African\women\id04540\00078_id05231_wavtolip.mp4,FakeVideo-FakeAudio\African\women\id04540\00078_id05231_wavtolip.mp4,FakeVideo-FakeAudio,1,fake,African,women,id04540,00078_id05231_wavtolip.mp4,train
D:\SyncGuard\data\raw\FakeAVCeleb_v1.2\FakeAVCeleb_v1.2\FakeVideo-RealAudio\African\women\id00707\00052_id05106_wavtolip.mp4,FakeVideo-RealAudio\African\women\id00707\00052_id05106_wavtolip.mp4,FakeVideo-RealAudio,1,fake,African,women,id00707,00052_id05106_wavtolip.mp4,train
D:\SyncGuard\data\raw\FakeAVCeleb_v1.2\FakeAVCeleb_v1.2\FakeVideo-RealAudio\Asian (East)\women\id06225\00005_id00935_09fNE0b4Dlg.mp4,FakeVideo-RealAudio\Asian (East)\women\id06225\00005_id00935_09fNE0b4Dlg.mp4,FakeVideo-RealAudio,1,fake,Asian (East),women,id06225,00005_id00935_09fNE0b4Dlg.mp4,train
D:\SyncGuard\data\raw\FakeAVCeleb_v1.2\FakeAVCeleb_v1.2\FakeVideo-RealAudio\Asian (South)\women\id03559\00023_id05478_VJkjRzPt-Jw.mp4,FakeVideo-RealAudio\Asian (South)\women\id03559\00023_id05478_VJkjRzPt-Jw.mp4,FakeVideo-RealAudio,1,fake,Asian (South),women,id03559,00023_id05478_VJkjRzPt-Jw.mp4,train
D:\SyncGuard\data\raw\FakeAVCeleb_v1.2\FakeAVCeleb_v1.2\FakeVideo-RealAudio\African\men\id00391\00052_id00987_wavtolip.mp4,FakeVideo-RealAudio\African\men\id00391\00052_id00987_wavtolip.mp4,FakeVideo-RealAudio,1,fake,African,men,id00391,00052_id00987_wavtolip.mp4,train
D:\SyncGuard\data\raw\FakeAVCeleb_v1.2\FakeAVCeleb_v1.2\FakeVideo-FakeAudio\Caucasian (American)\women\id00100\00028_id00616_wavtolip.mp4,FakeVideo-FakeAudio\Caucasian (American)\women\id00100\00028_id00616_wavtolip.mp4,FakeVideo-FakeAudio,1,fake,Caucasian (American),women,id00100,00028_id00616_wavtolip.mp4,train
D:\SyncGuard\data\raw\FakeAVCeleb_v1.2\FakeAVCeleb_v1.2\RealVideo-FakeAudio\Asian (East)\women\id06060\00219_fake.mp4,RealVideo-FakeAudio\Asian (East)\women\id06060\00219_fake.mp4,RealVideo-FakeAudio,1,fake,Asian (East),women,id06060,00219_fake.mp4,train
D:\SyncGuard\data\raw\FakeAVCeleb_v1.2\FakeAVCeleb_v1.2\FakeVideo-FakeAudio\Caucasian (European)\men\id00187\00360_id00225_MHSgwpfHAXw_id00415_wavtolip.mp4,FakeVideo-FakeAudio\Caucasian (European)\men\id00187\00360_id00225_MHSgwpfHAXw_id00415_wavtolip.mp4,FakeVideo-FakeAudio,1,fake,Caucasian (European),men,id00187,00360_id00225_MHSgwpfHAXw_id00415_wavtolip.mp4,train
D:\SyncGuard\data\raw\FakeAVCeleb_v1.2\FakeAVCeleb_v1.2\RealVideo-FakeAudio\Caucasian (American)\women\id01005\00028_fake.mp4,RealVideo-FakeAudio\Caucasian (American)\women\id01005\00028_fake.mp4,RealVideo-FakeAudio,1,fake,Caucasian (American),women,id01005,00028_fake.mp4,train
D:\SyncGuard\data\raw\FakeAVCeleb_v1.2\FakeAVCeleb_v1.2\FakeVideo-RealAudio\African\men\id00076\00109_id02342_wavtolip.mp4,FakeVideo-RealAudio\African\men\id00076\00109_id02342_wavtolip.mp4,FakeVideo-RealAudio,1,fake,African,men,id00076,00109_id02342_wavtolip.mp4,train
D:\SyncGuard\data\raw\FakeAVCeleb_v1.2\FakeAVCeleb_v1.2\FakeVideo-RealAudio\Asian (South)\women\id06439\00118_id05435_wavtolip.mp4,FakeVideo-RealAudio\Asian (South)\women\id06439\00118_id05435_wavtolip.mp4,FakeVideo-RealAudio,1,fake,Asian (South),women,id06439,00118_id05435_wavtolip.mp4,test
D:\SyncGuard\data\raw\FakeAVCeleb_v1.2\FakeAVCeleb_v1.2\RealVideo-RealAudio\African\men\id02342\00191.mp4,RealVideo-RealAudio\African\men\id02342\00191.mp4,RealVideo-RealAudio,0,real,African,men,id02342,00191.mp4,train
D:\SyncGuard\data\raw\FakeAVCeleb_v1.2\FakeAVCeleb_v1.2\FakeVideo-RealAudio\Asian (South)\men\id00414\00052_id07165_oJ_iy16IBTM.mp4,FakeVideo-RealAudio\Asian (South)\men\id00414\00052_id07165_oJ_iy16IBTM.mp4,FakeVideo-RealAudio,1,fake,Asian (South),men,id00414,00052_id07165_oJ_iy16IBTM.mp4,train
D:\SyncGuard\data\raw\FakeAVCeleb_v1.2\FakeAVCeleb_v1.2\FakeVideo-RealAudio\Asian (South)\women\id04530\00231_id01026_wavtolip.mp4,FakeVideo-RealAudio\Asian (South)\women\id04530\00231_id01026_wavtolip.mp4,FakeVideo-RealAudio,1,fake,Asian (South),women,id04530,00231_id01026_wavtolip.mp4,train
D:\SyncGuard\data\raw\FakeAVCeleb_v1.2\FakeAVCeleb_v1.2\FakeVideo-RealAudio\Caucasian (European)\women\id00068\00004_id00826_MYagwzy91Yk.mp4,FakeVideo-RealAudio\Caucasian (European)\women\id00068\00004_id00826_MYagwzy91Yk.mp4,FakeVideo-RealAudio,1,fake,Caucasian (European),women,id00068,00004_id00826_MYagwzy91Yk.mp4,train
D:\SyncGuard\data\raw\FakeAVCeleb_v1.2\FakeAVCeleb_v1.2\FakeVideo-FakeAudio\Asian (South)\women\id04927\00013_id00739_CT-6UmfLiU0_id04927_wavtolip.mp4,FakeVideo-FakeAudio\Asian (South)\women\id04927\00013_id00739_CT-6UmfLiU0_id04927_wavtolip.mp4,FakeVideo-FakeAudio,1,fake,Asian (South),women,id04927,00013_id00739_CT-6UmfLiU0_id04927_wavtolip.mp4,train
D:\SyncGuard\data\raw\FakeAVCeleb_v1.2\FakeAVCeleb_v1.2\RealVideo-RealAudio\Caucasian (American)\men\id00021\00010.mp4,RealVideo-RealAudio\Caucasian (American)\men\id00021\00010.mp4,RealVideo-RealAudio,0,real,Caucasian (American),men,id00021,00010.mp4,train
D:\SyncGuard\data\raw\FakeAVCeleb_v1.2\FakeAVCeleb_v1.2\RealVideo-FakeAudio\Asian (East)\men\id04691\1_fake.mp4,RealVideo-FakeAudio\Asian (East)\men\id04691\1_fake.mp4,RealVideo-FakeAudio,1,fake,Asian (East),men,id04691,1_fake.mp4,validation
D:\SyncGuard\data\raw\FakeAVCeleb_v1.2\FakeAVCeleb_v1.2\FakeVideo-FakeAudio\African\men\id00366\00118_id00076_Isiq7cA-DNE_faceswap_id02342_wavtolip.mp4,FakeVideo-FakeAudio\African\men\id00366\00118_id00076_Isiq7cA-DNE_faceswap_id02342_wavtolip.mp4,FakeVideo-FakeAudio,1,fake,African,men,id00366,00118_id00076_Isiq7cA-DNE_faceswap_id02342_wavtolip.mp4,validation
D:\SyncGuard\data\raw\FakeAVCeleb_v1.2\FakeAVCeleb_v1.2\RealVideo-FakeAudio\Asian (South)\men\id00103\00241_fake.mp4,RealVideo-FakeAudio\Asian (South)\men\id00103\00241_fake.mp4,RealVideo-FakeAudio,1,fake,Asian (South),men,id00103,00241_fake.mp4,train
D:\SyncGuard\data\raw\FakeAVCeleb_v1.2\FakeAVCeleb_v1.2\FakeVideo-RealAudio\Caucasian (European)\women\id00270\00088_id00379_fgkgYHCuk4g.mp4,FakeVideo-RealAudio\Caucasian (European)\women\id00270\00088_id00379_fgkgYHCuk4g.mp4,FakeVideo-RealAudio,1,fake,Caucasian (European),women,id00270,00088_id00379_fgkgYHCuk4g.mp4,train
D:\SyncGuard\data\raw\FakeAVCeleb_v1.2\FakeAVCeleb_v1.2\FakeVideo-RealAudio\Caucasian (American)\men\id04073\00021_id04216_uDwxIsHkBIM.mp4,FakeVideo-RealAudio\Caucasian (American)\men\id04073\00021_id04216_uDwxIsHkBIM.mp4,FakeVideo-RealAudio,1,fake,Caucasian (American),men,id04073,00021_id04216_uDwxIsHkBIM.mp4,validation
D:\SyncGuard\data\raw\FakeAVCeleb_v1.2\FakeAVCeleb_v1.2\FakeVideo-RealAudio\Asian (South)\women\id04582\00180_id06445_NWtdqOxEbDY.mp4,FakeVideo-RealAudio\Asian (South)\women\id04582\00180_id06445_NWtdqOxEbDY.mp4,FakeVideo-RealAudio,1,fake,Asian (South),women,id04582,00180_id06445_NWtdqOxEbDY.mp4,test
D:\SyncGuard\data\raw\FakeAVCeleb_v1.2\FakeAVCeleb_v1.2\FakeVideo-RealAudio\Caucasian (European)\women\id03620\00081_id00365_XV-imLNJvfk.mp4,FakeVideo-RealAudio\Caucasian (European)\women\id03620\00081_id00365_XV-imLNJvfk.mp4,FakeVideo-RealAudio,1,fake,Caucasian (European),women,id03620,00081_id00365_XV-imLNJvfk.mp4,train
D:\SyncGuard\data\raw\FakeAVCeleb_v1.2\FakeAVCeleb_v1.2\RealVideo-FakeAudio\Asian (South)\women\id03559\00023_fake.mp4,RealVideo-FakeAudio\Asian (South)\women\id03559\00023_fake.mp4,RealVideo-FakeAudio,1,fake,Asian (South),women,id03559,00023_fake.mp4,train
D:\SyncGuard\data\raw\FakeAVCeleb_v1.2\FakeAVCeleb_v1.2\RealVideo-RealAudio\African\men\id01933\00028.mp4,RealVideo-RealAudio\African\men\id01933\00028.mp4,RealVideo-RealAudio,0,real,African,men,id01933,00028.mp4,train
D:\SyncGuard\data\raw\FakeAVCeleb_v1.2\FakeAVCeleb_v1.2\FakeVideo-RealAudio\Caucasian (European)\men\id00999\00028_id00063_wavtolip.mp4,FakeVideo-RealAudio\Caucasian (European)\men\id00999\00028_id00063_wavtolip.mp4,FakeVideo-RealAudio,1,fake,Caucasian (European),men,id00999,00028_id00063_wavtolip.mp4,train
D:\SyncGuard\data\raw\FakeAVCeleb_v1.2\FakeAVCeleb_v1.2\FakeVideo-FakeAudio\Asian (East)\women\id05631\00073_id08397_wavtolip.mp4,FakeVideo-FakeAudio\Asian (East)\women\id05631\00073_id08397_wavtolip.mp4,FakeVideo-FakeAudio,1,fake,Asian (East),women,id05631,00073_id08397_wavtolip.mp4,validation
D:\SyncGuard\data\raw\FakeAVCeleb_v1.2\FakeAVCeleb_v1.2\RealVideo-RealAudio\Asian (South)\men\id03945\00063.mp4,RealVideo-RealAudio\Asian (South)\men\id03945\00063.mp4,RealVideo-RealAudio,0,real,Asian (South),men,id03945,00063.mp4,train
D:\SyncGuard\data\raw\FakeAVCeleb_v1.2\FakeAVCeleb_v1.2\FakeVideo-RealAudio\Asian (East)\women\id03211\00032_id06225_wavtolip.mp4,FakeVideo-RealAudio\Asian (East)\women\id03211\00032_id06225_wavtolip.mp4,FakeVideo-RealAudio,1,fake,Asian (East),women,id03211,00032_id06225_wavtolip.mp4,train
D:\SyncGuard\data\raw\FakeAVCeleb_v1.2\FakeAVCeleb_v1.2\FakeVideo-FakeAudio\Asian (South)\men\id00685\00146_id00082_wavtolip.mp4,FakeVideo-FakeAudio\Asian (South)\men\id00685\00146_id00082_wavtolip.mp4,FakeVideo-FakeAudio,1,fake,Asian (South),men,id00685,00146_id00082_wavtolip.mp4,test
D:\SyncGuard\data\raw\FakeAVCeleb_v1.2\FakeAVCeleb_v1.2\FakeVideo-FakeAudio\Asian (South)\men\id03945\00063_id03180_6wNTK7NkOd8_id03344_wavtolip.mp4,FakeVideo-FakeAudio\Asian (South)\men\id03945\00063_id03180_6wNTK7NkOd8_id03344_wavtolip.mp4,FakeVideo-FakeAudio,1,fake,Asian (South),men,id03945,00063_id03180_6wNTK7NkOd8_id03344_wavtolip.mp4,train
D:\SyncGuard\data\raw\FakeAVCeleb_v1.2\FakeAVCeleb_v1.2\RealVideo-FakeAudio\Caucasian (American)\women\id00381\00030_fake.mp4,RealVideo-FakeAudio\Caucasian (American)\women\id00381\00030_fake.mp4,RealVideo-FakeAudio,1,fake,Caucasian (American),women,id00381,00030_fake.mp4,test
D:\SyncGuard\data\raw\FakeAVCeleb_v1.2\FakeAVCeleb_v1.2\RealVideo-RealAudio\Caucasian (American)\women\id02466\00136.mp4,RealVideo-RealAudio\Caucasian (American)\women\id02466\00136.mp4,RealVideo-RealAudio,0,real,Caucasian (American),women,id02466,00136.mp4,train
D:\SyncGuard\data\raw\FakeAVCeleb_v1.2\FakeAVCeleb_v1.2\FakeVideo-FakeAudio\Asian (South)\women\id04490\00054_id03985_wavtolip.mp4,FakeVideo-FakeAudio\Asian (South)\women\id04490\00054_id03985_wavtolip.mp4,FakeVideo-FakeAudio,1,fake,Asian (South),women,id04490,00054_id03985_wavtolip.mp4,validation
D:\SyncGuard\data\raw\FakeAVCeleb_v1.2\FakeAVCeleb_v1.2\FakeVideo-FakeAudio\Caucasian (European)\men\id00306\00015_id00241_wavtolip.mp4,FakeVideo-FakeAudio\Caucasian (European)\men\id00306\00015_id00241_wavtolip.mp4,FakeVideo-FakeAudio,1,fake,Caucasian (European),men,id00306,00015_id00241_wavtolip.mp4,train
D:\SyncGuard\data\raw\FakeAVCeleb_v1.2\FakeAVCeleb_v1.2\RealVideo-RealAudio\Caucasian (American)\men\id00179\00143.mp4,RealVideo-RealAudio\Caucasian (American)\men\id00179\00143.mp4,RealVideo-RealAudio,0,real,Caucasian (American),men,id00179,00143.mp4,test
D:\SyncGuard\data\raw\FakeAVCeleb_v1.2\FakeAVCeleb_v1.2\FakeVideo-FakeAudio\Asian (East)\women\id06054\00010_id09116_wavtolip.mp4,FakeVideo-FakeAudio\Asian (East)\women\id06054\00010_id09116_wavtolip.mp4,FakeVideo-FakeAudio,1,fake,Asian (East),women,id06054,00010_id09116_wavtolip.mp4,train
D:\SyncGuard\data\raw\FakeAVCeleb_v1.2\FakeAVCeleb_v1.2\RealVideo-RealAudio\Asian (East)\men\id00056\00028.mp4,RealVideo-RealAudio\Asian (East)\men\id00056\00028.mp4,RealVideo-RealAudio,0,real,Asian (East),men,id00056,00028.mp4,train
D:\SyncGuard\data\raw\FakeAVCeleb_v1.2\FakeAVCeleb_v1.2\FakeVideo-RealAudio\African\men\id01972\00078_id00475_wavtolip.mp4,FakeVideo-RealAudio\African\men\id01972\00078_id00475_wavtolip.mp4,FakeVideo-RealAudio,1,fake,African,men,id01972,00078_id00475_wavtolip.mp4,validation
D:\SyncGuard\data\raw\FakeAVCeleb_v1.2\FakeAVCeleb_v1.2\RealVideo-FakeAudio\Asian (East)\men\id00863\00069_fake.mp4,RealVideo-FakeAudio\Asian (East)\men\id00863\00069_fake.mp4,RealVideo-FakeAudio,1,fake,Asian (East),men,id00863,00069_fake.mp4,test
D:\SyncGuard\data\raw\FakeAVCeleb_v1.2\FakeAVCeleb_v1.2\RealVideo-RealAudio\Caucasian (European)\men\id00548\00015.mp4,RealVideo-RealAudio\Caucasian (European)\men\id00548\00015.mp4,RealVideo-RealAudio,0,real,Caucasian (European),men,id00548,00015.mp4,train
D:\SyncGuard\data\raw\FakeAVCeleb_v1.2\FakeAVCeleb_v1.2\RealVideo-FakeAudio\Caucasian (European)\women\id00735\00037_fake.mp4,RealVideo-FakeAudio\Caucasian (European)\women\id00735\00037_fake.mp4,RealVideo-FakeAudio,1,fake,Caucasian (European),women,id00735,00037_fake.mp4,train
D:\SyncGuard\data\raw\FakeAVCeleb_v1.2\FakeAVCeleb_v1.2\FakeVideo-FakeAudio\Asian (East)\women\id03379\00032_id06443_wavtolip.mp4,FakeVideo-FakeAudio\Asian (East)\women\id03379\00032_id06443_wavtolip.mp4,FakeVideo-FakeAudio,1,fake,Asian (East),women,id03379,00032_id06443_wavtolip.mp4,train
D:\SyncGuard\data\raw\FakeAVCeleb_v1.2\FakeAVCeleb_v1.2\FakeVideo-RealAudio\Caucasian (European)\women\id00234\00063_id00484_wavtolip.mp4,FakeVideo-RealAudio\Caucasian (European)\women\id00234\00063_id00484_wavtolip.mp4,FakeVideo-RealAudio,1,fake,Caucasian (European),women,id00234,00063_id00484_wavtolip.mp4,train
D:\SyncGuard\data\raw\FakeAVCeleb_v1.2\FakeAVCeleb_v1.2\FakeVideo-FakeAudio\Asian (East)\men\id01589\00017_id03889_C54Tw6xrc4U_faceswap_id05332_wavtolip.mp4,FakeVideo-FakeAudio\Asian (East)\men\id01589\00017_id03889_C54Tw6xrc4U_faceswap_id05332_wavtolip.mp4,FakeVideo-FakeAudio,1,fake,Asian (East),men,id01589,00017_id03889_C54Tw6xrc4U_faceswap_id05332_wavtolip.mp4,train
D:\SyncGuard\data\raw\FakeAVCeleb_v1.2\FakeAVCeleb_v1.2\FakeVideo-FakeAudio\Caucasian (American)\men\id03678\00078_id00169__V1xAwwG29U_id00243_wavtolip.mp4,FakeVideo-FakeAudio\Caucasian (American)\men\id03678\00078_id00169__V1xAwwG29U_id00243_wavtolip.mp4,FakeVideo-FakeAudio,1,fake,Caucasian (American),men,id03678,00078_id00169__V1xAwwG29U_id00243_wavtolip.mp4,train
D:\SyncGuard\data\raw\FakeAVCeleb_v1.2\FakeAVCeleb_v1.2\FakeVideo-RealAudio\Asian (South)\women\id00461\00043_id00488_wavtolip.mp4,FakeVideo-RealAudio\Asian (South)\women\id00461\00043_id00488_wavtolip.mp4,FakeVideo-RealAudio,1,fake,Asian (South),women,id00461,00043_id00488_wavtolip.mp4,train
D:\SyncGuard\data\raw\FakeAVCeleb_v1.2\FakeAVCeleb_v1.2\RealVideo-FakeAudio\Asian (South)\women\id00739\00005_fake.mp4,RealVideo-FakeAudio\Asian (South)\women\id00739\00005_fake.mp4,RealVideo-FakeAudio,1,fake,Asian (South),women,id00739,00005_fake.mp4,train
D:\SyncGuard\data\raw\FakeAVCeleb_v1.2\FakeAVCeleb_v1.2\RealVideo-RealAudio\Asian (South)\men\id04928\00027.mp4,RealVideo-RealAudio\Asian (South)\men\id04928\00027.mp4,RealVideo-RealAudio,0,real,Asian (South),men,id04928,00027.mp4,train
D:\SyncGuard\data\raw\FakeAVCeleb_v1.2\FakeAVCeleb_v1.2\RealVideo-FakeAudio\Caucasian (European)\men\id01126\00040_fake.mp4,RealVideo-FakeAudio\Caucasian (European)\men\id01126\00040_fake.mp4,RealVideo-FakeAudio,1,fake,Caucasian (European),men,id01126,00040_fake.mp4,train
D:\SyncGuard\data\raw\FakeAVCeleb_v1.2\FakeAVCeleb_v1.2\RealVideo-RealAudio\Asian (South)\women\id00235\00052.mp4,RealVideo-RealAudio\Asian (South)\women\id00235\00052.mp4,RealVideo-RealAudio,0,real,Asian (South),women,id00235,00052.mp4,validation
D:\SyncGuard\data\raw\FakeAVCeleb_v1.2\FakeAVCeleb_v1.2\RealVideo-FakeAudio\Caucasian (American)\women\id00190\00072_fake.mp4,RealVideo-FakeAudio\Caucasian (American)\women\id00190\00072_fake.mp4,RealVideo-FakeAudio,1,fake,Caucasian (American),women,id00190,00072_fake.mp4,train
D:\SyncGuard\data\raw\FakeAVCeleb_v1.2\FakeAVCeleb_v1.2\FakeVideo-RealAudio\Caucasian (European)\women\id00484\00202_id03816_wavtolip.mp4,FakeVideo-RealAudio\Caucasian (European)\women\id00484\00202_id03816_wavtolip.mp4,FakeVideo-RealAudio,1,fake,Caucasian (European),women,id00484,00202_id03816_wavtolip.mp4,train
D:\SyncGuard\data\raw\FakeAVCeleb_v1.2\FakeAVCeleb_v1.2\RealVideo-RealAudio\African\women\id01907\00148.mp4,RealVideo-RealAudio\African\women\id01907\00148.mp4,RealVideo-RealAudio,0,real,African,women,id01907,00148.mp4,train
D:\SyncGuard\data\raw\FakeAVCeleb_v1.2\FakeAVCeleb_v1.2\FakeVideo-RealAudio\Caucasian (European)\women\id00373\00028_id00823_KgExwCvgrUk.mp4,FakeVideo-RealAudio\Caucasian (European)\women\id00373\00028_id00823_KgExwCvgrUk.mp4,FakeVideo-RealAudio,1,fake,Caucasian (European),women,id00373,00028_id00823_KgExwCvgrUk.mp4,validation
D:\SyncGuard\data\raw\FakeAVCeleb_v1.2\FakeAVCeleb_v1.2\RealVideo-FakeAudio\Asian (South)\men\id04537\00083_fake.mp4,RealVideo-FakeAudio\Asian (South)\men\id04537\00083_fake.mp4,RealVideo-FakeAudio,1,fake,Asian (South),men,id04537,00083_fake.mp4,train
D:\SyncGuard\data\raw\FakeAVCeleb_v1.2\FakeAVCeleb_v1.2\FakeVideo-RealAudio\Caucasian (American)\men\id00708\00043_id00060_gZ4RkcQ0SXE.mp4,FakeVideo-RealAudio\Caucasian (American)\men\id00708\00043_id00060_gZ4RkcQ0SXE.mp4,FakeVideo-RealAudio,1,fake,Caucasian (American),men,id00708,00043_id00060_gZ4RkcQ0SXE.mp4,train
D:\SyncGuard\data\raw\FakeAVCeleb_v1.2\FakeAVCeleb_v1.2\FakeVideo-FakeAudio\Caucasian (American)\women\id00752\00340_id00097_wavtolip.mp4,FakeVideo-FakeAudio\Caucasian (American)\women\id00752\00340_id00097_wavtolip.mp4,FakeVideo-FakeAudio,1,fake,Caucasian (American),women,id00752,00340_id00097_wavtolip.mp4,test
D:\SyncGuard\data\raw\FakeAVCeleb_v1.2\FakeAVCeleb_v1.2\RealVideo-RealAudio\Caucasian (European)\women\id03716\00040.mp4,RealVideo-RealAudio\Caucasian (European)\women\id03716\00040.mp4,RealVideo-RealAudio,0,real,Caucasian (European),women,id03716,00040.mp4,test
D:\SyncGuard\data\raw\FakeAVCeleb_v1.2\FakeAVCeleb_v1.2\RealVideo-FakeAudio\Caucasian (European)\men\id00594\00005_fake.mp4,RealVideo-FakeAudio\Caucasian (European)\men\id00594\00005_fake.mp4,RealVideo-FakeAudio,1,fake,Caucasian (European),men,id00594,00005_fake.mp4,train
D:\SyncGuard\data\raw\FakeAVCeleb_v1.2\FakeAVCeleb_v1.2\FakeVideo-RealAudio\Caucasian (American)\men\id00060\00307_id01042_wavtolip.mp4,FakeVideo-RealAudio\Caucasian (American)\men\id00060\00307_id01042_wavtolip.mp4,FakeVideo-RealAudio,1,fake,Caucasian (American),men,id00060,00307_id01042_wavtolip.mp4,train
D:\SyncGuard\data\raw\FakeAVCeleb_v1.2\FakeAVCeleb_v1.2\FakeVideo-FakeAudio\Caucasian (European)\women\id00270\00088_id03858_wavtolip.mp4,FakeVideo-FakeAudio\Caucasian (European)\women\id00270\00088_id03858_wavtolip.mp4,FakeVideo-FakeAudio,1,fake,Caucasian (European),women,id00270,00088_id03858_wavtolip.mp4,train
D:\SyncGuard\data\raw\FakeAVCeleb_v1.2\FakeAVCeleb_v1.2\FakeVideo-RealAudio\Caucasian (European)\men\id01156\00078_id00554_wavtolip.mp4,FakeVideo-RealAudio\Caucasian (European)\men\id01156\00078_id00554_wavtolip.mp4,FakeVideo-RealAudio,1,fake,Caucasian (European),men,id01156,00078_id00554_wavtolip.mp4,train
D:\SyncGuard\data\raw\FakeAVCeleb_v1.2\FakeAVCeleb_v1.2\RealVideo-FakeAudio\Caucasian (American)\men\id00029\00288_fake.mp4,RealVideo-FakeAudio\Caucasian (American)\men\id00029\00288_fake.mp4,RealVideo-FakeAudio,1,fake,Caucasian (American),men,id00029,00288_fake.mp4,test
D:\SyncGuard\data\raw\FakeAVCeleb_v1.2\FakeAVCeleb_v1.2\FakeVideo-RealAudio\Caucasian (American)\men\id03757\00149_id00243_wavtolip.mp4,FakeVideo-RealAudio\Caucasian (American)\men\id03757\00149_id00243_wavtolip.mp4,FakeVideo-RealAudio,1,fake,Caucasian (American),men,id03757,00149_id00243_wavtolip.mp4,validation
D:\SyncGuard\data\raw\FakeAVCeleb_v1.2\FakeAVCeleb_v1.2\RealVideo-FakeAudio\Asian (South)\women\id00080\00281_fake.mp4,RealVideo-FakeAudio\Asian (South)\women\id00080\00281_fake.mp4,RealVideo-FakeAudio,1,fake,Asian (South),women,id00080,00281_fake.mp4,test
D:\SyncGuard\data\raw\FakeAVCeleb_v1.2\FakeAVCeleb_v1.2\FakeVideo-RealAudio\Asian (East)\women\id00763\00074_id02807_eFC0STvhou4_faceswap.mp4,FakeVideo-RealAudio\Asian (East)\women\id00763\00074_id02807_eFC0STvhou4_faceswap.mp4,FakeVideo-RealAudio,1,fake,Asian (East),women,id00763,00074_id02807_eFC0STvhou4_faceswap.mp4,train
D:\SyncGuard\data\raw\FakeAVCeleb_v1.2\FakeAVCeleb_v1.2\FakeVideo-FakeAudio\African\men\id01598\00044_id00518_qm7oQcDg4oI_id02342_wavtolip.mp4,FakeVideo-FakeAudio\African\men\id01598\00044_id00518_qm7oQcDg4oI_id02342_wavtolip.mp4,FakeVideo-FakeAudio,1,fake,African,men,id01598,00044_id00518_qm7oQcDg4oI_id02342_wavtolip.mp4,train
D:\SyncGuard\data\raw\FakeAVCeleb_v1.2\FakeAVCeleb_v1.2\FakeVideo-RealAudio\Caucasian (European)\men\id01123\00072_id03205_wavtolip.mp4,FakeVideo-RealAudio\Caucasian (European)\men\id01123\00072_id03205_wavtolip.mp4,FakeVideo-RealAudio,1,fake,Caucasian (European),men,id01123,00072_id03205_wavtolip.mp4,test
D:\SyncGuard\data\raw\FakeAVCeleb_v1.2\FakeAVCeleb_v1.2\RealVideo-FakeAudio\Caucasian (European)\men\id00192\00078_fake.mp4,RealVideo-FakeAudio\Caucasian (European)\men\id00192\00078_fake.mp4,RealVideo-FakeAudio,1,fake,Caucasian (European),men,id00192,00078_fake.mp4,train
D:\SyncGuard\data\raw\FakeAVCeleb_v1.2\FakeAVCeleb_v1.2\RealVideo-RealAudio\Caucasian (European)\women\id00270\00088.mp4,RealVideo-RealAudio\Caucasian (European)\women\id00270\00088.mp4,RealVideo-RealAudio,0,real,Caucasian (European),women,id00270,00088.mp4,train
D:\SyncGuard\data\raw\FakeAVCeleb_v1.2\FakeAVCeleb_v1.2\FakeVideo-FakeAudio\Caucasian (European)\men\id01157\00048_id00554_crjq1dFN1Ko_faceswap_id00535_wavtolip.mp4,FakeVideo-FakeAudio\Caucasian (European)\men\id01157\00048_id00554_crjq1dFN1Ko_faceswap_id00535_wavtolip.mp4,FakeVideo-FakeAudio,1,fake,Caucasian (European),men,id01157,00048_id00554_crjq1dFN1Ko_faceswap_id00535_wavtolip.mp4,train
D:\SyncGuard\data\raw\FakeAVCeleb_v1.2\FakeAVCeleb_v1.2\FakeVideo-FakeAudio\Asian (South)\women\id05920\00161_id05845_XfMHm6CEwPw_faceswap_id06752_wavtolip.mp4,FakeVideo-FakeAudio\Asian (South)\women\id05920\00161_id05845_XfMHm6CEwPw_faceswap_id06752_wavtolip.mp4,FakeVideo-FakeAudio,1,fake,Asian (South),women,id05920,00161_id05845_XfMHm6CEwPw_faceswap_id06752_wavtolip.mp4,train
D:\SyncGuard\data\raw\FakeAVCeleb_v1.2\FakeAVCeleb_v1.2\RealVideo-RealAudio\Asian (South)\men\id07058\00010.mp4,RealVideo-RealAudio\Asian (South)\men\id07058\00010.mp4,RealVideo-RealAudio,0,real,Asian (South),men,id07058,00010.mp4,train
D:\SyncGuard\data\raw\FakeAVCeleb_v1.2\FakeAVCeleb_v1.2\RealVideo-RealAudio\Caucasian (European)\women\id00495\00027.mp4,RealVideo-RealAudio\Caucasian (European)\women\id00495\00027.mp4,RealVideo-RealAudio,0,real,Caucasian (European),women,id00495,00027.mp4,validation
D:\SyncGuard\data\raw\FakeAVCeleb_v1.2\FakeAVCeleb_v1.2\FakeVideo-FakeAudio\Asian (South)\men\id04560\00195_id07463_wavtolip.mp4,FakeVideo-FakeAudio\Asian (South)\men\id04560\00195_id07463_wavtolip.mp4,FakeVideo-FakeAudio,1,fake,Asian (South),men,id04560,00195_id07463_wavtolip.mp4,train
D:\SyncGuard\data\raw\FakeAVCeleb_v1.2\FakeAVCeleb_v1.2\RealVideo-FakeAudio\African\women\id02824\00130_fake.mp4,RealVideo-FakeAudio\African\women\id02824\00130_fake.mp4,RealVideo-FakeAudio,1,fake,African,women,id02824,00130_fake.mp4,train
D:\SyncGuard\data\raw\FakeAVCeleb_v1.2\FakeAVCeleb_v1.2\RealVideo-FakeAudio\Asian (South)\men\id03599\00072_fake.mp4,RealVideo-FakeAudio\Asian (South)\men\id03599\00072_fake.mp4,RealVideo-FakeAudio,1,fake,Asian (South),men,id03599,00072_fake.mp4,train
D:\SyncGuard\data\raw\FakeAVCeleb_v1.2\FakeAVCeleb_v1.2\RealVideo-FakeAudio\Caucasian (European)\men\id00919\00063_fake.mp4,RealVideo-FakeAudio\Caucasian (European)\men\id00919\00063_fake.mp4,RealVideo-FakeAudio,1,fake,Caucasian (European),men,id00919,00063_fake.mp4,train
D:\SyncGuard\data\raw\FakeAVCeleb_v1.2\FakeAVCeleb_v1.2\RealVideo-RealAudio\Caucasian (European)\men\id02567\00040.mp4,RealVideo-RealAudio\Caucasian (European)\men\id02567\00040.mp4,RealVideo-RealAudio,0,real,Caucasian (European),men,id02567,00040.mp4,train
D:\SyncGuard\data\raw\FakeAVCeleb_v1.2\FakeAVCeleb_v1.2\RealVideo-FakeAudio\Asian (East)\women\id06066\00028_fake.mp4,RealVideo-FakeAudio\Asian (East)\women\id06066\00028_fake.mp4,RealVideo-FakeAudio,1,fake,Asian (East),women,id06066,00028_fake.mp4,train
D:\SyncGuard\data\raw\FakeAVCeleb_v1.2\FakeAVCeleb_v1.2\RealVideo-FakeAudio\Caucasian (European)\men\id00990\00160_fake.mp4,RealVideo-FakeAudio\Caucasian (European)\men\id00990\00160_fake.mp4,RealVideo-FakeAudio,1,fake,Caucasian (European),men,id00990,00160_fake.mp4,test
D:\SyncGuard\data\raw\FakeAVCeleb_v1.2\FakeAVCeleb_v1.2\FakeVideo-FakeAudio\Caucasian (American)\women\id00231\00037_id01248_wavtolip.mp4,FakeVideo-FakeAudio\Caucasian (American)\women\id00231\00037_id01248_wavtolip.mp4,FakeVideo-FakeAudio,1,fake,Caucasian (American),women,id00231,00037_id01248_wavtolip.mp4,train
D:\SyncGuard\data\raw\FakeAVCeleb_v1.2\FakeAVCeleb_v1.2\FakeVideo-RealAudio\Asian (East)\women\id09175\00072_id06388_AtidJ-WlONc.mp4,FakeVideo-RealAudio\Asian (East)\women\id09175\00072_id06388_AtidJ-WlONc.mp4,FakeVideo-RealAudio,1,fake,Asian (East),women,id09175,00072_id06388_AtidJ-WlONc.mp4,validation
D:\SyncGuard\data\raw\FakeAVCeleb_v1.2\FakeAVCeleb_v1.2\FakeVideo-FakeAudio\Asian (South)\men\id06354\00021_id00732_wavtolip.mp4,FakeVideo-FakeAudio\Asian (South)\men\id06354\00021_id00732_wavtolip.mp4,FakeVideo-FakeAudio,1,fake,Asian (South),men,id06354,00021_id00732_wavtolip.mp4,train
D:\SyncGuard\data\raw\FakeAVCeleb_v1.2\FakeAVCeleb_v1.2\RealVideo-FakeAudio\Caucasian (European)\women\id00591\00001_fake.mp4,RealVideo-FakeAudio\Caucasian (European)\women\id00591\00001_fake.mp4,RealVideo-FakeAudio,1,fake,Caucasian (European),women,id00591,00001_fake.mp4,train
D:\SyncGuard\data\raw\FakeAVCeleb_v1.2\FakeAVCeleb_v1.2\RealVideo-RealAudio\Caucasian (American)\men\id00184\00241.mp4,RealVideo-RealAudio\Caucasian (American)\men\id00184\00241.mp4,RealVideo-RealAudio,0,real,Caucasian (American),men,id00184,00241.mp4,test
D:\SyncGuard\data\raw\FakeAVCeleb_v1.2\FakeAVCeleb_v1.2\RealVideo-RealAudio\Caucasian (European)\men\id00909\00037.mp4,RealVideo-RealAudio\Caucasian (European)\men\id00909\00037.mp4,RealVideo-RealAudio,0,real,Caucasian (European),men,id00909,00037.mp4,train
D:\SyncGuard\data\raw\FakeAVCeleb_v1.2\FakeAVCeleb_v1.2\RealVideo-RealAudio\Asian (South)\men\id00685\00146.mp4,RealVideo-RealAudio\Asian (South)\men\id00685\00146.mp4,RealVideo-RealAudio,0,real,Asian (South),men,id00685,00146.mp4,test
D:\SyncGuard\data\raw\FakeAVCeleb_v1.2\FakeAVCeleb_v1.2\RealVideo-FakeAudio\Asian (South)\women\id07049\00043_fake.mp4,RealVideo-FakeAudio\Asian (South)\women\id07049\00043_fake.mp4,RealVideo-FakeAudio,1,fake,Asian (South),women,id07049,00043_fake.mp4,train
D:\SyncGuard\data\raw\FakeAVCeleb_v1.2\FakeAVCeleb_v1.2\FakeVideo-RealAudio\Caucasian (American)\women\id00575\00092_id00842_wavtolip.mp4,FakeVideo-RealAudio\Caucasian (American)\women\id00575\00092_id00842_wavtolip.mp4,FakeVideo-RealAudio,1,fake,Caucasian (American),women,id00575,00092_id00842_wavtolip.mp4,train
D:\SyncGuard\data\raw\FakeAVCeleb_v1.2\FakeAVCeleb_v1.2\FakeVideo-RealAudio\African\women\id01178\00028_id00568_gakhcJXnJZ8.mp4,FakeVideo-RealAudio\African\women\id01178\00028_id00568_gakhcJXnJZ8.mp4,FakeVideo-RealAudio,1,fake,African,women,id01178,00028_id00568_gakhcJXnJZ8.mp4,train
D:\SyncGuard\data\raw\FakeAVCeleb_v1.2\FakeAVCeleb_v1.2\FakeVideo-FakeAudio\Caucasian (European)\women\id01001\00086_id00826_wavtolip.mp4,FakeVideo-FakeAudio\Caucasian (European)\women\id01001\00086_id00826_wavtolip.mp4,FakeVideo-FakeAudio,1,fake,Caucasian (European),women,id01001,00086_id00826_wavtolip.mp4,test
D:\SyncGuard\data\raw\FakeAVCeleb_v1.2\FakeAVCeleb_v1.2\RealVideo-RealAudio\Caucasian (American)\men\id01096\00037.mp4,RealVideo-RealAudio\Caucasian (American)\men\id01096\00037.mp4,RealVideo-RealAudio,0,real,Caucasian (American),men,id01096,00037.mp4,train
D:\SyncGuard\data\raw\FakeAVCeleb_v1.2\FakeAVCeleb_v1.2\FakeVideo-RealAudio\Asian (South)\men\id07463\00028_id00033_gduDuRWhnlQ.mp4,FakeVideo-RealAudio\Asian (South)\men\id07463\00028_id00033_gduDuRWhnlQ.mp4,FakeVideo-RealAudio,1,fake,Asian (South),men,id07463,00028_id00033_gduDuRWhnlQ.mp4,train
D:\SyncGuard\data\raw\FakeAVCeleb_v1.2\FakeAVCeleb_v1.2\FakeVideo-RealAudio\Asian (South)\men\id06334\00015_id06354_wavtolip.mp4,FakeVideo-RealAudio\Asian (South)\men\id06334\00015_id06354_wavtolip.mp4,FakeVideo-RealAudio,1,fake,Asian (South),men,id06334,00015_id06354_wavtolip.mp4,train
D:\SyncGuard\data\raw\FakeAVCeleb_v1.2\FakeAVCeleb_v1.2\FakeVideo-RealAudio\Asian (South)\women\id05845\00027_id05845_wavtolip.mp4,FakeVideo-RealAudio\Asian (South)\women\id05845\00027_id05845_wavtolip.mp4,FakeVideo-RealAudio,1,fake,Asian (South),women,id05845,00027_id05845_wavtolip.mp4,train
D:\SyncGuard\data\raw\FakeAVCeleb_v1.2\FakeAVCeleb_v1.2\RealVideo-RealAudio\Caucasian (European)\men\id00063\00021.mp4,RealVideo-RealAudio\Caucasian (European)\men\id00063\00021.mp4,RealVideo-RealAudio,0,real,Caucasian (European),men,id00063,00021.mp4,validation
D:\SyncGuard\data\raw\FakeAVCeleb_v1.2\FakeAVCeleb_v1.2\RealVideo-FakeAudio\Caucasian (European)\women\id00287\00005_fake.mp4,RealVideo-FakeAudio\Caucasian (European)\women\id00287\00005_fake.mp4,RealVideo-FakeAudio,1,fake,Caucasian (European),women,id00287,00005_fake.mp4,test
D:\SyncGuard\data\raw\FakeAVCeleb_v1.2\FakeAVCeleb_v1.2\RealVideo-RealAudio\Caucasian (European)\women\id00491\00122.mp4,RealVideo-RealAudio\Caucasian (European)\women\id00491\00122.mp4,RealVideo-RealAudio,0,real,Caucasian (European),women,id00491,00122.mp4,train
D:\SyncGuard\data\raw\FakeAVCeleb_v1.2\FakeAVCeleb_v1.2\RealVideo-FakeAudio\Asian (East)\men\id01212\00183_fake.mp4,RealVideo-FakeAudio\Asian (East)\men\id01212\00183_fake.mp4,RealVideo-FakeAudio,1,fake,Asian (East),men,id01212,00183_fake.mp4,train
D:\SyncGuard\data\raw\FakeAVCeleb_v1.2\FakeAVCeleb_v1.2\RealVideo-RealAudio\Asian (East)\women\id06066\00028.mp4,RealVideo-RealAudio\Asian (East)\women\id06066\00028.mp4,RealVideo-RealAudio,0,real,Asian (East),women,id06066,00028.mp4,train
D:\SyncGuard\data\raw\FakeAVCeleb_v1.2\FakeAVCeleb_v1.2\FakeVideo-FakeAudio\Asian (South)\women\id00488\00028_id05434_wavtolip.mp4,FakeVideo-FakeAudio\Asian (South)\women\id00488\00028_id05434_wavtolip.mp4,FakeVideo-FakeAudio,1,fake,Asian (South),women,id00488,00028_id05434_wavtolip.mp4,validation
D:\SyncGuard\data\raw\FakeAVCeleb_v1.2\FakeAVCeleb_v1.2\FakeVideo-FakeAudio\Caucasian (European)\men\id01058\00005_2_id00306_wavtolip.mp4,FakeVideo-FakeAudio\Caucasian (European)\men\id01058\00005_2_id00306_wavtolip.mp4,FakeVideo-FakeAudio,1,fake,Caucasian (European),men,id01058,00005_2_id00306_wavtolip.mp4,validation
D:\SyncGuard\data\raw\FakeAVCeleb_v1.2\FakeAVCeleb_v1.2\FakeVideo-FakeAudio\Asian (East)\women\id01281\00040_id08139_wavtolip.mp4,FakeVideo-FakeAudio\Asian (East)\women\id01281\00040_id08139_wavtolip.mp4,FakeVideo-FakeAudio,1,fake,Asian (East),women,id01281,00040_id08139_wavtolip.mp4,test
D:\SyncGuard\data\raw\FakeAVCeleb_v1.2\FakeAVCeleb_v1.2\RealVideo-FakeAudio\Caucasian (European)\women\id00823\00125_fake.mp4,RealVideo-FakeAudio\Caucasian (European)\women\id00823\00125_fake.mp4,RealVideo-FakeAudio,1,fake,Caucasian (European),women,id00823,00125_fake.mp4,test
D:\SyncGuard\data\raw\FakeAVCeleb_v1.2\FakeAVCeleb_v1.2\FakeVideo-FakeAudio\African\men\id01972\00078_id01392_wavtolip.mp4,FakeVideo-FakeAudio\African\men\id01972\00078_id01392_wavtolip.mp4,FakeVideo-FakeAudio,1,fake,African,men,id01972,00078_id01392_wavtolip.mp4,validation
D:\SyncGuard\data\raw\FakeAVCeleb_v1.2\FakeAVCeleb_v1.2\RealVideo-FakeAudio\African\women\id01178\00028_fake.mp4,RealVideo-FakeAudio\African\women\id01178\00028_fake.mp4,RealVideo-FakeAudio,1,fake,African,women,id01178,00028_fake.mp4,train
D:\SyncGuard\data\raw\FakeAVCeleb_v1.2\FakeAVCeleb_v1.2\RealVideo-RealAudio\Asian (South)\women\id06438\00110.mp4,RealVideo-RealAudio\Asian (South)\women\id06438\00110.mp4,RealVideo-RealAudio,0,real,Asian (South),women,id06438,00110.mp4,train
D:\SyncGuard\data\raw\FakeAVCeleb_v1.2\FakeAVCeleb_v1.2\RealVideo-FakeAudio\Asian (East)\women\id07901\00040_fake.mp4,RealVideo-FakeAudio\Asian (East)\women\id07901\00040_fake.mp4,RealVideo-FakeAudio,1,fake,Asian (East),women,id07901,00040_fake.mp4,test
D:\SyncGuard\data\raw\FakeAVCeleb_v1.2\FakeAVCeleb_v1.2\FakeVideo-RealAudio\Asian (East)\women\id06060\00219_id06054_EicsCdNDfBs.mp4,FakeVideo-RealAudio\Asian (East)\women\id06060\00219_id06054_EicsCdNDfBs.mp4,FakeVideo-RealAudio,1,fake,Asian (East),women,id06060,00219_id06054_EicsCdNDfBs.mp4,train
D:\SyncGuard\data\raw\FakeAVCeleb_v1.2\FakeAVCeleb_v1.2\RealVideo-FakeAudio\Caucasian (European)\women\id00365\00078_fake.mp4,RealVideo-FakeAudio\Caucasian (European)\women\id00365\00078_fake.mp4,RealVideo-FakeAudio,1,fake,Caucasian (European),women,id00365,00078_fake.mp4,train
D:\SyncGuard\data\raw\FakeAVCeleb_v1.2\FakeAVCeleb_v1.2\RealVideo-FakeAudio\Caucasian (American)\women\id02466\00136_fake.mp4,RealVideo-FakeAudio\Caucasian (American)\women\id02466\00136_fake.mp4,RealVideo-FakeAudio,1,fake,Caucasian (American),women,id02466,00136_fake.mp4,train
D:\SyncGuard\data\raw\FakeAVCeleb_v1.2\FakeAVCeleb_v1.2\RealVideo-RealAudio\Asian (South)\men\id04599\00111.mp4,RealVideo-RealAudio\Asian (South)\men\id04599\00111.mp4,RealVideo-RealAudio,0,real,Asian (South),men,id04599,00111.mp4,validation
D:\SyncGuard\data\raw\FakeAVCeleb_v1.2\FakeAVCeleb_v1.2\RealVideo-RealAudio\Caucasian (European)\women\id00262\00028.mp4,RealVideo-RealAudio\Caucasian (European)\women\id00262\00028.mp4,RealVideo-RealAudio,0,real,Caucasian (European),women,id00262,00028.mp4,train
D:\SyncGuard\data\raw\FakeAVCeleb_v1.2\FakeAVCeleb_v1.2\RealVideo-RealAudio\Asian (South)\women\id00417\00069.mp4,RealVideo-RealAudio\Asian (South)\women\id00417\00069.mp4,RealVideo-RealAudio,0,real,Asian (South),women,id00417,00069.mp4,test
D:\SyncGuard\data\raw\FakeAVCeleb_v1.2\FakeAVCeleb_v1.2\FakeVideo-RealAudio\Asian (East)\men\id01683\00052_id04774_wavtolip.mp4,FakeVideo-RealAudio\Asian (East)\men\id01683\00052_id04774_wavtolip.mp4,FakeVideo-RealAudio,1,fake,Asian (East),men,id01683,00052_id04774_wavtolip.mp4,validation
D:\SyncGuard\data\raw\FakeAVCeleb_v1.2\FakeAVCeleb_v1.2\RealVideo-RealAudio\Caucasian (European)\men\id00594\00005.mp4,RealVideo-RealAudio\Caucasian (European)\men\id00594\00005.mp4,RealVideo-RealAudio,0,real,Caucasian (European),men,id00594,00005.mp4,train
D:\SyncGuard\data\raw\FakeAVCeleb_v1.2\FakeAVCeleb_v1.2\RealVideo-FakeAudio\Asian (South)\men\id04601\00118_fake.mp4,RealVideo-FakeAudio\Asian (South)\men\id04601\00118_fake.mp4,RealVideo-FakeAudio,1,fake,Asian (South),men,id04601,00118_fake.mp4,train
D:\SyncGuard\data\raw\FakeAVCeleb_v1.2\FakeAVCeleb_v1.2\FakeVideo-FakeAudio\African\men\id01598\00109_1_id02051_wavtolip.mp4,FakeVideo-FakeAudio\African\men\id01598\00109_1_id02051_wavtolip.mp4,FakeVideo-FakeAudio,1,fake,African,men,id01598,00109_1_id02051_wavtolip.mp4,train
D:\SyncGuard\data\raw\FakeAVCeleb_v1.2\FakeAVCeleb_v1.2\RealVideo-FakeAudio\African\men\id01933\00028_fake.mp4,RealVideo-FakeAudio\African\men\id01933\00028_fake.mp4,RealVideo-FakeAudio,1,fake,African,men,id01933,00028_fake.mp4,train
D:\SyncGuard\data\raw\FakeAVCeleb_v1.2\FakeAVCeleb_v1.2\FakeVideo-FakeAudio\Asian (South)\women\id07049\00043_id03815_wavtolip.mp4,FakeVideo-FakeAudio\Asian (South)\women\id07049\00043_id03815_wavtolip.mp4,FakeVideo-FakeAudio,1,fake,Asian (South),women,id07049,00043_id03815_wavtolip.mp4,train
D:\SyncGuard\data\raw\FakeAVCeleb_v1.2\FakeAVCeleb_v1.2\RealVideo-RealAudio\Asian (East)\women\id04414\00001.mp4,RealVideo-RealAudio\Asian (East)\women\id04414\00001.mp4,RealVideo-RealAudio,0,real,Asian (East),women,id04414,00001.mp4,validation
D:\SyncGuard\data\raw\FakeAVCeleb_v1.2\FakeAVCeleb_v1.2\RealVideo-FakeAudio\Asian (South)\men\id00816\00118_fake.mp4,RealVideo-FakeAudio\Asian (South)\men\id00816\00118_fake.mp4,RealVideo-FakeAudio,1,fake,Asian (South),men,id00816,00118_fake.mp4,validation
D:\SyncGuard\data\raw\FakeAVCeleb_v1.2\FakeAVCeleb_v1.2\RealVideo-RealAudio\Caucasian (European)\men\id00999\00028.mp4,RealVideo-RealAudio\Caucasian (European)\men\id00999\00028.mp4,RealVideo-RealAudio,0,real,Caucasian (European),men,id00999,00028.mp4,train
D:\SyncGuard\data\raw\FakeAVCeleb_v1.2\FakeAVCeleb_v1.2\FakeVideo-FakeAudio\Caucasian (European)\men\id01102\00197_id00266_utVnnggS30E_id01051_wavtolip.mp4,FakeVideo-FakeAudio\Caucasian (European)\men\id01102\00197_id00266_utVnnggS30E_id01051_wavtolip.mp4,FakeVideo-FakeAudio,1,fake,Caucasian (European),men,id01102,00197_id00266_utVnnggS30E_id01051_wavtolip.mp4,test
D:\SyncGuard\data\raw\FakeAVCeleb_v1.2\FakeAVCeleb_v1.2\FakeVideo-FakeAudio\Asian (South)\men\id03344\00114_id00103_wavtolip.mp4,FakeVideo-FakeAudio\Asian (South)\men\id03344\00114_id00103_wavtolip.mp4,FakeVideo-FakeAudio,1,fake,Asian (South),men,id03344,00114_id00103_wavtolip.mp4,train
D:\SyncGuard\data\raw\FakeAVCeleb_v1.2\FakeAVCeleb_v1.2\RealVideo-RealAudio\Asian (South)\men\id00350\00015.mp4,RealVideo-RealAudio\Asian (South)\men\id00350\00015.mp4,RealVideo-RealAudio,0,real,Asian (South),men,id00350,00015.mp4,train
D:\SyncGuard\data\raw\FakeAVCeleb_v1.2\FakeAVCeleb_v1.2\FakeVideo-FakeAudio\African\men\id00781\00092_id00476_UgdYVJ6xPYg_id01170_wavtolip.mp4,FakeVideo-FakeAudio\African\men\id00781\00092_id00476_UgdYVJ6xPYg_id01170_wavtolip.mp4,FakeVideo-FakeAudio,1,fake,African,men,id00781,00092_id00476_UgdYVJ6xPYg_id01170_wavtolip.mp4,train
D:\SyncGuard\data\raw\FakeAVCeleb_v1.2\FakeAVCeleb_v1.2\FakeVideo-RealAudio\Asian (South)\men\id04561\00248_id04561_wavtolip.mp4,FakeVideo-RealAudio\Asian (South)\men\id04561\00248_id04561_wavtolip.mp4,FakeVideo-RealAudio,1,fake,Asian (South),men,id04561,00248_id04561_wavtolip.mp4,validation
D:\SyncGuard\data\raw\FakeAVCeleb_v1.2\FakeAVCeleb_v1.2\RealVideo-FakeAudio\Asian (South)\women\id02619\00015_fake.mp4,RealVideo-FakeAudio\Asian (South)\women\id02619\00015_fake.mp4,RealVideo-FakeAudio,1,fake,Asian (South),women,id02619,00015_fake.mp4,train
D:\SyncGuard\data\raw\FakeAVCeleb_v1.2\FakeAVCeleb_v1.2\FakeVideo-FakeAudio\Caucasian (American)\women\id00618\00195_id00145_JveyoCdoCuI_id01225_wavtolip.mp4,FakeVideo-FakeAudio\Caucasian (American)\women\id00618\00195_id00145_JveyoCdoCuI_id01225_wavtolip.mp4,FakeVideo-FakeAudio,1,fake,Caucasian (American),women,id00618,00195_id00145_JveyoCdoCuI_id01225_wavtolip.mp4,train
D:\SyncGuard\data\raw\FakeAVCeleb_v1.2\FakeAVCeleb_v1.2\RealVideo-FakeAudio\Asian (South)\women\id04070\00072_fake.mp4,RealVideo-FakeAudio\Asian (South)\women\id04070\00072_fake.mp4,RealVideo-FakeAudio,1,fake,Asian (South),women,id04070,00072_fake.mp4,train
D:\SyncGuard\data\raw\FakeAVCeleb_v1.2\FakeAVCeleb_v1.2\RealVideo-RealAudio\Caucasian (European)\men\id00305\00113.mp4,RealVideo-RealAudio\Caucasian (European)\men\id00305\00113.mp4,RealVideo-RealAudio,0,real,Caucasian (European),men,id00305,00113.mp4,train
D:\SyncGuard\data\raw\FakeAVCeleb_v1.2\FakeAVCeleb_v1.2\FakeVideo-RealAudio\Caucasian (European)\women\id03371\00430_id00806_0sk9s9lFIAk.mp4,FakeVideo-RealAudio\Caucasian (European)\women\id03371\00430_id00806_0sk9s9lFIAk.mp4,FakeVideo-RealAudio,1,fake,Caucasian (European),women,id03371,00430_id00806_0sk9s9lFIAk.mp4,train
D:\SyncGuard\data\raw\FakeAVCeleb_v1.2\FakeAVCeleb_v1.2\FakeVideo-RealAudio\African\men\id01076\00005_id01835_UZbWA0QfXXA.mp4,FakeVideo-RealAudio\African\men\id01076\00005_id01835_UZbWA0QfXXA.mp4,FakeVideo-RealAudio,1,fake,African,men,id01076,00005_id01835_UZbWA0QfXXA.mp4,validation
D:\SyncGuard\data\raw\FakeAVCeleb_v1.2\FakeAVCeleb_v1.2\FakeVideo-FakeAudio\Asian (East)\men\id08299\00110_2_id00126_wavtolip.mp4,FakeVideo-FakeAudio\Asian (East)\men\id08299\00110_2_id00126_wavtolip.mp4,FakeVideo-FakeAudio,1,fake,Asian (East),men,id08299,00110_2_id00126_wavtolip.mp4,train
D:\SyncGuard\data\raw\FakeAVCeleb_v1.2\FakeAVCeleb_v1.2\FakeVideo-RealAudio\Asian (East)\men\id04774\00032_id01589_wavtolip.mp4,FakeVideo-RealAudio\Asian (East)\men\id04774\00032_id01589_wavtolip.mp4,FakeVideo-RealAudio,1,fake,Asian (East),men,id04774,00032_id01589_wavtolip.mp4,train
D:\SyncGuard\data\raw\FakeAVCeleb_v1.2\FakeAVCeleb_v1.2\FakeVideo-RealAudio\African\women\id00832\00078_id03658_8Wtu9VXKqjY.mp4,FakeVideo-RealAudio\African\women\id00832\00078_id03658_8Wtu9VXKqjY.mp4,FakeVideo-RealAudio,1,fake,African,women,id00832,00078_id03658_8Wtu9VXKqjY.mp4,train
D:\SyncGuard\data\raw\FakeAVCeleb_v1.2\FakeAVCeleb_v1.2\RealVideo-RealAudio\Caucasian (European)\women\id00735\00037.mp4,RealVideo-RealAudio\Caucasian (European)\women\id00735\00037.mp4,RealVideo-RealAudio,0,real,Caucasian (European),women,id00735,00037.mp4,train
D:\SyncGuard\data\raw\FakeAVCeleb_v1.2\FakeAVCeleb_v1.2\FakeVideo-FakeAudio\Caucasian (European)\women\id03858\00092_id03589_wavtolip.mp4,FakeVideo-FakeAudio\Caucasian (European)\women\id03858\00092_id03589_wavtolip.mp4,FakeVideo-FakeAudio,1,fake,Caucasian (European),women,id03858,00092_id03589_wavtolip.mp4,train
D:\SyncGuard\data\raw\FakeAVCeleb_v1.2\FakeAVCeleb_v1.2\FakeVideo-RealAudio\Caucasian (European)\men\id00520\00187_id01058_2DKbOjf3Wyo.mp4,FakeVideo-RealAudio\Caucasian (European)\men\id00520\00187_id01058_2DKbOjf3Wyo.mp4,FakeVideo-RealAudio,1,fake,Caucasian (European),men,id00520,00187_id01058_2DKbOjf3Wyo.mp4,test
D:\SyncGuard\data\raw\FakeAVCeleb_v1.2\FakeAVCeleb_v1.2\RealVideo-RealAudio\Caucasian (American)\men\id03668\00143.mp4,RealVideo-RealAudio\Caucasian (American)\men\id03668\00143.mp4,RealVideo-RealAudio,0,real,Caucasian (American),men,id03668,00143.mp4,train
D:\SyncGuard\data\raw\FakeAVCeleb_v1.2\FakeAVCeleb_v1.2\FakeVideo-RealAudio\African\men\id00391\00052_id01856_wavtolip.mp4,FakeVideo-RealAudio\African\men\id00391\00052_id01856_wavtolip.mp4,FakeVideo-RealAudio,1,fake,African,men,id00391,00052_id01856_wavtolip.mp4,train
D:\SyncGuard\data\raw\FakeAVCeleb_v1.2\FakeAVCeleb_v1.2\FakeVideo-FakeAudio\Asian (South)\men\id00082\00052_id00769_wavtolip.mp4,FakeVideo-FakeAudio\Asian (South)\men\id00082\00052_id00769_wavtolip.mp4,FakeVideo-FakeAudio,1,fake,Asian (South),men,id00082,00052_id00769_wavtolip.mp4,train
D:\SyncGuard\data\raw\FakeAVCeleb_v1.2\FakeAVCeleb_v1.2\RealVideo-RealAudio\Caucasian (European)\women\id03844\00028.mp4,RealVideo-RealAudio\Caucasian (European)\women\id03844\00028.mp4,RealVideo-RealAudio,0,real,Caucasian (European),women,id03844,00028.mp4,test
D:\SyncGuard\data\raw\FakeAVCeleb_v1.2\FakeAVCeleb_v1.2\RealVideo-RealAudio\Asian (East)\women\id09174\00015.mp4,RealVideo-RealAudio\Asian (East)\women\id09174\00015.mp4,RealVideo-RealAudio,0,real,Asian (East),women,id09174,00015.mp4,train
D:\SyncGuard\data\raw\FakeAVCeleb_v1.2\FakeAVCeleb_v1.2\RealVideo-FakeAudio\Asian (East)\women\id06388\00005_fake.mp4,RealVideo-FakeAudio\Asian (East)\women\id06388\00005_fake.mp4,RealVideo-FakeAudio,1,fake,Asian (East),women,id06388,00005_fake.mp4,train
D:\SyncGuard\data\raw\FakeAVCeleb_v1.2\FakeAVCeleb_v1.2\FakeVideo-RealAudio\African\men\id00366\00118_id01920_w9C_knCPD94.mp4,FakeVideo-RealAudio\African\men\id00366\00118_id01920_w9C_knCPD94.mp4,FakeVideo-RealAudio,1,fake,African,men,id00366,00118_id01920_w9C_knCPD94.mp4,validation
D:\SyncGuard\data\raw\FakeAVCeleb_v1.2\FakeAVCeleb_v1.2\FakeVideo-FakeAudio\Asian (East)\women\id08402\00092_id01281_ojEe5zGWESc_faceswap_id00763_wavtolip.mp4,FakeVideo-FakeAudio\Asian (East)\women\id08402\00092_id01281_ojEe5zGWESc_faceswap_id00763_wavtolip.mp4,FakeVideo-FakeAudio,1,fake,Asian (East),women,id08402,00092_id01281_ojEe5zGWESc_faceswap_id00763_wavtolip.mp4,train
D:\SyncGuard\data\raw\FakeAVCeleb_v1.2\FakeAVCeleb_v1.2\RealVideo-RealAudio\Caucasian (American)\women\id00291\00052.mp4,RealVideo-RealAudio\Caucasian (American)\women\id00291\00052.mp4,RealVideo-RealAudio,0,real,Caucasian (American),women,id00291,00052.mp4,train
D:\SyncGuard\data\raw\FakeAVCeleb_v1.2\FakeAVCeleb_v1.2\FakeVideo-RealAudio\Asian (South)\women\id07049\00043_id07078_sLVbTD3Dtgw.mp4,FakeVideo-RealAudio\Asian (South)\women\id07049\00043_id07078_sLVbTD3Dtgw.mp4,FakeVideo-RealAudio,1,fake,Asian (South),women,id07049,00043_id07078_sLVbTD3Dtgw.mp4,train
D:\SyncGuard\data\raw\FakeAVCeleb_v1.2\FakeAVCeleb_v1.2\FakeVideo-FakeAudio\Asian (East)\men\id04687\00066_id06152_wavtolip.mp4,FakeVideo-FakeAudio\Asian (East)\men\id04687\00066_id06152_wavtolip.mp4,FakeVideo-FakeAudio,1,fake,Asian (East),men,id04687,00066_id06152_wavtolip.mp4,validation
D:\SyncGuard\data\raw\FakeAVCeleb_v1.2\FakeAVCeleb_v1.2\FakeVideo-RealAudio\Caucasian (European)\women\id00262\00028_id00633_wavtolip.mp4,FakeVideo-RealAudio\Caucasian (European)\women\id00262\00028_id00633_wavtolip.mp4,FakeVideo-RealAudio,1,fake,Caucasian (European),women,id00262,00028_id00633_wavtolip.mp4,train
D:\SyncGuard\data\raw\FakeAVCeleb_v1.2\FakeAVCeleb_v1.2\FakeVideo-RealAudio\Caucasian (American)\women\id03696\00160_id00431_DyRvPN6rEfU.mp4,FakeVideo-RealAudio\Caucasian (American)\women\id03696\00160_id00431_DyRvPN6rEfU.mp4,FakeVideo-RealAudio,1,fake,Caucasian (American),women,id03696,00160_id00431_DyRvPN6rEfU.mp4,train
D:\SyncGuard\data\raw\FakeAVCeleb_v1.2\FakeAVCeleb_v1.2\RealVideo-RealAudio\Asian (South)\men\id04562\00221.mp4,RealVideo-RealAudio\Asian (South)\men\id04562\00221.mp4,RealVideo-RealAudio,0,real,Asian (South),men,id04562,00221.mp4,train
D:\SyncGuard\data\raw\FakeAVCeleb_v1.2\FakeAVCeleb_v1.2\RealVideo-FakeAudio\Asian (East)\men\id04726\00245_fake.mp4,RealVideo-FakeAudio\Asian (East)\men\id04726\00245_fake.mp4,RealVideo-FakeAudio,1,fake,Asian (East),men,id04726,00245_fake.mp4,train
D:\SyncGuard\data\raw\FakeAVCeleb_v1.2\FakeAVCeleb_v1.2\FakeVideo-FakeAudio\African\men\id02342\00191_id04727_AAnyugIAXao_id02342_wavtolip.mp4,FakeVideo-FakeAudio\African\men\id02342\00191_id04727_AAnyugIAXao_id02342_wavtolip.mp4,FakeVideo-FakeAudio,1,fake,African,men,id02342,00191_id04727_AAnyugIAXao_id02342_wavtolip.mp4,train
D:\SyncGuard\data\raw\FakeAVCeleb_v1.2\FakeAVCeleb_v1.2\FakeVideo-FakeAudio\Caucasian (American)\women\id00841\00078_2_id00025_wavtolip.mp4,FakeVideo-FakeAudio\Caucasian (American)\women\id00841\00078_2_id00025_wavtolip.mp4,FakeVideo-FakeAudio,1,fake,Caucasian (American),women,id00841,00078_2_id00025_wavtolip.mp4,test
D:\SyncGuard\data\raw\FakeAVCeleb_v1.2\FakeAVCeleb_v1.2\RealVideo-RealAudio\Asian (South)\men\id07182\00040.mp4,RealVideo-RealAudio\Asian (South)\men\id07182\00040.mp4,RealVideo-RealAudio,0,real,Asian (South),men,id07182,00040.mp4,train
D:\SyncGuard\data\raw\FakeAVCeleb_v1.2\FakeAVCeleb_v1.2\FakeVideo-FakeAudio\African\women\id02586\00042_id05980_wavtolip.mp4,FakeVideo-FakeAudio\African\women\id02586\00042_id05980_wavtolip.mp4,FakeVideo-FakeAudio,1,fake,African,women,id02586,00042_id05980_wavtolip.mp4,test
D:\SyncGuard\data\raw\FakeAVCeleb_v1.2\FakeAVCeleb_v1.2\RealVideo-FakeAudio\Caucasian (American)\women\id00458\00072_fake.mp4,RealVideo-FakeAudio\Caucasian (American)\women\id00458\00072_fake.mp4,RealVideo-FakeAudio,1,fake,Caucasian (American),women,id00458,00072_fake.mp4,train
D:\SyncGuard\data\raw\FakeAVCeleb_v1.2\FakeAVCeleb_v1.2\RealVideo-RealAudio\Caucasian (European)\women\id03620\00081.mp4,RealVideo-RealAudio\Caucasian (European)\women\id03620\00081.mp4,RealVideo-RealAudio,0,real,Caucasian (European),women,id03620,00081.mp4,train
D:\SyncGuard\data\raw\FakeAVCeleb_v1.2\FakeAVCeleb_v1.2\FakeVideo-FakeAudio\Asian (South)\women\id02089\00092_id03897_wavtolip.mp4,FakeVideo-FakeAudio\Asian (South)\women\id02089\00092_id03897_wavtolip.mp4,FakeVideo-FakeAudio,1,fake,Asian (South),women,id02089,00092_id03897_wavtolip.mp4,validation
D:\SyncGuard\data\raw\FakeAVCeleb_v1.2\FakeAVCeleb_v1.2\RealVideo-RealAudio\Asian (South)\men\id00816\00118.mp4,RealVideo-RealAudio\Asian (South)\men\id00816\00118.mp4,RealVideo-RealAudio,0,real,Asian (South),men,id00816,00118.mp4,validation
D:\SyncGuard\data\raw\FakeAVCeleb_v1.2\FakeAVCeleb_v1.2\FakeVideo-RealAudio\Caucasian (American)\women\id01223\00255_id00291_L_SLT-j82Ms_faceswap.mp4,FakeVideo-RealAudio\Caucasian (American)\women\id01223\00255_id00291_L_SLT-j82Ms_faceswap.mp4,FakeVideo-RealAudio,1,fake,Caucasian (American),women,id01223,00255_id00291_L_SLT-j82Ms_faceswap.mp4,train
D:\SyncGuard\data\raw\FakeAVCeleb_v1.2\FakeAVCeleb_v1.2\RealVideo-FakeAudio\Caucasian (European)\women\id00042\00028_fake.mp4,RealVideo-FakeAudio\Caucasian (European)\women\id00042\00028_fake.mp4,RealVideo-FakeAudio,1,fake,Caucasian (European),women,id00042,00028_fake.mp4,train
D:\SyncGuard\data\raw\FakeAVCeleb_v1.2\FakeAVCeleb_v1.2\FakeVideo-FakeAudio\Caucasian (European)\women\id00188\00020_id03649_389qfFqUddI_id03620_wavtolip.mp4,FakeVideo-FakeAudio\Caucasian (European)\women\id00188\00020_id03649_389qfFqUddI_id03620_wavtolip.mp4,FakeVideo-FakeAudio,1,fake,Caucasian (European),women,id00188,00020_id03649_389qfFqUddI_id03620_wavtolip.mp4,train
D:\SyncGuard\data\raw\FakeAVCeleb_v1.2\FakeAVCeleb_v1.2\FakeVideo-FakeAudio\African\men\id00701\00092_id01179_wavtolip.mp4,FakeVideo-FakeAudio\African\men\id00701\00092_id01179_wavtolip.mp4,FakeVideo-FakeAudio,1,fake,African,men,id00701,00092_id01179_wavtolip.mp4,train
D:\SyncGuard\data\raw\FakeAVCeleb_v1.2\FakeAVCeleb_v1.2\FakeVideo-RealAudio\African\women\id05231\00149_id05980_wavtolip.mp4,FakeVideo-RealAudio\African\women\id05231\00149_id05980_wavtolip.mp4,FakeVideo-RealAudio,1,fake,African,women,id05231,00149_id05980_wavtolip.mp4,validation
D:\SyncGuard\data\raw\FakeAVCeleb_v1.2\FakeAVCeleb_v1.2\FakeVideo-RealAudio\African\men\id01920\00099_id01171_wavtolip.mp4,FakeVideo-RealAudio\African\men\id01920\00099_id01171_wavtolip.mp4,FakeVideo-RealAudio,1,fake,African,men,id01920,00099_id01171_wavtolip.mp4,train
D:\SyncGuard\data\raw\FakeAVCeleb_v1.2\FakeAVCeleb_v1.2\FakeVideo-RealAudio\Caucasian (European)\women\id01001\00086_id00374_w1qI7y9AGTc.mp4,FakeVideo-RealAudio\Caucasian (European)\women\id01001\00086_id00374_w1qI7y9AGTc.mp4,FakeVideo-RealAudio,1,fake,Caucasian (European),women,id01001,00086_id00374_w1qI7y9AGTc.mp4,test
D:\SyncGuard\data\raw\FakeAVCeleb_v1.2\FakeAVCeleb_v1.2\FakeVideo-RealAudio\Asian (South)\women\id02089\00092_0.mp4,FakeVideo-RealAudio\Asian (South)\women\id02089\00092_0.mp4,FakeVideo-RealAudio,1,fake,Asian (South),women,id02089,00092_0.mp4,validation
D:\SyncGuard\data\raw\FakeAVCeleb_v1.2\FakeAVCeleb_v1.2\FakeVideo-RealAudio\Asian (South)\women\id00149\00284_id06343_wavtolip.mp4,FakeVideo-RealAudio\Asian (South)\women\id00149\00284_id06343_wavtolip.mp4,FakeVideo-RealAudio,1,fake,Asian (South),women,id00149,00284_id06343_wavtolip.mp4,train
D:\SyncGuard\data\raw\FakeAVCeleb_v1.2\FakeAVCeleb_v1.2\RealVideo-RealAudio\Caucasian (American)\women\id03781\00113.mp4,RealVideo-RealAudio\Caucasian (American)\women\id03781\00113.mp4,RealVideo-RealAudio,0,real,Caucasian (American),women,id03781,00113.mp4,validation
D:\SyncGuard\data\raw\FakeAVCeleb_v1.2\FakeAVCeleb_v1.2\RealVideo-FakeAudio\African\men\id01598\00044_fake.mp4,RealVideo-FakeAudio\African\men\id01598\00044_fake.mp4,RealVideo-FakeAudio,1,fake,African,men,id01598,00044_fake.mp4,train
D:\SyncGuard\data\raw\FakeAVCeleb_v1.2\FakeAVCeleb_v1.2\RealVideo-RealAudio\Asian (South)\women\id06445\00150.mp4,RealVideo-RealAudio\Asian (South)\women\id06445\00150.mp4,RealVideo-RealAudio,0,real,Asian (South),women,id06445,00150.mp4,train
D:\SyncGuard\data\raw\FakeAVCeleb_v1.2\FakeAVCeleb_v1.2\FakeVideo-RealAudio\Caucasian (American)\men\id00971\00253_id04073_KT7B07WFWyM.mp4,FakeVideo-RealAudio\Caucasian (American)\men\id00971\00253_id04073_KT7B07WFWyM.mp4,FakeVideo-RealAudio,1,fake,Caucasian (American),men,id00971,00253_id04073_KT7B07WFWyM.mp4,test
D:\SyncGuard\data\raw\FakeAVCeleb_v1.2\FakeAVCeleb_v1.2\FakeVideo-FakeAudio\African\men\id01597\00005_3_id02268_wavtolip.mp4,FakeVideo-FakeAudio\African\men\id01597\00005_3_id02268_wavtolip.mp4,FakeVideo-FakeAudio,1,fake,African,men,id01597,00005_3_id02268_wavtolip.mp4,train
D:\SyncGuard\data\raw\FakeAVCeleb_v1.2\FakeAVCeleb_v1.2\RealVideo-FakeAudio\Asian (South)\women\id06445\00150_fake.mp4,RealVideo-FakeAudio\Asian (South)\women\id06445\00150_fake.mp4,RealVideo-FakeAudio,1,fake,Asian (South),women,id06445,00150_fake.mp4,train
D:\SyncGuard\data\raw\FakeAVCeleb_v1.2\FakeAVCeleb_v1.2\RealVideo-FakeAudio\African\men\id01856\00006_fake.mp4,RealVideo-FakeAudio\African\men\id01856\00006_fake.mp4,RealVideo-FakeAudio,1,fake,African,men,id01856,00006_fake.mp4,train
D:\SyncGuard\data\raw\FakeAVCeleb_v1.2\FakeAVCeleb_v1.2\FakeVideo-FakeAudio\African\men\id01856\00006_id00518_wavtolip.mp4,FakeVideo-FakeAudio\African\men\id01856\00006_id00518_wavtolip.mp4,FakeVideo-FakeAudio,1,fake,African,men,id01856,00006_id00518_wavtolip.mp4,train
D:\SyncGuard\data\raw\FakeAVCeleb_v1.2\FakeAVCeleb_v1.2\FakeVideo-FakeAudio\Asian (East)\women\id02587\00020_id02587_wavtolip.mp4,FakeVideo-FakeAudio\Asian (East)\women\id02587\00020_id02587_wavtolip.mp4,FakeVideo-FakeAudio,1,fake,Asian (East),women,id02587,00020_id02587_wavtolip.mp4,train
D:\SyncGuard\data\raw\FakeAVCeleb_v1.2\FakeAVCeleb_v1.2\FakeVideo-FakeAudio\Caucasian (American)\men\id00971\00253_id04073_KT7B07WFWyM_id00264_wavtolip.mp4,FakeVideo-FakeAudio\Caucasian (American)\men\id00971\00253_id04073_KT7B07WFWyM_id00264_wavtolip.mp4,FakeVideo-FakeAudio,1,fake,Caucasian (American),men,id00971,00253_id04073_KT7B07WFWyM_id00264_wavtolip.mp4,test
D:\SyncGuard\data\raw\FakeAVCeleb_v1.2\FakeAVCeleb_v1.2\FakeVideo-FakeAudio\Caucasian (American)\women\id00261\00048_id00618__TwV2SmUIlY_id00261_wavtolip.mp4,FakeVideo-FakeAudio\Caucasian (American)\women\id00261\00048_id00618__TwV2SmUIlY_id00261_wavtolip.mp4,FakeVideo-FakeAudio,1,fake,Caucasian (American),women,id00261,00048_id00618__TwV2SmUIlY_id00261_wavtolip.mp4,train
D:\SyncGuard\data\raw\FakeAVCeleb_v1.2\FakeAVCeleb_v1.2\RealVideo-FakeAudio\Asian (South)\women\id06439\00118_fake.mp4,RealVideo-FakeAudio\Asian (South)\women\id06439\00118_fake.mp4,RealVideo-FakeAudio,1,fake,Asian (South),women,id06439,00118_fake.mp4,test
D:\SyncGuard\data\raw\FakeAVCeleb_v1.2\FakeAVCeleb_v1.2\FakeVideo-RealAudio\Asian (South)\women\id00149\00284_id02310_zA-8Pw0SvZg.mp4,FakeVideo-RealAudio\Asian (South)\women\id00149\00284_id02310_zA-8Pw0SvZg.mp4,FakeVideo-RealAudio,1,fake,Asian (South),women,id00149,00284_id02310_zA-8Pw0SvZg.mp4,train
D:\SyncGuard\data\raw\FakeAVCeleb_v1.2\FakeAVCeleb_v1.2\FakeVideo-FakeAudio\Caucasian (American)\men\id04073\00021_3_id04073_wavtolip.mp4,FakeVideo-FakeAudio\Caucasian (American)\men\id04073\00021_3_id04073_wavtolip.mp4,FakeVideo-FakeAudio,1,fake,Caucasian (American),men,id04073,00021_3_id04073_wavtolip.mp4,validation
D:\SyncGuard\data\raw\FakeAVCeleb_v1.2\FakeAVCeleb_v1.2\FakeVideo-FakeAudio\Caucasian (European)\men\id00990\00160_id00282_wavtolip.mp4,FakeVideo-FakeAudio\Caucasian (European)\men\id00990\00160_id00282_wavtolip.mp4,FakeVideo-FakeAudio,1,fake,Caucasian (European),men,id00990,00160_id00282_wavtolip.mp4,test
D:\SyncGuard\data\raw\FakeAVCeleb_v1.2\FakeAVCeleb_v1.2\FakeVideo-RealAudio\African\women\id04245\00072_id03569_YO0EpPm9p-8.mp4,FakeVideo-RealAudio\African\women\id04245\00072_id03569_YO0EpPm9p-8.mp4,FakeVideo-RealAudio,1,fake,African,women,id04245,00072_id03569_YO0EpPm9p-8.mp4,train
D:\SyncGuard\data\raw\FakeAVCeleb_v1.2\FakeAVCeleb_v1.2\FakeVideo-FakeAudio\Asian (East)\men\id05383\00015_id01589_wavtolip.mp4,FakeVideo-FakeAudio\Asian (East)\men\id05383\00015_id01589_wavtolip.mp4,FakeVideo-FakeAudio,1,fake,Asian (East),men,id05383,00015_id01589_wavtolip.mp4,train
D:\SyncGuard\data\raw\FakeAVCeleb_v1.2\FakeAVCeleb_v1.2\FakeVideo-RealAudio\Caucasian (American)\men\id04219\00130_id00018_sap-FjURHlc.mp4,FakeVideo-RealAudio\Caucasian (American)\men\id04219\00130_id00018_sap-FjURHlc.mp4,FakeVideo-RealAudio,1,fake,Caucasian (American),men,id04219,00130_id00018_sap-FjURHlc.mp4,train
D:\SyncGuard\data\raw\FakeAVCeleb_v1.2\FakeAVCeleb_v1.2\RealVideo-FakeAudio\Asian (South)\women\id04564\00417_fake.mp4,RealVideo-FakeAudio\Asian (South)\women\id04564\00417_fake.mp4,RealVideo-FakeAudio,1,fake,Asian (South),women,id04564,00417_fake.mp4,test
D:\SyncGuard\data\raw\FakeAVCeleb_v1.2\FakeAVCeleb_v1.2\RealVideo-FakeAudio\Caucasian (European)\women\id00634\00078_fake.mp4,RealVideo-FakeAudio\Caucasian (European)\women\id00634\00078_fake.mp4,RealVideo-FakeAudio,1,fake,Caucasian (European),women,id00634,00078_fake.mp4,train
D:\SyncGuard\data\raw\FakeAVCeleb_v1.2\FakeAVCeleb_v1.2\RealVideo-RealAudio\Asian (South)\men\id00032\00028.mp4,RealVideo-RealAudio\Asian (South)\men\id00032\00028.mp4,RealVideo-RealAudio,0,real,Asian (South),men,id00032,00028.mp4,train
D:\SyncGuard\data\raw\FakeAVCeleb_v1.2\FakeAVCeleb_v1.2\FakeVideo-RealAudio\Caucasian (European)\men\id00519\00028_id00225_MHSgwpfHAXw.mp4,FakeVideo-RealAudio\Caucasian (European)\men\id00519\00028_id00225_MHSgwpfHAXw.mp4,FakeVideo-RealAudio,1,fake,Caucasian (European),men,id00519,00028_id00225_MHSgwpfHAXw.mp4,test
D:\SyncGuard\data\raw\FakeAVCeleb_v1.2\FakeAVCeleb_v1.2\RealVideo-FakeAudio\African\women\id00460\00005_fake.mp4,RealVideo-FakeAudio\African\women\id00460\00005_fake.mp4,RealVideo-FakeAudio,1,fake,African,women,id00460,00005_fake.mp4,train
D:\SyncGuard\data\raw\FakeAVCeleb_v1.2\FakeAVCeleb_v1.2\RealVideo-RealAudio\African\men\id01076\00005.mp4,RealVideo-RealAudio\African\men\id01076\00005.mp4,RealVideo-RealAudio,0,real,African,men,id01076,00005.mp4,validation
D:\SyncGuard\data\raw\FakeAVCeleb_v1.2\FakeAVCeleb_v1.2\RealVideo-RealAudio\Asian (East)\women\id02587\00020.mp4,RealVideo-RealAudio\Asian (East)\women\id02587\00020.mp4,RealVideo-RealAudio,0,real,Asian (East),women,id02587,00020.mp4,train
D:\SyncGuard\data\raw\FakeAVCeleb_v1.2\FakeAVCeleb_v1.2\FakeVideo-RealAudio\African\men\id01637\00002_id00166_wavtolip.mp4,FakeVideo-RealAudio\African\men\id01637\00002_id00166_wavtolip.mp4,FakeVideo-RealAudio,1,fake,African,men,id01637,00002_id00166_wavtolip.mp4,train
D:\SyncGuard\data\raw\FakeAVCeleb_v1.2\FakeAVCeleb_v1.2\RealVideo-FakeAudio\Asian (South)\women\id00043\00135_fake.mp4,RealVideo-FakeAudio\Asian (South)\women\id00043\00135_fake.mp4,RealVideo-FakeAudio,1,fake,Asian (South),women,id00043,00135_fake.mp4,train
D:\SyncGuard\data\raw\FakeAVCeleb_v1.2\FakeAVCeleb_v1.2\FakeVideo-FakeAudio\Asian (East)\men\id01683\00052_3_id07338_wavtolip.mp4,FakeVideo-FakeAudio\Asian (East)\men\id01683\00052_3_id07338_wavtolip.mp4,FakeVideo-FakeAudio,1,fake,Asian (East),men,id01683,00052_3_id07338_wavtolip.mp4,validation
D:\SyncGuard\data\raw\FakeAVCeleb_v1.2\FakeAVCeleb_v1.2\FakeVideo-RealAudio\Caucasian (European)\men\id00192\00078_id00415_saYfEadFy_s.mp4,FakeVideo-RealAudio\Caucasian (European)\men\id00192\00078_id00415_saYfEadFy_s.mp4,FakeVideo-RealAudio,1,fake,Caucasian (European),men,id00192,00078_id00415_saYfEadFy_s.mp4,train
D:\SyncGuard\data\raw\FakeAVCeleb_v1.2\FakeAVCeleb_v1.2\RealVideo-RealAudio\Asian (East)\women\id00582\00006.mp4,RealVideo-RealAudio\Asian (East)\women\id00582\00006.mp4,RealVideo-RealAudio,0,real,Asian (East),women,id00582,00006.mp4,validation
D:\SyncGuard\data\raw\FakeAVCeleb_v1.2\FakeAVCeleb_v1.2\FakeVideo-FakeAudio\Caucasian (European)\women\id00374\00311_id00897_wavtolip.mp4,FakeVideo-FakeAudio\Caucasian (European)\women\id00374\00311_id00897_wavtolip.mp4,FakeVideo-FakeAudio,1,fake,Caucasian (European),women,id00374,00311_id00897_wavtolip.mp4,train
D:\SyncGuard\data\raw\FakeAVCeleb_v1.2\FakeAVCeleb_v1.2\FakeVideo-RealAudio\Caucasian (American)\men\id00943\00304_id00021_6uNNej-JZ-c_faceswap.mp4,FakeVideo-RealAudio\Caucasian (American)\men\id00943\00304_id00021_6uNNej-JZ-c_faceswap.mp4,FakeVideo-RealAudio,1,fake,Caucasian (American),men,id00943,00304_id00021_6uNNej-JZ-c_faceswap.mp4,train
D:\SyncGuard\data\raw\FakeAVCeleb_v1.2\FakeAVCeleb_v1.2\RealVideo-RealAudio\Caucasian (American)\men\id03757\00149.mp4,RealVideo-RealAudio\Caucasian (American)\men\id03757\00149.mp4,RealVideo-RealAudio,0,real,Caucasian (American),men,id03757,00149.mp4,validation
D:\SyncGuard\data\raw\FakeAVCeleb_v1.2\FakeAVCeleb_v1.2\FakeVideo-RealAudio\African\women\id05235\00052_id00829_wavtolip.mp4,FakeVideo-RealAudio\African\women\id05235\00052_id00829_wavtolip.mp4,FakeVideo-RealAudio,1,fake,African,women,id05235,00052_id00829_wavtolip.mp4,test
D:\SyncGuard\data\raw\FakeAVCeleb_v1.2\FakeAVCeleb_v1.2\RealVideo-FakeAudio\African\men\id01920\00099_fake.mp4,RealVideo-FakeAudio\African\men\id01920\00099_fake.mp4,RealVideo-FakeAudio,1,fake,African,men,id01920,00099_fake.mp4,train
D:\SyncGuard\data\raw\FakeAVCeleb_v1.2\FakeAVCeleb_v1.2\RealVideo-FakeAudio\Asian (East)\women\id07039\00105_fake.mp4,RealVideo-FakeAudio\Asian (East)\women\id07039\00105_fake.mp4,RealVideo-FakeAudio,1,fake,Asian (East),women,id07039,00105_fake.mp4,train
D:\SyncGuard\data\raw\FakeAVCeleb_v1.2\FakeAVCeleb_v1.2\FakeVideo-FakeAudio\Caucasian (American)\women\id00848\00028_id02464_wavtolip.mp4,FakeVideo-FakeAudio\Caucasian (American)\women\id00848\00028_id02464_wavtolip.mp4,FakeVideo-FakeAudio,1,fake,Caucasian (American),women,id00848,00028_id02464_wavtolip.mp4,train
D:\SyncGuard\data\raw\FakeAVCeleb_v1.2\FakeAVCeleb_v1.2\RealVideo-FakeAudio\Asian (South)\men\id07165\00368_fake.mp4,RealVideo-FakeAudio\Asian (South)\men\id07165\00368_fake.mp4,RealVideo-FakeAudio,1,fake,Asian (South),men,id07165,00368_fake.mp4,test
D:\SyncGuard\data\raw\FakeAVCeleb_v1.2\FakeAVCeleb_v1.2\RealVideo-FakeAudio\African\men\id00830\00143_fake.mp4,RealVideo-FakeAudio\African\men\id00830\00143_fake.mp4,RealVideo-FakeAudio,1,fake,African,men,id00830,00143_fake.mp4,train
D:\SyncGuard\data\raw\FakeAVCeleb_v1.2\FakeAVCeleb_v1.2\RealVideo-FakeAudio\Asian (South)\women\id06428\00043_fake.mp4,RealVideo-FakeAudio\Asian (South)\women\id06428\00043_fake.mp4,RealVideo-FakeAudio,1,fake,Asian (South),women,id06428,00043_fake.mp4,train
D:\SyncGuard\data\raw\FakeAVCeleb_v1.2\FakeAVCeleb_v1.2\FakeVideo-FakeAudio\African\women\id03656\00052_id02948__ZEDGNWjuFE_id03656_wavtolip.mp4,FakeVideo-FakeAudio\African\women\id03656\00052_id02948__ZEDGNWjuFE_id03656_wavtolip.mp4,FakeVideo-FakeAudio,1,fake,African,women,id03656,00052_id02948__ZEDGNWjuFE_id03656_wavtolip.mp4,train
D:\SyncGuard\data\raw\FakeAVCeleb_v1.2\FakeAVCeleb_v1.2\FakeVideo-FakeAudio\Asian (East)\women\id07739\00019_id04144__FJg9YswRzQ_faceswap_id06158_wavtolip.mp4,FakeVideo-FakeAudio\Asian (East)\women\id07739\00019_id04144__FJg9YswRzQ_faceswap_id06158_wavtolip.mp4,FakeVideo-FakeAudio,1,fake,Asian (East),women,id07739,00019_id04144__FJg9YswRzQ_faceswap_id06158_wavtolip.mp4,train
D:\SyncGuard\data\raw\FakeAVCeleb_v1.2\FakeAVCeleb_v1.2\FakeVideo-FakeAudio\Caucasian (European)\men\id00498\00014_id00192_By3wxX0dyDw_faceswap_id00981_wavtolip.mp4,FakeVideo-FakeAudio\Caucasian (European)\men\id00498\00014_id00192_By3wxX0dyDw_faceswap_id00981_wavtolip.mp4,FakeVideo-FakeAudio,1,fake,Caucasian (European),men,id00498,00014_id00192_By3wxX0dyDw_faceswap_id00981_wavtolip.mp4,train
D:\SyncGuard\data\raw\FakeAVCeleb_v1.2\FakeAVCeleb_v1.2\FakeVideo-RealAudio\Caucasian (European)\women\id00897\00005_id00496_wavtolip.mp4,FakeVideo-RealAudio\Caucasian (European)\women\id00897\00005_id00496_wavtolip.mp4,FakeVideo-RealAudio,1,fake,Caucasian (European),women,id00897,00005_id00496_wavtolip.mp4,train
D:\SyncGuard\data\raw\FakeAVCeleb_v1.2\FakeAVCeleb_v1.2\FakeVideo-RealAudio\Asian (East)\women\id06065\00160_id06054_wavtolip.mp4,FakeVideo-RealAudio\Asian (East)\women\id06065\00160_id06054_wavtolip.mp4,FakeVideo-RealAudio,1,fake,Asian (East),women,id06065,00160_id06054_wavtolip.mp4,train
D:\SyncGuard\data\raw\FakeAVCeleb_v1.2\FakeAVCeleb_v1.2\RealVideo-FakeAudio\African\men\id01236\00005_fake.mp4,RealVideo-FakeAudio\African\men\id01236\00005_fake.mp4,RealVideo-FakeAudio,1,fake,African,men,id01236,00005_fake.mp4,train
D:\SyncGuard\data\raw\FakeAVCeleb_v1.2\FakeAVCeleb_v1.2\FakeVideo-FakeAudio\Caucasian (European)\women\id00484\00202_id00581_7AxvP19LGKg_id03371_wavtolip.mp4,FakeVideo-FakeAudio\Caucasian (European)\women\id00484\00202_id00581_7AxvP19LGKg_id03371_wavtolip.mp4,FakeVideo-FakeAudio,1,fake,Caucasian (European),women,id00484,00202_id00581_7AxvP19LGKg_id03371_wavtolip.mp4,train
D:\SyncGuard\data\raw\FakeAVCeleb_v1.2\FakeAVCeleb_v1.2\RealVideo-RealAudio\Asian (East)\men\id01683\00052.mp4,RealVideo-RealAudio\Asian (East)\men\id01683\00052.mp4,RealVideo-RealAudio,0,real,Asian (East),men,id01683,00052.mp4,validation
D:\SyncGuard\data\raw\FakeAVCeleb_v1.2\FakeAVCeleb_v1.2\RealVideo-RealAudio\Asian (South)\women\id03985\00005.mp4,RealVideo-RealAudio\Asian (South)\women\id03985\00005.mp4,RealVideo-RealAudio,0,real,Asian (South),women,id03985,00005.mp4,train
D:\SyncGuard\data\raw\FakeAVCeleb_v1.2\FakeAVCeleb_v1.2\RealVideo-RealAudio\Asian (East)\men\id06470\00052.mp4,RealVideo-RealAudio\Asian (East)\men\id06470\00052.mp4,RealVideo-RealAudio,0,real,Asian (East),men,id06470,00052.mp4,train
D:\SyncGuard\data\raw\FakeAVCeleb_v1.2\FakeAVCeleb_v1.2\RealVideo-RealAudio\Asian (East)\men\id01212\00183.mp4,RealVideo-RealAudio\Asian (East)\men\id01212\00183.mp4,RealVideo-RealAudio,0,real,Asian (East),men,id01212,00183.mp4,train
D:\SyncGuard\data\raw\FakeAVCeleb_v1.2\FakeAVCeleb_v1.2\RealVideo-RealAudio\Asian (South)\women\id04490\00054.mp4,RealVideo-RealAudio\Asian (South)\women\id04490\00054.mp4,RealVideo-RealAudio,0,real,Asian (South),women,id04490,00054.mp4,validation
D:\SyncGuard\data\raw\FakeAVCeleb_v1.2\FakeAVCeleb_v1.2\RealVideo-FakeAudio\Asian (South)\women\id00235\00052_fake.mp4,RealVideo-FakeAudio\Asian (South)\women\id00235\00052_fake.mp4,RealVideo-FakeAudio,1,fake,Asian (South),women,id00235,00052_fake.mp4,validation
D:\SyncGuard\data\raw\FakeAVCeleb_v1.2\FakeAVCeleb_v1.2\FakeVideo-FakeAudio\Asian (South)\women\id07051\00083_id06428_A9nvRKd1afA_faceswap_id05434_wavtolip.mp4,FakeVideo-FakeAudio\Asian (South)\women\id07051\00083_id06428_A9nvRKd1afA_faceswap_id05434_wavtolip.mp4,FakeVideo-FakeAudio,1,fake,Asian (South),women,id07051,00083_id06428_A9nvRKd1afA_faceswap_id05434_wavtolip.mp4,train
D:\SyncGuard\data\raw\FakeAVCeleb_v1.2\FakeAVCeleb_v1.2\RealVideo-RealAudio\Caucasian (European)\men\id00535\00005.mp4,RealVideo-RealAudio\Caucasian (European)\men\id00535\00005.mp4,RealVideo-RealAudio,0,real,Caucasian (European),men,id00535,00005.mp4,validation
D:\SyncGuard\data\raw\FakeAVCeleb_v1.2\FakeAVCeleb_v1.2\RealVideo-RealAudio\African\men\id01691\00045.mp4,RealVideo-RealAudio\African\men\id01691\00045.mp4,RealVideo-RealAudio,0,real,African,men,id01691,00045.mp4,train
D:\SyncGuard\data\raw\FakeAVCeleb_v1.2\FakeAVCeleb_v1.2\RealVideo-FakeAudio\Caucasian (European)\women\id03844\00028_fake.mp4,RealVideo-FakeAudio\Caucasian (European)\women\id03844\00028_fake.mp4,RealVideo-FakeAudio,1,fake,Caucasian (European),women,id03844,00028_fake.mp4,test
D:\SyncGuard\data\raw\FakeAVCeleb_v1.2\FakeAVCeleb_v1.2\RealVideo-FakeAudio\Caucasian (European)\women\id00569\00239_fake.mp4,RealVideo-FakeAudio\Caucasian (European)\women\id00569\00239_fake.mp4,RealVideo-FakeAudio,1,fake,Caucasian (European),women,id00569,00239_fake.mp4,train
D:\SyncGuard\data\raw\FakeAVCeleb_v1.2\FakeAVCeleb_v1.2\RealVideo-FakeAudio\Asian (East)\women\id03940\00025_fake.mp4,RealVideo-FakeAudio\Asian (East)\women\id03940\00025_fake.mp4,RealVideo-FakeAudio,1,fake,Asian (East),women,id03940,00025_fake.mp4,train
D:\SyncGuard\data\raw\FakeAVCeleb_v1.2\FakeAVCeleb_v1.2\RealVideo-FakeAudio\Asian (East)\men\id00056\00028_fake.mp4,RealVideo-FakeAudio\Asian (East)\men\id00056\00028_fake.mp4,RealVideo-FakeAudio,1,fake,Asian (East),men,id00056,00028_fake.mp4,train
D:\SyncGuard\data\raw\FakeAVCeleb_v1.2\FakeAVCeleb_v1.2\RealVideo-RealAudio\Asian (East)\men\id02332\00055.mp4,RealVideo-RealAudio\Asian (East)\men\id02332\00055.mp4,RealVideo-RealAudio,0,real,Asian (East),men,id02332,00055.mp4,validation
D:\SyncGuard\data\raw\FakeAVCeleb_v1.2\FakeAVCeleb_v1.2\FakeVideo-RealAudio\Asian (East)\women\id02587\00020_id00566_V3Hg_HMhuwQ.mp4,FakeVideo-RealAudio\Asian (East)\women\id02587\00020_id00566_V3Hg_HMhuwQ.mp4,FakeVideo-RealAudio,1,fake,Asian (East),women,id02587,00020_id00566_V3Hg_HMhuwQ.mp4,train
D:\SyncGuard\data\raw\FakeAVCeleb_v1.2\FakeAVCeleb_v1.2\FakeVideo-FakeAudio\Caucasian (European)\men\id00709\00206_id00999_SjnM4XFBz0M_id00520_wavtolip.mp4,FakeVideo-FakeAudio\Caucasian (European)\men\id00709\00206_id00999_SjnM4XFBz0M_id00520_wavtolip.mp4,FakeVideo-FakeAudio,1,fake,Caucasian (European),men,id00709,00206_id00999_SjnM4XFBz0M_id00520_wavtolip.mp4,train
D:\SyncGuard\data\raw\FakeAVCeleb_v1.2\FakeAVCeleb_v1.2\FakeVideo-FakeAudio\Caucasian (American)\women\id01227\00052_id01217_wavtolip.mp4,FakeVideo-FakeAudio\Caucasian (American)\women\id01227\00052_id01217_wavtolip.mp4,FakeVideo-FakeAudio,1,fake,Caucasian (American),women,id01227,00052_id01217_wavtolip.mp4,validation
D:\SyncGuard\data\raw\FakeAVCeleb_v1.2\FakeAVCeleb_v1.2\FakeVideo-FakeAudio\African\women\id04437\00002_id00460_wavtolip.mp4,FakeVideo-FakeAudio\African\women\id04437\00002_id00460_wavtolip.mp4,FakeVideo-FakeAudio,1,fake,African,women,id04437,00002_id00460_wavtolip.mp4,test
D:\SyncGuard\data\raw\FakeAVCeleb_v1.2\FakeAVCeleb_v1.2\RealVideo-FakeAudio\Asian (South)\women\id03815\00118_fake.mp4,RealVideo-FakeAudio\Asian (South)\women\id03815\00118_fake.mp4,RealVideo-FakeAudio,1,fake,Asian (South),women,id03815,00118_fake.mp4,train
D:\SyncGuard\data\raw\FakeAVCeleb_v1.2\FakeAVCeleb_v1.2\FakeVideo-RealAudio\Caucasian (American)\women\id01231\00015_id00462_EMnGfAq9gg4.mp4,FakeVideo-RealAudio\Caucasian (American)\women\id01231\00015_id00462_EMnGfAq9gg4.mp4,FakeVideo-RealAudio,1,fake,Caucasian (American),women,id01231,00015_id00462_EMnGfAq9gg4.mp4,train
D:\SyncGuard\data\raw\FakeAVCeleb_v1.2\FakeAVCeleb_v1.2\RealVideo-RealAudio\Asian (East)\women\id05576\00368.mp4,RealVideo-RealAudio\Asian (East)\women\id05576\00368.mp4,RealVideo-RealAudio,0,real,Asian (East),women,id05576,00368.mp4,train
D:\SyncGuard\data\raw\FakeAVCeleb_v1.2\FakeAVCeleb_v1.2\FakeVideo-FakeAudio\African\women\id00829\00271_id03103_wavtolip.mp4,FakeVideo-FakeAudio\African\women\id00829\00271_id03103_wavtolip.mp4,FakeVideo-FakeAudio,1,fake,African,women,id00829,00271_id03103_wavtolip.mp4,validation
D:\SyncGuard\data\raw\FakeAVCeleb_v1.2\FakeAVCeleb_v1.2\FakeVideo-RealAudio\Caucasian (European)\women\id03941\00021_id01001_dHJc8dh9X8c.mp4,FakeVideo-RealAudio\Caucasian (European)\women\id03941\00021_id01001_dHJc8dh9X8c.mp4,FakeVideo-RealAudio,1,fake,Caucasian (European),women,id03941,00021_id01001_dHJc8dh9X8c.mp4,train
D:\SyncGuard\data\raw\FakeAVCeleb_v1.2\FakeAVCeleb_v1.2\FakeVideo-FakeAudio\Caucasian (European)\women\id03844\00028_id00806_wavtolip.mp4,FakeVideo-FakeAudio\Caucasian (European)\women\id03844\00028_id00806_wavtolip.mp4,FakeVideo-FakeAudio,1,fake,Caucasian (European),women,id03844,00028_id00806_wavtolip.mp4,test
D:\SyncGuard\data\raw\FakeAVCeleb_v1.2\FakeAVCeleb_v1.2\FakeVideo-RealAudio\African\women\id01907\00148_id00220_WlHLlTQKj8g.mp4,FakeVideo-RealAudio\African\women\id01907\00148_id00220_WlHLlTQKj8g.mp4,FakeVideo-RealAudio,1,fake,African,women,id01907,00148_id00220_WlHLlTQKj8g.mp4,train
D:\SyncGuard\data\raw\FakeAVCeleb_v1.2\FakeAVCeleb_v1.2\FakeVideo-RealAudio\Caucasian (European)\women\id00379\00043_id00287_2NpfYjyMsPM.mp4,FakeVideo-RealAudio\Caucasian (European)\women\id00379\00043_id00287_2NpfYjyMsPM.mp4,FakeVideo-RealAudio,1,fake,Caucasian (European),women,id00379,00043_id00287_2NpfYjyMsPM.mp4,validation
D:\SyncGuard\data\raw\FakeAVCeleb_v1.2\FakeAVCeleb_v1.2\FakeVideo-FakeAudio\Asian (South)\men\id06334\00015_id00860_wavtolip.mp4,FakeVideo-FakeAudio\Asian (South)\men\id06334\00015_id00860_wavtolip.mp4,FakeVideo-FakeAudio,1,fake,Asian (South),men,id06334,00015_id00860_wavtolip.mp4,train
D:\SyncGuard\data\raw\FakeAVCeleb_v1.2\FakeAVCeleb_v1.2\FakeVideo-RealAudio\African\women\id00829\00271_id02824_glBy_mYcXZw.mp4,FakeVideo-RealAudio\African\women\id00829\00271_id02824_glBy_mYcXZw.mp4,FakeVideo-RealAudio,1,fake,African,women,id00829,00271_id02824_glBy_mYcXZw.mp4,validation
D:\SyncGuard\data\raw\FakeAVCeleb_v1.2\FakeAVCeleb_v1.2\RealVideo-FakeAudio\African\men\id01392\00167_fake.mp4,RealVideo-FakeAudio\African\men\id01392\00167_fake.mp4,RealVideo-FakeAudio,1,fake,African,men,id01392,00167_fake.mp4,validation
D:\SyncGuard\data\raw\FakeAVCeleb_v1.2\FakeAVCeleb_v1.2\FakeVideo-FakeAudio\Asian (East)\men\id09053\00005_id04789_wavtolip.mp4,FakeVideo-FakeAudio\Asian (East)\men\id09053\00005_id04789_wavtolip.mp4,FakeVideo-FakeAudio,1,fake,Asian (East),men,id09053,00005_id04789_wavtolip.mp4,validation
D:\SyncGuard\data\raw\FakeAVCeleb_v1.2\FakeAVCeleb_v1.2\FakeVideo-FakeAudio\Asian (South)\women\id05478\00135_id05845_XfMHm6CEwPw_faceswap_id05845_wavtolip.mp4,FakeVideo-FakeAudio\Asian (South)\women\id05478\00135_id05845_XfMHm6CEwPw_faceswap_id05845_wavtolip.mp4,FakeVideo-FakeAudio,1,fake,Asian (South),women,id05478,00135_id05845_XfMHm6CEwPw_faceswap_id05845_wavtolip.mp4,train
D:\SyncGuard\data\raw\FakeAVCeleb_v1.2\FakeAVCeleb_v1.2\RealVideo-RealAudio\African\women\id05235\00052.mp4,RealVideo-RealAudio\African\women\id05235\00052.mp4,RealVideo-RealAudio,0,real,African,women,id05235,00052.mp4,test
D:\SyncGuard\data\raw\FakeAVCeleb_v1.2\FakeAVCeleb_v1.2\FakeVideo-FakeAudio\Asian (South)\men\id00032\00028_id00860_wavtolip.mp4,FakeVideo-FakeAudio\Asian (South)\men\id00032\00028_id00860_wavtolip.mp4,FakeVideo-FakeAudio,1,fake,Asian (South),men,id00032,00028_id00860_wavtolip.mp4,train
D:\SyncGuard\data\raw\FakeAVCeleb_v1.2\FakeAVCeleb_v1.2\FakeVideo-FakeAudio\Asian (South)\men\id07179\00206_id07165_oJ_iy16IBTM_faceswap_id07233_wavtolip.mp4,FakeVideo-FakeAudio\Asian (South)\men\id07179\00206_id07165_oJ_iy16IBTM_faceswap_id07233_wavtolip.mp4,FakeVideo-FakeAudio,1,fake,Asian (South),men,id07179,00206_id07165_oJ_iy16IBTM_faceswap_id07233_wavtolip.mp4,train
D:\SyncGuard\data\raw\FakeAVCeleb_v1.2\FakeAVCeleb_v1.2\RealVideo-FakeAudio\Caucasian (European)\women\id00373\00028_fake.mp4,RealVideo-FakeAudio\Caucasian (European)\women\id00373\00028_fake.mp4,RealVideo-FakeAudio,1,fake,Caucasian (European),women,id00373,00028_fake.mp4,validation
D:\SyncGuard\data\raw\FakeAVCeleb_v1.2\FakeAVCeleb_v1.2\FakeVideo-FakeAudio\African\men\id01544\00044_id01691_IVtS5z8Jrrk_id00076_wavtolip.mp4,FakeVideo-FakeAudio\African\men\id01544\00044_id01691_IVtS5z8Jrrk_id00076_wavtolip.mp4,FakeVideo-FakeAudio,1,fake,African,men,id01544,00044_id01691_IVtS5z8Jrrk_id00076_wavtolip.mp4,train
D:\SyncGuard\data\raw\FakeAVCeleb_v1.2\FakeAVCeleb_v1.2\FakeVideo-FakeAudio\Caucasian (American)\men\id01163\00195_id00775_wavtolip.mp4,FakeVideo-FakeAudio\Caucasian (American)\men\id01163\00195_id00775_wavtolip.mp4,FakeVideo-FakeAudio,1,fake,Caucasian (American),men,id01163,00195_id00775_wavtolip.mp4,train
D:\SyncGuard\data\raw\FakeAVCeleb_v1.2\FakeAVCeleb_v1.2\RealVideo-RealAudio\Caucasian (American)\women\id00097\00162.mp4,RealVideo-RealAudio\Caucasian (American)\women\id00097\00162.mp4,RealVideo-RealAudio,0,real,Caucasian (American),women,id00097,00162.mp4,validation
D:\SyncGuard\data\raw\FakeAVCeleb_v1.2\FakeAVCeleb_v1.2\RealVideo-FakeAudio\African\men\id01170\00021_fake.mp4,RealVideo-FakeAudio\African\men\id01170\00021_fake.mp4,RealVideo-FakeAudio,1,fake,African,men,id01170,00021_fake.mp4,train
D:\SyncGuard\data\raw\FakeAVCeleb_v1.2\FakeAVCeleb_v1.2\FakeVideo-RealAudio\Asian (East)\women\id06060\00219_id00935_09fNE0b4Dlg.mp4,FakeVideo-RealAudio\Asian (East)\women\id06060\00219_id00935_09fNE0b4Dlg.mp4,FakeVideo-RealAudio,1,fake,Asian (East),women,id06060,00219_id00935_09fNE0b4Dlg.mp4,train
D:\SyncGuard\data\raw\FakeAVCeleb_v1.2\FakeAVCeleb_v1.2\RealVideo-RealAudio\Asian (East)\women\id06225\00005.mp4,RealVideo-RealAudio\Asian (East)\women\id06225\00005.mp4,RealVideo-RealAudio,0,real,Asian (East),women,id06225,00005.mp4,train
D:\SyncGuard\data\raw\FakeAVCeleb_v1.2\FakeAVCeleb_v1.2\RealVideo-RealAudio\Caucasian (European)\women\id00589\00130.mp4,RealVideo-RealAudio\Caucasian (European)\women\id00589\00130.mp4,RealVideo-RealAudio,0,real,Caucasian (European),women,id00589,00130.mp4,validation
D:\SyncGuard\data\raw\FakeAVCeleb_v1.2\FakeAVCeleb_v1.2\RealVideo-RealAudio\Asian (East)\women\id00935\00005.mp4,RealVideo-RealAudio\Asian (East)\women\id00935\00005.mp4,RealVideo-RealAudio,0,real,Asian (East),women,id00935,00005.mp4,train
D:\SyncGuard\data\raw\FakeAVCeleb_v1.2\FakeAVCeleb_v1.2\FakeVideo-RealAudio\African\men\id01610\00090_id02316_wavtolip.mp4,FakeVideo-RealAudio\African\men\id01610\00090_id02316_wavtolip.mp4,FakeVideo-RealAudio,1,fake,African,men,id01610,00090_id02316_wavtolip.mp4,train
D:\SyncGuard\data\raw\FakeAVCeleb_v1.2\FakeAVCeleb_v1.2\FakeVideo-FakeAudio\African\men\id00478\00206_id01544_wavtolip.mp4,FakeVideo-FakeAudio\African\men\id00478\00206_id01544_wavtolip.mp4,FakeVideo-FakeAudio,1,fake,African,men,id00478,00206_id01544_wavtolip.mp4,validation
D:\SyncGuard\data\raw\FakeAVCeleb_v1.2\FakeAVCeleb_v1.2\FakeVideo-RealAudio\African\women\id02586\00042_id00707_feeHCIlo6jg.mp4,FakeVideo-RealAudio\African\women\id02586\00042_id00707_feeHCIlo6jg.mp4,FakeVideo-RealAudio,1,fake,African,women,id02586,00042_id00707_feeHCIlo6jg.mp4,test
D:\SyncGuard\data\raw\FakeAVCeleb_v1.2\FakeAVCeleb_v1.2\RealVideo-RealAudio\Asian (East)\men\id04726\00245.mp4,RealVideo-RealAudio\Asian (East)\men\id04726\00245.mp4,RealVideo-RealAudio,0,real,Asian (East),men,id04726,00245.mp4,train
D:\SyncGuard\data\raw\FakeAVCeleb_v1.2\FakeAVCeleb_v1.2\FakeVideo-RealAudio\Caucasian (European)\men\id01058\00322_id01102_aGFUkdgmo3A_faceswap.mp4,FakeVideo-RealAudio\Caucasian (European)\men\id01058\00322_id01102_aGFUkdgmo3A_faceswap.mp4,FakeVideo-RealAudio,1,fake,Caucasian (European),men,id01058,00322_id01102_aGFUkdgmo3A_faceswap.mp4,validation
D:\SyncGuard\data\raw\FakeAVCeleb_v1.2\FakeAVCeleb_v1.2\RealVideo-RealAudio\Caucasian (American)\women\id01225\00300.mp4,RealVideo-RealAudio\Caucasian (American)\women\id01225\00300.mp4,RealVideo-RealAudio,0,real,Caucasian (American),women,id01225,00300.mp4,train
D:\SyncGuard\data\raw\FakeAVCeleb_v1.2\FakeAVCeleb_v1.2\FakeVideo-RealAudio\Caucasian (European)\men\id00999\00028_id00241_DlI4wqSFwbI.mp4,FakeVideo-RealAudio\Caucasian (European)\men\id00999\00028_id00241_DlI4wqSFwbI.mp4,FakeVideo-RealAudio,1,fake,Caucasian (European),men,id00999,00028_id00241_DlI4wqSFwbI.mp4,train
D:\SyncGuard\data\raw\FakeAVCeleb_v1.2\FakeAVCeleb_v1.2\RealVideo-FakeAudio\Caucasian (American)\women\id01091\00236_fake.mp4,RealVideo-FakeAudio\Caucasian (American)\women\id01091\00236_fake.mp4,RealVideo-FakeAudio,1,fake,Caucasian (American),women,id01091,00236_fake.mp4,test
D:\SyncGuard\data\raw\FakeAVCeleb_v1.2\FakeAVCeleb_v1.2\RealVideo-FakeAudio\Caucasian (American)\men\id00696\00005_fake.mp4,RealVideo-FakeAudio\Caucasian (American)\men\id00696\00005_fake.mp4,RealVideo-FakeAudio,1,fake,Caucasian (American),men,id00696,00005_fake.mp4,train
D:\SyncGuard\data\raw\FakeAVCeleb_v1.2\FakeAVCeleb_v1.2\RealVideo-FakeAudio\Asian (East)\men\id06470\00052_fake.mp4,RealVideo-FakeAudio\Asian (East)\men\id06470\00052_fake.mp4,RealVideo-FakeAudio,1,fake,Asian (East),men,id06470,00052_fake.mp4,train
D:\SyncGuard\data\raw\FakeAVCeleb_v1.2\FakeAVCeleb_v1.2\FakeVideo-FakeAudio\African\women\id04689\00005_id04374_SWltOOZmlWM_id02071_wavtolip.mp4,FakeVideo-FakeAudio\African\women\id04689\00005_id04374_SWltOOZmlWM_id02071_wavtolip.mp4,FakeVideo-FakeAudio,1,fake,African,women,id04689,00005_id04374_SWltOOZmlWM_id02071_wavtolip.mp4,train
D:\SyncGuard\data\raw\FakeAVCeleb_v1.2\FakeAVCeleb_v1.2\RealVideo-FakeAudio\African\women\id05235\00052_fake.mp4,RealVideo-FakeAudio\African\women\id05235\00052_fake.mp4,RealVideo-FakeAudio,1,fake,African,women,id05235,00052_fake.mp4,test
D:\SyncGuard\data\raw\FakeAVCeleb_v1.2\FakeAVCeleb_v1.2\FakeVideo-FakeAudio\Caucasian (American)\women\id00261\00048_id00428_Kr7n-68JWww_id03605_wavtolip.mp4,FakeVideo-FakeAudio\Caucasian (American)\women\id00261\00048_id00428_Kr7n-68JWww_id03605_wavtolip.mp4,FakeVideo-FakeAudio,1,fake,Caucasian (American),women,id00261,00048_id00428_Kr7n-68JWww_id03605_wavtolip.mp4,train
D:\SyncGuard\data\raw\FakeAVCeleb_v1.2\FakeAVCeleb_v1.2\FakeVideo-RealAudio\Asian (East)\men\id04687\00066_id03889_C54Tw6xrc4U.mp4,FakeVideo-RealAudio\Asian (East)\men\id04687\00066_id03889_C54Tw6xrc4U.mp4,FakeVideo-RealAudio,1,fake,Asian (East),men,id04687,00066_id03889_C54Tw6xrc4U.mp4,validation
D:\SyncGuard\data\raw\FakeAVCeleb_v1.2\FakeAVCeleb_v1.2\FakeVideo-FakeAudio\African\women\id00359\00053_id02071_cHuDh9F87vA_id02948_wavtolip.mp4,FakeVideo-FakeAudio\African\women\id00359\00053_id02071_cHuDh9F87vA_id02948_wavtolip.mp4,FakeVideo-FakeAudio,1,fake,African,women,id00359,00053_id02071_cHuDh9F87vA_id02948_wavtolip.mp4,train
D:\SyncGuard\data\raw\FakeAVCeleb_v1.2\FakeAVCeleb_v1.2\RealVideo-FakeAudio\African\men\id01528\00017_fake.mp4,RealVideo-FakeAudio\African\men\id01528\00017_fake.mp4,RealVideo-FakeAudio,1,fake,African,men,id01528,00017_fake.mp4,train
D:\SyncGuard\data\raw\FakeAVCeleb_v1.2\FakeAVCeleb_v1.2\FakeVideo-FakeAudio\Asian (South)\women\id07008\00175_id04070_wavtolip.mp4,FakeVideo-FakeAudio\Asian (South)\women\id07008\00175_id04070_wavtolip.mp4,FakeVideo-FakeAudio,1,fake,Asian (South),women,id07008,00175_id04070_wavtolip.mp4,train
D:\SyncGuard\data\raw\FakeAVCeleb_v1.2\FakeAVCeleb_v1.2\RealVideo-FakeAudio\Asian (East)\men\id04789\002121_fake.mp4,RealVideo-FakeAudio\Asian (East)\men\id04789\002121_fake.mp4,RealVideo-FakeAudio,1,fake,Asian (East),men,id04789,002121_fake.mp4,train
D:\SyncGuard\data\raw\FakeAVCeleb_v1.2\FakeAVCeleb_v1.2\RealVideo-FakeAudio\Asian (East)\men\id01215\00001_fake.mp4,RealVideo-FakeAudio\Asian (East)\men\id01215\00001_fake.mp4,RealVideo-FakeAudio,1,fake,Asian (East),men,id01215,00001_fake.mp4,train
D:\SyncGuard\data\raw\FakeAVCeleb_v1.2\FakeAVCeleb_v1.2\FakeVideo-RealAudio\Asian (South)\women\id06428\00043_id07377_FGNavKcGANA.mp4,FakeVideo-RealAudio\Asian (South)\women\id06428\00043_id07377_FGNavKcGANA.mp4,FakeVideo-RealAudio,1,fake,Asian (South),women,id06428,00043_id07377_FGNavKcGANA.mp4,train
D:\SyncGuard\data\raw\FakeAVCeleb_v1.2\FakeAVCeleb_v1.2\RealVideo-RealAudio\Caucasian (European)\women\id03589\00002.mp4,RealVideo-RealAudio\Caucasian (European)\women\id03589\00002.mp4,RealVideo-RealAudio,0,real,Caucasian (European),women,id03589,00002.mp4,train
D:\SyncGuard\data\raw\FakeAVCeleb_v1.2\FakeAVCeleb_v1.2\FakeVideo-FakeAudio\Asian (East)\women\id02807\00032_id06158_wavtolip.mp4,FakeVideo-FakeAudio\Asian (East)\women\id02807\00032_id06158_wavtolip.mp4,FakeVideo-FakeAudio,1,fake,Asian (East),women,id02807,00032_id06158_wavtolip.mp4,train
D:\SyncGuard\data\raw\FakeAVCeleb_v1.2\FakeAVCeleb_v1.2\FakeVideo-FakeAudio\Caucasian (European)\men\id01058\00005_2_id00694_wavtolip.mp4,FakeVideo-FakeAudio\Caucasian (European)\men\id01058\00005_2_id00694_wavtolip.mp4,FakeVideo-FakeAudio,1,fake,Caucasian (European),men,id01058,00005_2_id00694_wavtolip.mp4,validation
D:\SyncGuard\data\raw\FakeAVCeleb_v1.2\FakeAVCeleb_v1.2\FakeVideo-FakeAudio\Asian (South)\men\id07195\00186_id00685_wavtolip.mp4,FakeVideo-FakeAudio\Asian (South)\men\id07195\00186_id00685_wavtolip.mp4,FakeVideo-FakeAudio,1,fake,Asian (South),men,id07195,00186_id00685_wavtolip.mp4,train
D:\SyncGuard\data\raw\FakeAVCeleb_v1.2\FakeAVCeleb_v1.2\FakeVideo-FakeAudio\Asian (South)\women\id04530\00231_id05435_OvX-Jv_whcU_faceswap_id05845_wavtolip.mp4,FakeVideo-FakeAudio\Asian (South)\women\id04530\00231_id05435_OvX-Jv_whcU_faceswap_id05845_wavtolip.mp4,FakeVideo-FakeAudio,1,fake,Asian (South),women,id04530,00231_id05435_OvX-Jv_whcU_faceswap_id05845_wavtolip.mp4,train
D:\SyncGuard\data\raw\FakeAVCeleb_v1.2\FakeAVCeleb_v1.2\FakeVideo-FakeAudio\Asian (East)\men\id03889\00052_id01589_ZCwF6XVRiAU_faceswap_id04691_wavtolip.mp4,FakeVideo-FakeAudio\Asian (East)\men\id03889\00052_id01589_ZCwF6XVRiAU_faceswap_id04691_wavtolip.mp4,FakeVideo-FakeAudio,1,fake,Asian (East),men,id03889,00052_id01589_ZCwF6XVRiAU_faceswap_id04691_wavtolip.mp4,train
D:\SyncGuard\data\raw\FakeAVCeleb_v1.2\FakeAVCeleb_v1.2\FakeVideo-RealAudio\Asian (South)\women\id03815\00118_id06428_A9nvRKd1afA.mp4,FakeVideo-RealAudio\Asian (South)\women\id03815\00118_id06428_A9nvRKd1afA.mp4,FakeVideo-RealAudio,1,fake,Asian (South),women,id03815,00118_id06428_A9nvRKd1afA.mp4,train
D:\SyncGuard\data\raw\FakeAVCeleb_v1.2\FakeAVCeleb_v1.2\FakeVideo-FakeAudio\African\women\id03569\00065_id00220_WlHLlTQKj8g_faceswap_id02586_wavtolip.mp4,FakeVideo-FakeAudio\African\women\id03569\00065_id00220_WlHLlTQKj8g_faceswap_id02586_wavtolip.mp4,FakeVideo-FakeAudio,1,fake,African,women,id03569,00065_id00220_WlHLlTQKj8g_faceswap_id02586_wavtolip.mp4,train
D:\SyncGuard\data\raw\FakeAVCeleb_v1.2\FakeAVCeleb_v1.2\RealVideo-RealAudio\Caucasian (American)\women\id02464\00002.mp4,RealVideo-RealAudio\Caucasian (American)\women\id02464\00002.mp4,RealVideo-RealAudio,0,real,Caucasian (American),women,id02464,00002.mp4,train
D:\SyncGuard\data\raw\FakeAVCeleb_v1.2\FakeAVCeleb_v1.2\RealVideo-RealAudio\African\men\id00781\00092.mp4,RealVideo-RealAudio\African\men\id00781\00092.mp4,RealVideo-RealAudio,0,real,African,men,id00781,00092.mp4,train
D:\SyncGuard\data\raw\FakeAVCeleb_v1.2\FakeAVCeleb_v1.2\FakeVideo-FakeAudio\Caucasian (European)\women\id00379\00043_id00633_UXrTMta1EDM_faceswap_id01018_wavtolip.mp4,FakeVideo-FakeAudio\Caucasian (European)\women\id00379\00043_id00633_UXrTMta1EDM_faceswap_id01018_wavtolip.mp4,FakeVideo-FakeAudio,1,fake,Caucasian (European),women,id00379,00043_id00633_UXrTMta1EDM_faceswap_id01018_wavtolip.mp4,validation
D:\SyncGuard\data\raw\FakeAVCeleb_v1.2\FakeAVCeleb_v1.2\FakeVideo-FakeAudio\African\women\id02586\00042_id02824_wavtolip.mp4,FakeVideo-FakeAudio\African\women\id02586\00042_id02824_wavtolip.mp4,FakeVideo-FakeAudio,1,fake,African,women,id02586,00042_id02824_wavtolip.mp4,test
D:\SyncGuard\data\raw\FakeAVCeleb_v1.2\FakeAVCeleb_v1.2\FakeVideo-RealAudio\Caucasian (European)\men\id00358\00217_id00186_KTjDxHTlzg0.mp4,FakeVideo-RealAudio\Caucasian (European)\men\id00358\00217_id00186_KTjDxHTlzg0.mp4,FakeVideo-RealAudio,1,fake,Caucasian (European),men,id00358,00217_id00186_KTjDxHTlzg0.mp4,test
D:\SyncGuard\data\raw\FakeAVCeleb_v1.2\FakeAVCeleb_v1.2\FakeVideo-RealAudio\Asian (East)\women\id07039\00105_id04144_wavtolip.mp4,FakeVideo-RealAudio\Asian (East)\women\id07039\00105_id04144_wavtolip.mp4,FakeVideo-RealAudio,1,fake,Asian (East),women,id07039,00105_id04144_wavtolip.mp4,train
D:\SyncGuard\data\raw\FakeAVCeleb_v1.2\FakeAVCeleb_v1.2\FakeVideo-FakeAudio\Caucasian (American)\men\id01182\00167_3_id00943_wavtolip.mp4,FakeVideo-FakeAudio\Caucasian (American)\men\id01182\00167_3_id00943_wavtolip.mp4,FakeVideo-FakeAudio,1,fake,Caucasian (American),men,id01182,00167_3_id00943_wavtolip.mp4,test
D:\SyncGuard\data\raw\FakeAVCeleb_v1.2\FakeAVCeleb_v1.2\FakeVideo-FakeAudio\Asian (South)\men\id07108\00412_id00459_ubskcDDe7kM_id04537_wavtolip.mp4,FakeVideo-FakeAudio\Asian (South)\men\id07108\00412_id00459_ubskcDDe7kM_id04537_wavtolip.mp4,FakeVideo-FakeAudio,1,fake,Asian (South),men,id07108,00412_id00459_ubskcDDe7kM_id04537_wavtolip.mp4,train
D:\SyncGuard\data\raw\FakeAVCeleb_v1.2\FakeAVCeleb_v1.2\RealVideo-RealAudio\Caucasian (European)\women\id00271\00028.mp4,RealVideo-RealAudio\Caucasian (European)\women\id00271\00028.mp4,RealVideo-RealAudio,0,real,Caucasian (European),women,id00271,00028.mp4,test
D:\SyncGuard\data\raw\FakeAVCeleb_v1.2\FakeAVCeleb_v1.2\RealVideo-RealAudio\Caucasian (American)\women\id01216\00025.mp4,RealVideo-RealAudio\Caucasian (American)\women\id01216\00025.mp4,RealVideo-RealAudio,0,real,Caucasian (American),women,id01216,00025.mp4,train
D:\SyncGuard\data\raw\FakeAVCeleb_v1.2\FakeAVCeleb_v1.2\FakeVideo-RealAudio\African\men\id01717\00005_0.mp4,FakeVideo-RealAudio\African\men\id01717\00005_0.mp4,FakeVideo-RealAudio,1,fake,African,men,id01717,00005_0.mp4,train
D:\SyncGuard\data\raw\FakeAVCeleb_v1.2\FakeAVCeleb_v1.2\RealVideo-RealAudio\Caucasian (European)\women\id00188\00020.mp4,RealVideo-RealAudio\Caucasian (European)\women\id00188\00020.mp4,RealVideo-RealAudio,0,real,Caucasian (European),women,id00188,00020.mp4,train
D:\SyncGuard\data\raw\FakeAVCeleb_v1.2\FakeAVCeleb_v1.2\FakeVideo-RealAudio\Asian (East)\women\id00582\00006_id09174_Qspzu6tyArc.mp4,FakeVideo-RealAudio\Asian (East)\women\id00582\00006_id09174_Qspzu6tyArc.mp4,FakeVideo-RealAudio,1,fake,Asian (East),women,id00582,00006_id09174_Qspzu6tyArc.mp4,validation
D:\SyncGuard\data\raw\FakeAVCeleb_v1.2\FakeAVCeleb_v1.2\FakeVideo-FakeAudio\African\women\id02824\00130_id05106_wavtolip.mp4,FakeVideo-FakeAudio\African\women\id02824\00130_id05106_wavtolip.mp4,FakeVideo-FakeAudio,1,fake,African,women,id02824,00130_id05106_wavtolip.mp4,train
D:\SyncGuard\data\raw\FakeAVCeleb_v1.2\FakeAVCeleb_v1.2\FakeVideo-FakeAudio\Asian (South)\women\id03985\00005_id07686_lwSGz24c1Bs_faceswap_id07049_wavtolip.mp4,FakeVideo-FakeAudio\Asian (South)\women\id03985\00005_id07686_lwSGz24c1Bs_faceswap_id07049_wavtolip.mp4,FakeVideo-FakeAudio,1,fake,Asian (South),women,id03985,00005_id07686_lwSGz24c1Bs_faceswap_id07049_wavtolip.mp4,train
D:\SyncGuard\data\raw\FakeAVCeleb_v1.2\FakeAVCeleb_v1.2\FakeVideo-FakeAudio\Caucasian (American)\men\id01175\00025_id00018_sap-FjURHlc_id00018_wavtolip.mp4,FakeVideo-FakeAudio\Caucasian (American)\men\id01175\00025_id00018_sap-FjURHlc_id00018_wavtolip.mp4,FakeVideo-FakeAudio,1,fake,Caucasian (American),men,id01175,00025_id00018_sap-FjURHlc_id00018_wavtolip.mp4,validation
D:\SyncGuard\data\raw\FakeAVCeleb_v1.2\FakeAVCeleb_v1.2\RealVideo-RealAudio\Caucasian (American)\women\id00575\00092.mp4,RealVideo-RealAudio\Caucasian (American)\women\id00575\00092.mp4,RealVideo-RealAudio,0,real,Caucasian (American),women,id00575,00092.mp4,train
D:\SyncGuard\data\raw\FakeAVCeleb_v1.2\FakeAVCeleb_v1.2\FakeVideo-RealAudio\Asian (East)\men\id01204\00092_id05332_wavtolip.mp4,FakeVideo-RealAudio\Asian (East)\men\id01204\00092_id05332_wavtolip.mp4,FakeVideo-RealAudio,1,fake,Asian (East),men,id01204,00092_id05332_wavtolip.mp4,train
D:\SyncGuard\data\raw\FakeAVCeleb_v1.2\FakeAVCeleb_v1.2\RealVideo-FakeAudio\Asian (East)\men\id03965\00051_fake.mp4,RealVideo-FakeAudio\Asian (East)\men\id03965\00051_fake.mp4,RealVideo-FakeAudio,1,fake,Asian (East),men,id03965,00051_fake.mp4,train
D:\SyncGuard\data\raw\FakeAVCeleb_v1.2\FakeAVCeleb_v1.2\FakeVideo-FakeAudio\Caucasian (European)\men\id01099\00206_id00919_XDUn0Pskyrk_faceswap_id01058_wavtolip.mp4,FakeVideo-FakeAudio\Caucasian (European)\men\id01099\00206_id00919_XDUn0Pskyrk_faceswap_id01058_wavtolip.mp4,FakeVideo-FakeAudio,1,fake,Caucasian (European),men,id01099,00206_id00919_XDUn0Pskyrk_faceswap_id01058_wavtolip.mp4,train
D:\SyncGuard\data\raw\FakeAVCeleb_v1.2\FakeAVCeleb_v1.2\RealVideo-RealAudio\Caucasian (American)\women\id01217\00005.mp4,RealVideo-RealAudio\Caucasian (American)\women\id01217\00005.mp4,RealVideo-RealAudio,0,real,Caucasian (American),women,id01217,00005.mp4,train
D:\SyncGuard\data\raw\FakeAVCeleb_v1.2\FakeAVCeleb_v1.2\FakeVideo-RealAudio\African\women\id00568\00384_id05251_wavtolip.mp4,FakeVideo-RealAudio\African\women\id00568\00384_id05251_wavtolip.mp4,FakeVideo-RealAudio,1,fake,African,women,id00568,00384_id05251_wavtolip.mp4,train
D:\SyncGuard\data\raw\FakeAVCeleb_v1.2\FakeAVCeleb_v1.2\RealVideo-FakeAudio\Caucasian (European)\men\id00306\00015_fake.mp4,RealVideo-FakeAudio\Caucasian (European)\men\id00306\00015_fake.mp4,RealVideo-FakeAudio,1,fake,Caucasian (European),men,id00306,00015_fake.mp4,train
D:\SyncGuard\data\raw\FakeAVCeleb_v1.2\FakeAVCeleb_v1.2\FakeVideo-FakeAudio\Caucasian (American)\women\id01075\00160_id03781_wavtolip.mp4,FakeVideo-FakeAudio\Caucasian (American)\women\id01075\00160_id03781_wavtolip.mp4,FakeVideo-FakeAudio,1,fake,Caucasian (American),women,id01075,00160_id03781_wavtolip.mp4,train
D:\SyncGuard\data\raw\FakeAVCeleb_v1.2\FakeAVCeleb_v1.2\FakeVideo-FakeAudio\Asian (South)\women\id05931\00013_id02089_wavtolip.mp4,FakeVideo-FakeAudio\Asian (South)\women\id05931\00013_id02089_wavtolip.mp4,FakeVideo-FakeAudio,1,fake,Asian (South),women,id05931,00013_id02089_wavtolip.mp4,test
D:\SyncGuard\data\raw\FakeAVCeleb_v1.2\FakeAVCeleb_v1.2\FakeVideo-FakeAudio\Caucasian (American)\women\id00291\00052_id00385_oqf8cNi7lOI_id00291_wavtolip.mp4,FakeVideo-FakeAudio\Caucasian (American)\women\id00291\00052_id00385_oqf8cNi7lOI_id00291_wavtolip.mp4,FakeVideo-FakeAudio,1,fake,Caucasian (American),women,id00291,00052_id00385_oqf8cNi7lOI_id00291_wavtolip.mp4,train
D:\SyncGuard\data\raw\FakeAVCeleb_v1.2\FakeAVCeleb_v1.2\RealVideo-RealAudio\Asian (South)\women\id07078\00405.mp4,RealVideo-RealAudio\Asian (South)\women\id07078\00405.mp4,RealVideo-RealAudio,0,real,Asian (South),women,id07078,00405.mp4,validation
D:\SyncGuard\data\raw\FakeAVCeleb_v1.2\FakeAVCeleb_v1.2\RealVideo-FakeAudio\Caucasian (American)\women\id00291\00052_fake.mp4,RealVideo-FakeAudio\Caucasian (American)\women\id00291\00052_fake.mp4,RealVideo-FakeAudio,1,fake,Caucasian (American),women,id00291,00052_fake.mp4,train
D:\SyncGuard\data\raw\FakeAVCeleb_v1.2\FakeAVCeleb_v1.2\FakeVideo-RealAudio\African\women\id00829\00271_id03656_wavtolip.mp4,FakeVideo-RealAudio\African\women\id00829\00271_id03656_wavtolip.mp4,FakeVideo-RealAudio,1,fake,African,women,id00829,00271_id03656_wavtolip.mp4,validation
D:\SyncGuard\data\raw\FakeAVCeleb_v1.2\FakeAVCeleb_v1.2\RealVideo-RealAudio\Asian (East)\men\id03965\00051.mp4,RealVideo-RealAudio\Asian (East)\men\id03965\00051.mp4,RealVideo-RealAudio,0,real,Asian (East),men,id03965,00051.mp4,train
D:\SyncGuard\data\raw\FakeAVCeleb_v1.2\FakeAVCeleb_v1.2\RealVideo-RealAudio\African\men\id01920\00099.mp4,RealVideo-RealAudio\African\men\id01920\00099.mp4,RealVideo-RealAudio,0,real,African,men,id01920,00099.mp4,train
D:\SyncGuard\data\raw\FakeAVCeleb_v1.2\FakeAVCeleb_v1.2\RealVideo-RealAudio\Asian (South)\men\id04526\00317.mp4,RealVideo-RealAudio\Asian (South)\men\id04526\00317.mp4,RealVideo-RealAudio,0,real,Asian (South),men,id04526,00317.mp4,test
D:\SyncGuard\data\raw\FakeAVCeleb_v1.2\FakeAVCeleb_v1.2\FakeVideo-RealAudio\Asian (South)\women\id03815\00118_id05920_LuLTJu54joo.mp4,FakeVideo-RealAudio\Asian (South)\women\id03815\00118_id05920_LuLTJu54joo.mp4,FakeVideo-RealAudio,1,fake,Asian (South),women,id03815,00118_id05920_LuLTJu54joo.mp4,train
D:\SyncGuard\data\raw\FakeAVCeleb_v1.2\FakeAVCeleb_v1.2\FakeVideo-RealAudio\Caucasian (European)\women\id00068\00004_3.mp4,FakeVideo-RealAudio\Caucasian (European)\women\id00068\00004_3.mp4,FakeVideo-RealAudio,1,fake,Caucasian (European),women,id00068,00004_3.mp4,train
D:\SyncGuard\data\raw\FakeAVCeleb_v1.2\FakeAVCeleb_v1.2\FakeVideo-FakeAudio\Caucasian (European)\women\id03941\00021_id03816_XXD0yTNei50_faceswap_id03649_wavtolip.mp4,FakeVideo-FakeAudio\Caucasian (European)\women\id03941\00021_id03816_XXD0yTNei50_faceswap_id03649_wavtolip.mp4,FakeVideo-FakeAudio,1,fake,Caucasian (European),women,id03941,00021_id03816_XXD0yTNei50_faceswap_id03649_wavtolip.mp4,train
D:\SyncGuard\data\raw\FakeAVCeleb_v1.2\FakeAVCeleb_v1.2\FakeVideo-FakeAudio\Caucasian (American)\women\id00835\00195_id00462_EMnGfAq9gg4_id00180_wavtolip.mp4,FakeVideo-FakeAudio\Caucasian (American)\women\id00835\00195_id00462_EMnGfAq9gg4_id00180_wavtolip.mp4,FakeVideo-FakeAudio,1,fake,Caucasian (American),women,id00835,00195_id00462_EMnGfAq9gg4_id00180_wavtolip.mp4,train
D:\SyncGuard\data\raw\FakeAVCeleb_v1.2\FakeAVCeleb_v1.2\RealVideo-RealAudio\Caucasian (American)\women\id00841\00078.mp4,RealVideo-RealAudio\Caucasian (American)\women\id00841\00078.mp4,RealVideo-RealAudio,0,real,Caucasian (American),women,id00841,00078.mp4,test
D:\SyncGuard\data\raw\FakeAVCeleb_v1.2\FakeAVCeleb_v1.2\FakeVideo-FakeAudio\African\women\id00592\00017_id02824_wavtolip.mp4,FakeVideo-FakeAudio\African\women\id00592\00017_id02824_wavtolip.mp4,FakeVideo-FakeAudio,1,fake,African,women,id00592,00017_id02824_wavtolip.mp4,train
D:\SyncGuard\data\raw\FakeAVCeleb_v1.2\FakeAVCeleb_v1.2\RealVideo-FakeAudio\African\women\id02301\00092_fake.mp4,RealVideo-FakeAudio\African\women\id02301\00092_fake.mp4,RealVideo-FakeAudio,1,fake,African,women,id02301,00092_fake.mp4,test
D:\SyncGuard\data\raw\FakeAVCeleb_v1.2\FakeAVCeleb_v1.2\FakeVideo-FakeAudio\Caucasian (European)\men\id00520\00187_id00559_wavtolip.mp4,FakeVideo-FakeAudio\Caucasian (European)\men\id00520\00187_id00559_wavtolip.mp4,FakeVideo-FakeAudio,1,fake,Caucasian (European),men,id00520,00187_id00559_wavtolip.mp4,test
D:\SyncGuard\data\raw\FakeAVCeleb_v1.2\FakeAVCeleb_v1.2\RealVideo-RealAudio\Caucasian (American)\men\id00020\00206.mp4,RealVideo-RealAudio\Caucasian (American)\men\id00020\00206.mp4,RealVideo-RealAudio,0,real,Caucasian (American),men,id00020,00206.mp4,validation
D:\SyncGuard\data\raw\FakeAVCeleb_v1.2\FakeAVCeleb_v1.2\FakeVideo-RealAudio\Asian (East)\men\id03965\00051_id05383_wavtolip.mp4,FakeVideo-RealAudio\Asian (East)\men\id03965\00051_id05383_wavtolip.mp4,FakeVideo-RealAudio,1,fake,Asian (East),men,id03965,00051_id05383_wavtolip.mp4,train
D:\SyncGuard\data\raw\FakeAVCeleb_v1.2\FakeAVCeleb_v1.2\FakeVideo-FakeAudio\Asian (South)\men\id04562\00221_id03599_y27BDmRUqMQ_id04928_wavtolip.mp4,FakeVideo-FakeAudio\Asian (South)\men\id04562\00221_id03599_y27BDmRUqMQ_id04928_wavtolip.mp4,FakeVideo-FakeAudio,1,fake,Asian (South),men,id04562,00221_id03599_y27BDmRUqMQ_id04928_wavtolip.mp4,train
D:\SyncGuard\data\raw\FakeAVCeleb_v1.2\FakeAVCeleb_v1.2\RealVideo-FakeAudio\Caucasian (American)\women\id00385\00439_fake.mp4,RealVideo-FakeAudio\Caucasian (American)\women\id00385\00439_fake.mp4,RealVideo-FakeAudio,1,fake,Caucasian (American),women,id00385,00439_fake.mp4,train
D:\SyncGuard\data\raw\FakeAVCeleb_v1.2\FakeAVCeleb_v1.2\RealVideo-RealAudio\African\women\id02721\00424.mp4,RealVideo-RealAudio\African\women\id02721\00424.mp4,RealVideo-RealAudio,0,real,African,women,id02721,00424.mp4,validation
D:\SyncGuard\data\raw\FakeAVCeleb_v1.2\FakeAVCeleb_v1.2\FakeVideo-FakeAudio\African\men\id04727\00007_id01036_wavtolip.mp4,FakeVideo-FakeAudio\African\men\id04727\00007_id01036_wavtolip.mp4,FakeVideo-FakeAudio,1,fake,African,men,id04727,00007_id01036_wavtolip.mp4,train
D:\SyncGuard\data\raw\FakeAVCeleb_v1.2\FakeAVCeleb_v1.2\FakeVideo-FakeAudio\Caucasian (European)\men\id00055\00120_id00535_BhvTIJ-YG5s_id01099_wavtolip.mp4,FakeVideo-FakeAudio\Caucasian (European)\men\id00055\00120_id00535_BhvTIJ-YG5s_id01099_wavtolip.mp4,FakeVideo-FakeAudio,1,fake,Caucasian (European),men,id00055,00120_id00535_BhvTIJ-YG5s_id01099_wavtolip.mp4,train
D:\SyncGuard\data\raw\FakeAVCeleb_v1.2\FakeAVCeleb_v1.2\RealVideo-FakeAudio\Caucasian (American)\men\id03757\00149_fake.mp4,RealVideo-FakeAudio\Caucasian (American)\men\id03757\00149_fake.mp4,RealVideo-FakeAudio,1,fake,Caucasian (American),men,id03757,00149_fake.mp4,validation
D:\SyncGuard\data\raw\FakeAVCeleb_v1.2\FakeAVCeleb_v1.2\RealVideo-RealAudio\African\men\id00478\00206.mp4,RealVideo-RealAudio\African\men\id00478\00206.mp4,RealVideo-RealAudio,0,real,African,men,id00478,00206.mp4,validation
D:\SyncGuard\data\raw\FakeAVCeleb_v1.2\FakeAVCeleb_v1.2\FakeVideo-FakeAudio\African\women\id04705\00408_id05252_CMxIX3absYM_faceswap_id01838_wavtolip.mp4,FakeVideo-FakeAudio\African\women\id04705\00408_id05252_CMxIX3absYM_faceswap_id01838_wavtolip.mp4,FakeVideo-FakeAudio,1,fake,African,women,id04705,00408_id05252_CMxIX3absYM_faceswap_id01838_wavtolip.mp4,train
D:\SyncGuard\data\raw\FakeAVCeleb_v1.2\FakeAVCeleb_v1.2\FakeVideo-RealAudio\Caucasian (European)\men\id00282\00268_id00519_wavtolip.mp4,FakeVideo-RealAudio\Caucasian (European)\men\id00282\00268_id00519_wavtolip.mp4,FakeVideo-RealAudio,1,fake,Caucasian (European),men,id00282,00268_id00519_wavtolip.mp4,train
D:\SyncGuard\data\raw\FakeAVCeleb_v1.2\FakeAVCeleb_v1.2\RealVideo-RealAudio\Asian (East)\men\id04111\00015.mp4,RealVideo-RealAudio\Asian (East)\men\id04111\00015.mp4,RealVideo-RealAudio,0,real,Asian (East),men,id04111,00015.mp4,train
D:\SyncGuard\data\raw\FakeAVCeleb_v1.2\FakeAVCeleb_v1.2\RealVideo-RealAudio\African\men\id01610\00090.mp4,RealVideo-RealAudio\African\men\id01610\00090.mp4,RealVideo-RealAudio,0,real,African,men,id01610,00090.mp4,train
D:\SyncGuard\data\raw\FakeAVCeleb_v1.2\FakeAVCeleb_v1.2\FakeVideo-FakeAudio\African\women\id03569\00065_id04689_wavtolip.mp4,FakeVideo-FakeAudio\African\women\id03569\00065_id04689_wavtolip.mp4,FakeVideo-FakeAudio,1,fake,African,women,id03569,00065_id04689_wavtolip.mp4,train
D:\SyncGuard\data\raw\FakeAVCeleb_v1.2\FakeAVCeleb_v1.2\RealVideo-FakeAudio\Asian (East)\women\id03211\00032_fake.mp4,RealVideo-FakeAudio\Asian (East)\women\id03211\00032_fake.mp4,RealVideo-FakeAudio,1,fake,Asian (East),women,id03211,00032_fake.mp4,train
D:\SyncGuard\data\raw\FakeAVCeleb_v1.2\FakeAVCeleb_v1.2\RealVideo-FakeAudio\Caucasian (European)\men\id00963\00028_fake.mp4,RealVideo-FakeAudio\Caucasian (European)\men\id00963\00028_fake.mp4,RealVideo-FakeAudio,1,fake,Caucasian (European),men,id00963,00028_fake.mp4,train
D:\SyncGuard\data\raw\FakeAVCeleb_v1.2\FakeAVCeleb_v1.2\RealVideo-FakeAudio\Caucasian (American)\men\id01163\00195_fake.mp4,RealVideo-FakeAudio\Caucasian (American)\men\id01163\00195_fake.mp4,RealVideo-FakeAudio,1,fake,Caucasian (American),men,id01163,00195_fake.mp4,train
D:\SyncGuard\data\raw\FakeAVCeleb_v1.2\FakeAVCeleb_v1.2\RealVideo-FakeAudio\Asian (South)\men\id07233\00010_fake.mp4,RealVideo-FakeAudio\Asian (South)\men\id07233\00010_fake.mp4,RealVideo-FakeAudio,1,fake,Asian (South),men,id07233,00010_fake.mp4,train
D:\SyncGuard\data\raw\FakeAVCeleb_v1.2\FakeAVCeleb_v1.2\FakeVideo-FakeAudio\Asian (South)\men\id04561\00248_id00078_wavtolip.mp4,FakeVideo-FakeAudio\Asian (South)\men\id04561\00248_id00078_wavtolip.mp4,FakeVideo-FakeAudio,1,fake,Asian (South),men,id04561,00248_id00078_wavtolip.mp4,validation
D:\SyncGuard\data\raw\FakeAVCeleb_v1.2\FakeAVCeleb_v1.2\RealVideo-FakeAudio\Caucasian (American)\women\id00835\00195_fake.mp4,RealVideo-FakeAudio\Caucasian (American)\women\id00835\00195_fake.mp4,RealVideo-FakeAudio,1,fake,Caucasian (American),women,id00835,00195_fake.mp4,train
D:\SyncGuard\data\raw\FakeAVCeleb_v1.2\FakeAVCeleb_v1.2\FakeVideo-RealAudio\Asian (South)\men\id07768\00143_id03344_wavtolip.mp4,FakeVideo-RealAudio\Asian (South)\men\id07768\00143_id03344_wavtolip.mp4,FakeVideo-RealAudio,1,fake,Asian (South),men,id07768,00143_id03344_wavtolip.mp4,validation
D:\SyncGuard\data\raw\FakeAVCeleb_v1.2\FakeAVCeleb_v1.2\RealVideo-RealAudio\African\men\id00166\00010.mp4,RealVideo-RealAudio\African\men\id00166\00010.mp4,RealVideo-RealAudio,0,real,African,men,id00166,00010.mp4,train
D:\SyncGuard\data\raw\FakeAVCeleb_v1.2\FakeAVCeleb_v1.2\RealVideo-FakeAudio\African\men\id00076\00109_fake.mp4,RealVideo-FakeAudio\African\men\id00076\00109_fake.mp4,RealVideo-FakeAudio,1,fake,African,men,id00076,00109_fake.mp4,train
D:\SyncGuard\data\raw\FakeAVCeleb_v1.2\FakeAVCeleb_v1.2\FakeVideo-RealAudio\Asian (South)\women\id05478\00135_id06439_wavtolip.mp4,FakeVideo-RealAudio\Asian (South)\women\id05478\00135_id06439_wavtolip.mp4,FakeVideo-RealAudio,1,fake,Asian (South),women,id05478,00135_id06439_wavtolip.mp4,train
D:\SyncGuard\data\raw\FakeAVCeleb_v1.2\FakeAVCeleb_v1.2\RealVideo-RealAudio\Asian (East)\men\id06269\00005.mp4,RealVideo-RealAudio\Asian (East)\men\id06269\00005.mp4,RealVideo-RealAudio,0,real,Asian (East),men,id06269,00005.mp4,train
D:\SyncGuard\data\raw\FakeAVCeleb_v1.2\FakeAVCeleb_v1.2\RealVideo-FakeAudio\Caucasian (American)\men\id00021\00010_fake.mp4,RealVideo-FakeAudio\Caucasian (American)\men\id00021\00010_fake.mp4,RealVideo-FakeAudio,1,fake,Caucasian (American),men,id00021,00010_fake.mp4,train
D:\SyncGuard\data\raw\FakeAVCeleb_v1.2\FakeAVCeleb_v1.2\RealVideo-RealAudio\Asian (East)\women\id00579\00030.mp4,RealVideo-RealAudio\Asian (East)\women\id00579\00030.mp4,RealVideo-RealAudio,0,real,Asian (East),women,id00579,00030.mp4,train
D:\SyncGuard\data\raw\FakeAVCeleb_v1.2\FakeAVCeleb_v1.2\RealVideo-FakeAudio\Asian (South)\men\id00857\00347_fake.mp4,RealVideo-FakeAudio\Asian (South)\men\id00857\00347_fake.mp4,RealVideo-FakeAudio,1,fake,Asian (South),men,id00857,00347_fake.mp4,train
D:\SyncGuard\data\raw\FakeAVCeleb_v1.2\FakeAVCeleb_v1.2\FakeVideo-FakeAudio\Asian (East)\men\id00560\00041_id06467_bN8jVda0Byw_id03168_wavtolip.mp4,FakeVideo-FakeAudio\Asian (East)\men\id00560\00041_id06467_bN8jVda0Byw_id03168_wavtolip.mp4,FakeVideo-FakeAudio,1,fake,Asian (East),men,id00560,00041_id06467_bN8jVda0Byw_id03168_wavtolip.mp4,train
D:\SyncGuard\data\raw\FakeAVCeleb_v1.2\FakeAVCeleb_v1.2\RealVideo-RealAudio\Caucasian (European)\men\id01058\00005.mp4,RealVideo-RealAudio\Caucasian (European)\men\id01058\00005.mp4,RealVideo-RealAudio,0,real,Caucasian (European),men,id01058,00005.mp4,validation
D:\SyncGuard\data\raw\FakeAVCeleb_v1.2\FakeAVCeleb_v1.2\RealVideo-FakeAudio\Caucasian (European)\women\id01001\00086_fake.mp4,RealVideo-FakeAudio\Caucasian (European)\women\id01001\00086_fake.mp4,RealVideo-FakeAudio,1,fake,Caucasian (European),women,id01001,00086_fake.mp4,test
D:\SyncGuard\data\raw\FakeAVCeleb_v1.2\FakeAVCeleb_v1.2\RealVideo-FakeAudio\African\women\id00359\00053_fake.mp4,RealVideo-FakeAudio\African\women\id00359\00053_fake.mp4,RealVideo-FakeAudio,1,fake,African,women,id00359,00053_fake.mp4,train
D:\SyncGuard\data\raw\FakeAVCeleb_v1.2\FakeAVCeleb_v1.2\FakeVideo-FakeAudio\Caucasian (American)\women\id00231\00037_id00180_lkeAa8Od_tg_id01225_wavtolip.mp4,FakeVideo-FakeAudio\Caucasian (American)\women\id00231\00037_id00180_lkeAa8Od_tg_id01225_wavtolip.mp4,FakeVideo-FakeAudio,1,fake,Caucasian (American),women,id00231,00037_id00180_lkeAa8Od_tg_id01225_wavtolip.mp4,train
D:\SyncGuard\data\raw\FakeAVCeleb_v1.2\FakeAVCeleb_v1.2\FakeVideo-RealAudio\Asian (East)\men\id09053\00005_id05383_wavtolip.mp4,FakeVideo-RealAudio\Asian (East)\men\id09053\00005_id05383_wavtolip.mp4,FakeVideo-RealAudio,1,fake,Asian (East),men,id09053,00005_id05383_wavtolip.mp4,validation
D:\SyncGuard\data\raw\FakeAVCeleb_v1.2\FakeAVCeleb_v1.2\RealVideo-FakeAudio\Asian (East)\women\id09174\00015_fake.mp4,RealVideo-FakeAudio\Asian (East)\women\id09174\00015_fake.mp4,RealVideo-FakeAudio,1,fake,Asian (East),women,id09174,00015_fake.mp4,train
D:\SyncGuard\data\raw\FakeAVCeleb_v1.2\FakeAVCeleb_v1.2\FakeVideo-RealAudio\Asian (East)\women\id06060\00219_id06225_wavtolip.mp4,FakeVideo-RealAudio\Asian (East)\women\id06060\00219_id06225_wavtolip.mp4,FakeVideo-RealAudio,1,fake,Asian (East),women,id06060,00219_id06225_wavtolip.mp4,train
D:\SyncGuard\data\raw\FakeAVCeleb_v1.2\FakeAVCeleb_v1.2\FakeVideo-FakeAudio\Caucasian (American)\women\id00098\00004_id01231_wavtolip.mp4,FakeVideo-FakeAudio\Caucasian (American)\women\id00098\00004_id01231_wavtolip.mp4,FakeVideo-FakeAudio,1,fake,Caucasian (American),women,id00098,00004_id01231_wavtolip.mp4,validation
D:\SyncGuard\data\raw\FakeAVCeleb_v1.2\FakeAVCeleb_v1.2\FakeVideo-RealAudio\Asian (East)\men\id01589\00017_id06269_Jm9bEizIGBE.mp4,FakeVideo-RealAudio\Asian (East)\men\id01589\00017_id06269_Jm9bEizIGBE.mp4,FakeVideo-RealAudio,1,fake,Asian (East),men,id01589,00017_id06269_Jm9bEizIGBE.mp4,train
D:\SyncGuard\data\raw\FakeAVCeleb_v1.2\FakeAVCeleb_v1.2\RealVideo-FakeAudio\Asian (South)\women\id00488\00028_fake.mp4,RealVideo-FakeAudio\Asian (South)\women\id00488\00028_fake.mp4,RealVideo-FakeAudio,1,fake,Asian (South),women,id00488,00028_fake.mp4,validation
D:\SyncGuard\data\raw\FakeAVCeleb_v1.2\FakeAVCeleb_v1.2\FakeVideo-FakeAudio\African\women\id04705\00408_id05252_CMxIX3absYM_faceswap_id02948_wavtolip.mp4,FakeVideo-FakeAudio\African\women\id04705\00408_id05252_CMxIX3absYM_faceswap_id02948_wavtolip.mp4,FakeVideo-FakeAudio,1,fake,African,women,id04705,00408_id05252_CMxIX3absYM_faceswap_id02948_wavtolip.mp4,train
D:\SyncGuard\data\raw\FakeAVCeleb_v1.2\FakeAVCeleb_v1.2\FakeVideo-FakeAudio\Asian (East)\men\id04687\00066_id02493_zYAm6W46Mcg_id04774_wavtolip.mp4,FakeVideo-FakeAudio\Asian (East)\men\id04687\00066_id02493_zYAm6W46Mcg_id04774_wavtolip.mp4,FakeVideo-FakeAudio,1,fake,Asian (East),men,id04687,00066_id02493_zYAm6W46Mcg_id04774_wavtolip.mp4,validation
D:\SyncGuard\data\raw\FakeAVCeleb_v1.2\FakeAVCeleb_v1.2\RealVideo-FakeAudio\Caucasian (American)\men\id00184\00241_fake.mp4,RealVideo-FakeAudio\Caucasian (American)\men\id00184\00241_fake.mp4,RealVideo-FakeAudio,1,fake,Caucasian (American),men,id00184,00241_fake.mp4,test
D:\SyncGuard\data\raw\FakeAVCeleb_v1.2\FakeAVCeleb_v1.2\FakeVideo-FakeAudio\Asian (East)\women\id08402\00092_id02587_KzwJPH5_8j0_id08139_wavtolip.mp4,FakeVideo-FakeAudio\Asian (East)\women\id08402\00092_id02587_KzwJPH5_8j0_id08139_wavtolip.mp4,FakeVideo-FakeAudio,1,fake,Asian (East),women,id08402,00092_id02587_KzwJPH5_8j0_id08139_wavtolip.mp4,train
D:\SyncGuard\data\raw\FakeAVCeleb_v1.2\FakeAVCeleb_v1.2\RealVideo-FakeAudio\African\men\id00166\00010_fake.mp4,RealVideo-FakeAudio\African\men\id00166\00010_fake.mp4,RealVideo-FakeAudio,1,fake,African,men,id00166,00010_fake.mp4,train
D:\SyncGuard\data\raw\FakeAVCeleb_v1.2\FakeAVCeleb_v1.2\RealVideo-FakeAudio\Caucasian (European)\women\id00633\00088_fake.mp4,RealVideo-FakeAudio\Caucasian (European)\women\id00633\00088_fake.mp4,RealVideo-FakeAudio,1,fake,Caucasian (European),women,id00633,00088_fake.mp4,train
D:\SyncGuard\data\raw\FakeAVCeleb_v1.2\FakeAVCeleb_v1.2\RealVideo-RealAudio\African\women\id04376\00181.mp4,RealVideo-RealAudio\African\women\id04376\00181.mp4,RealVideo-RealAudio,0,real,African,women,id04376,00181.mp4,train
D:\SyncGuard\data\raw\FakeAVCeleb_v1.2\FakeAVCeleb_v1.2\RealVideo-FakeAudio\African\women\id02721\00424_fake.mp4,RealVideo-FakeAudio\African\women\id02721\00424_fake.mp4,RealVideo-FakeAudio,1,fake,African,women,id02721,00424_fake.mp4,validation
D:\SyncGuard\data\raw\FakeAVCeleb_v1.2\FakeAVCeleb_v1.2\RealVideo-RealAudio\Caucasian (European)\men\id00963\00028.mp4,RealVideo-RealAudio\Caucasian (European)\men\id00963\00028.mp4,RealVideo-RealAudio,0,real,Caucasian (European),men,id00963,00028.mp4,train
D:\SyncGuard\data\raw\FakeAVCeleb_v1.2\FakeAVCeleb_v1.2\RealVideo-FakeAudio\Asian (East)\women\id06443\00232_fake.mp4,RealVideo-FakeAudio\Asian (East)\women\id06443\00232_fake.mp4,RealVideo-FakeAudio,1,fake,Asian (East),women,id06443,00232_fake.mp4,train
D:\SyncGuard\data\raw\FakeAVCeleb_v1.2\FakeAVCeleb_v1.2\FakeVideo-FakeAudio\Asian (South)\women\id04070\00072_id07078_sLVbTD3Dtgw_id06343_wavtolip.mp4,FakeVideo-FakeAudio\Asian (South)\women\id04070\00072_id07078_sLVbTD3Dtgw_id06343_wavtolip.mp4,FakeVideo-FakeAudio,1,fake,Asian (South),women,id04070,00072_id07078_sLVbTD3Dtgw_id06343_wavtolip.mp4,train
D:\SyncGuard\data\raw\FakeAVCeleb_v1.2\FakeAVCeleb_v1.2\FakeVideo-FakeAudio\Caucasian (European)\women\id03589\00002_id00287_2NpfYjyMsPM_id00071_wavtolip.mp4,FakeVideo-FakeAudio\Caucasian (European)\women\id03589\00002_id00287_2NpfYjyMsPM_id00071_wavtolip.mp4,FakeVideo-FakeAudio,1,fake,Caucasian (European),women,id03589,00002_id00287_2NpfYjyMsPM_id00071_wavtolip.mp4,train
D:\SyncGuard\data\raw\FakeAVCeleb_v1.2\FakeAVCeleb_v1.2\FakeVideo-RealAudio\Asian (East)\men\id04222\00078_id06878_wavtolip.mp4,FakeVideo-RealAudio\Asian (East)\men\id04222\00078_id06878_wavtolip.mp4,FakeVideo-RealAudio,1,fake,Asian (East),men,id04222,00078_id06878_wavtolip.mp4,train
D:\SyncGuard\data\raw\FakeAVCeleb_v1.2\FakeAVCeleb_v1.2\FakeVideo-FakeAudio\African\men\id01972\00078_id01779_HgyHpDEo_jk_id01856_wavtolip.mp4,FakeVideo-FakeAudio\African\men\id01972\00078_id01779_HgyHpDEo_jk_id01856_wavtolip.mp4,FakeVideo-FakeAudio,1,fake,African,men,id01972,00078_id01779_HgyHpDEo_jk_id01856_wavtolip.mp4,validation
D:\SyncGuard\data\raw\FakeAVCeleb_v1.2\FakeAVCeleb_v1.2\FakeVideo-RealAudio\African\women\id01178\00028_id05252_CMxIX3absYM_faceswap.mp4,FakeVideo-RealAudio\African\women\id01178\00028_id05252_CMxIX3absYM_faceswap.mp4,FakeVideo-RealAudio,1,fake,African,women,id01178,00028_id05252_CMxIX3absYM_faceswap.mp4,train
D:\SyncGuard\data\raw\FakeAVCeleb_v1.2\FakeAVCeleb_v1.2\FakeVideo-FakeAudio\Asian (East)\men\id08613\00074_id00597_wavtolip.mp4,FakeVideo-FakeAudio\Asian (East)\men\id08613\00074_id00597_wavtolip.mp4,FakeVideo-FakeAudio,1,fake,Asian (East),men,id08613,00074_id00597_wavtolip.mp4,train
D:\SyncGuard\data\raw\FakeAVCeleb_v1.2\FakeAVCeleb_v1.2\FakeVideo-RealAudio\Asian (South)\women\id04490\00054_id07136_wavtolip.mp4,FakeVideo-RealAudio\Asian (South)\women\id04490\00054_id07136_wavtolip.mp4,FakeVideo-RealAudio,1,fake,Asian (South),women,id04490,00054_id07136_wavtolip.mp4,validation
D:\SyncGuard\data\raw\FakeAVCeleb_v1.2\FakeAVCeleb_v1.2\FakeVideo-RealAudio\Caucasian (American)\women\id00383\00171_id00231_Pi8vVHrPQMU.mp4,FakeVideo-RealAudio\Caucasian (American)\women\id00383\00171_id00231_Pi8vVHrPQMU.mp4,FakeVideo-RealAudio,1,fake,Caucasian (American),women,id00383,00171_id00231_Pi8vVHrPQMU.mp4,train
D:\SyncGuard\data\raw\FakeAVCeleb_v1.2\FakeAVCeleb_v1.2\RealVideo-RealAudio\Asian (East)\women\id04057\00015.mp4,RealVideo-RealAudio\Asian (East)\women\id04057\00015.mp4,RealVideo-RealAudio,0,real,Asian (East),women,id04057,00015.mp4,train
D:\SyncGuard\data\raw\FakeAVCeleb_v1.2\FakeAVCeleb_v1.2\RealVideo-FakeAudio\Caucasian (European)\men\id00999\00028_fake.mp4,RealVideo-FakeAudio\Caucasian (European)\men\id00999\00028_fake.mp4,RealVideo-FakeAudio,1,fake,Caucasian (European),men,id00999,00028_fake.mp4,train
D:\SyncGuard\data\raw\FakeAVCeleb_v1.2\FakeAVCeleb_v1.2\FakeVideo-FakeAudio\Caucasian (American)\women\id00431\00039_id01245_wavtolip.mp4,FakeVideo-FakeAudio\Caucasian (American)\women\id00431\00039_id01245_wavtolip.mp4,FakeVideo-FakeAudio,1,fake,Caucasian (American),women,id00431,00039_id01245_wavtolip.mp4,train
D:\SyncGuard\data\raw\FakeAVCeleb_v1.2\FakeAVCeleb_v1.2\RealVideo-FakeAudio\Asian (East)\men\id04687\00066_fake.mp4,RealVideo-FakeAudio\Asian (East)\men\id04687\00066_fake.mp4,RealVideo-FakeAudio,1,fake,Asian (East),men,id04687,00066_fake.mp4,validation
D:\SyncGuard\data\raw\FakeAVCeleb_v1.2\FakeAVCeleb_v1.2\RealVideo-RealAudio\Caucasian (European)\men\id01157\00048.mp4,RealVideo-RealAudio\Caucasian (European)\men\id01157\00048.mp4,RealVideo-RealAudio,0,real,Caucasian (European),men,id01157,00048.mp4,train
D:\SyncGuard\data\raw\FakeAVCeleb_v1.2\FakeAVCeleb_v1.2\RealVideo-FakeAudio\Caucasian (European)\women\id00188\00020_fake.mp4,RealVideo-FakeAudio\Caucasian (European)\women\id00188\00020_fake.mp4,RealVideo-FakeAudio,1,fake,Caucasian (European),women,id00188,00020_fake.mp4,train
D:\SyncGuard\data\raw\FakeAVCeleb_v1.2\FakeAVCeleb_v1.2\FakeVideo-RealAudio\African\women\id02721\00424_id02838_wavtolip.mp4,FakeVideo-RealAudio\African\women\id02721\00424_id02838_wavtolip.mp4,FakeVideo-RealAudio,1,fake,African,women,id02721,00424_id02838_wavtolip.mp4,validation
D:\SyncGuard\data\raw\FakeAVCeleb_v1.2\FakeAVCeleb_v1.2\FakeVideo-RealAudio\Caucasian (American)\women\id00291\00052_id01238_VPdv2sexRy0.mp4,FakeVideo-RealAudio\Caucasian (American)\women\id00291\00052_id01238_VPdv2sexRy0.mp4,FakeVideo-RealAudio,1,fake,Caucasian (American),women,id00291,00052_id01238_VPdv2sexRy0.mp4,train
D:\SyncGuard\data\raw\FakeAVCeleb_v1.2\FakeAVCeleb_v1.2\FakeVideo-RealAudio\Caucasian (American)\women\id00458\00072_id01231_wavtolip.mp4,FakeVideo-RealAudio\Caucasian (American)\women\id00458\00072_id01231_wavtolip.mp4,FakeVideo-RealAudio,1,fake,Caucasian (American),women,id00458,00072_id01231_wavtolip.mp4,train
D:\SyncGuard\data\raw\FakeAVCeleb_v1.2\FakeAVCeleb_v1.2\RealVideo-RealAudio\Asian (South)\women\id06254\00043.mp4,RealVideo-RealAudio\Asian (South)\women\id06254\00043.mp4,RealVideo-RealAudio,0,real,Asian (South),women,id06254,00043.mp4,train
D:\SyncGuard\data\raw\FakeAVCeleb_v1.2\FakeAVCeleb_v1.2\FakeVideo-RealAudio\African\women\id03713\00249_id05231_wavtolip.mp4,FakeVideo-RealAudio\African\women\id03713\00249_id05231_wavtolip.mp4,FakeVideo-RealAudio,1,fake,African,women,id03713,00249_id05231_wavtolip.mp4,test
D:\SyncGuard\data\raw\FakeAVCeleb_v1.2\FakeAVCeleb_v1.2\FakeVideo-RealAudio\Caucasian (European)\women\id00591\00001_id00897_0ayFw8JhoyI.mp4,FakeVideo-RealAudio\Caucasian (European)\women\id00591\00001_id00897_0ayFw8JhoyI.mp4,FakeVideo-RealAudio,1,fake,Caucasian (European),women,id00591,00001_id00897_0ayFw8JhoyI.mp4,train
D:\SyncGuard\data\raw\FakeAVCeleb_v1.2\FakeAVCeleb_v1.2\FakeVideo-RealAudio\Caucasian (American)\women\id00100\00028_2.mp4,FakeVideo-RealAudio\Caucasian (American)\women\id00100\00028_2.mp4,FakeVideo-RealAudio,1,fake,Caucasian (American),women,id00100,00028_2.mp4,train
D:\SyncGuard\data\raw\FakeAVCeleb_v1.2\FakeAVCeleb_v1.2\RealVideo-FakeAudio\African\women\id04245\00072_fake.mp4,RealVideo-FakeAudio\African\women\id04245\00072_fake.mp4,RealVideo-FakeAudio,1,fake,African,women,id04245,00072_fake.mp4,train
D:\SyncGuard\data\raw\FakeAVCeleb_v1.2\FakeAVCeleb_v1.2\FakeVideo-RealAudio\Caucasian (European)\men\id00594\00005_id00192_wavtolip.mp4,FakeVideo-RealAudio\Caucasian (European)\men\id00594\00005_id00192_wavtolip.mp4,FakeVideo-RealAudio,1,fake,Caucasian (European),men,id00594,00005_id00192_wavtolip.mp4,train
D:\SyncGuard\data\raw\FakeAVCeleb_v1.2\FakeAVCeleb_v1.2\RealVideo-FakeAudio\Caucasian (European)\men\id00183\00015_fake.mp4,RealVideo-FakeAudio\Caucasian (European)\men\id00183\00015_fake.mp4,RealVideo-FakeAudio,1,fake,Caucasian (European),men,id00183,00015_fake.mp4,test
D:\SyncGuard\data\raw\FakeAVCeleb_v1.2\FakeAVCeleb_v1.2\RealVideo-FakeAudio\Caucasian (European)\men\id00554\00028_fake.mp4,RealVideo-FakeAudio\Caucasian (European)\men\id00554\00028_fake.mp4,RealVideo-FakeAudio,1,fake,Caucasian (European),men,id00554,00028_fake.mp4,test
D:\SyncGuard\data\raw\FakeAVCeleb_v1.2\FakeAVCeleb_v1.2\RealVideo-FakeAudio\Asian (South)\women\id03985\00005_fake.mp4,RealVideo-FakeAudio\Asian (South)\women\id03985\00005_fake.mp4,RealVideo-FakeAudio,1,fake,Asian (South),women,id03985,00005_fake.mp4,train
D:\SyncGuard\data\raw\FakeAVCeleb_v1.2\FakeAVCeleb_v1.2\RealVideo-FakeAudio\Caucasian (American)\men\id01192\00217_fake.mp4,RealVideo-FakeAudio\Caucasian (American)\men\id01192\00217_fake.mp4,RealVideo-FakeAudio,1,fake,Caucasian (American),men,id01192,00217_fake.mp4,train
D:\SyncGuard\data\raw\FakeAVCeleb_v1.2\FakeAVCeleb_v1.2\FakeVideo-FakeAudio\Caucasian (American)\men\id00708\00043_id00696_wavtolip.mp4,FakeVideo-FakeAudio\Caucasian (American)\men\id00708\00043_id00696_wavtolip.mp4,FakeVideo-FakeAudio,1,fake,Caucasian (American),men,id00708,00043_id00696_wavtolip.mp4,train
D:\SyncGuard\data\raw\FakeAVCeleb_v1.2\FakeAVCeleb_v1.2\FakeVideo-RealAudio\African\men\id01779\00010_id01392_wavtolip.mp4,FakeVideo-RealAudio\African\men\id01779\00010_id01392_wavtolip.mp4,FakeVideo-RealAudio,1,fake,African,men,id01779,00010_id01392_wavtolip.mp4,train
D:\SyncGuard\data\raw\FakeAVCeleb_v1.2\FakeAVCeleb_v1.2\RealVideo-RealAudio\Caucasian (European)\women\id00328\00092.mp4,RealVideo-RealAudio\Caucasian (European)\women\id00328\00092.mp4,RealVideo-RealAudio,0,real,Caucasian (European),women,id00328,00092.mp4,train
D:\SyncGuard\data\raw\FakeAVCeleb_v1.2\FakeAVCeleb_v1.2\FakeVideo-FakeAudio\Caucasian (European)\women\id03649\00001_id00434_wavtolip.mp4,FakeVideo-FakeAudio\Caucasian (European)\women\id03649\00001_id00434_wavtolip.mp4,FakeVideo-FakeAudio,1,fake,Caucasian (European),women,id03649,00001_id00434_wavtolip.mp4,train
D:\SyncGuard\data\raw\FakeAVCeleb_v1.2\FakeAVCeleb_v1.2\FakeVideo-RealAudio\African\men\id00366\00118_id01544_uBo9585VW2A.mp4,FakeVideo-RealAudio\African\men\id00366\00118_id01544_uBo9585VW2A.mp4,FakeVideo-RealAudio,1,fake,African,men,id00366,00118_id01544_uBo9585VW2A.mp4,validation
D:\SyncGuard\data\raw\FakeAVCeleb_v1.2\FakeAVCeleb_v1.2\FakeVideo-RealAudio\Caucasian (American)\women\id01091\00236_id03696_Kz45DNXKLXI.mp4,FakeVideo-RealAudio\Caucasian (American)\women\id01091\00236_id03696_Kz45DNXKLXI.mp4,FakeVideo-RealAudio,1,fake,Caucasian (American),women,id01091,00236_id03696_Kz45DNXKLXI.mp4,test
D:\SyncGuard\data\raw\FakeAVCeleb_v1.2\FakeAVCeleb_v1.2\FakeVideo-RealAudio\Caucasian (European)\men\id00265\00130_id00186_wavtolip.mp4,FakeVideo-RealAudio\Caucasian (European)\men\id00265\00130_id00186_wavtolip.mp4,FakeVideo-RealAudio,1,fake,Caucasian (European),men,id00265,00130_id00186_wavtolip.mp4,test
D:\SyncGuard\data\raw\FakeAVCeleb_v1.2\FakeAVCeleb_v1.2\RealVideo-FakeAudio\Caucasian (American)\men\id01172\00015_fake.mp4,RealVideo-FakeAudio\Caucasian (American)\men\id01172\00015_fake.mp4,RealVideo-FakeAudio,1,fake,Caucasian (American),men,id01172,00015_fake.mp4,train
D:\SyncGuard\data\raw\FakeAVCeleb_v1.2\FakeAVCeleb_v1.2\FakeVideo-RealAudio\Caucasian (European)\men\id00225\00078_id00498_wavtolip.mp4,FakeVideo-RealAudio\Caucasian (European)\men\id00225\00078_id00498_wavtolip.mp4,FakeVideo-RealAudio,1,fake,Caucasian (European),men,id00225,00078_id00498_wavtolip.mp4,validation
D:\SyncGuard\data\raw\FakeAVCeleb_v1.2\FakeAVCeleb_v1.2\RealVideo-RealAudio\African\women\id03103\00130.mp4,RealVideo-RealAudio\African\women\id03103\00130.mp4,RealVideo-RealAudio,0,real,African,women,id03103,00130.mp4,test
D:\SyncGuard\data\raw\FakeAVCeleb_v1.2\FakeAVCeleb_v1.2\RealVideo-FakeAudio\Caucasian (European)\women\id00271\00028_fake.mp4,RealVideo-FakeAudio\Caucasian (European)\women\id00271\00028_fake.mp4,RealVideo-FakeAudio,1,fake,Caucasian (European),women,id00271,00028_fake.mp4,test
D:\SyncGuard\data\raw\FakeAVCeleb_v1.2\FakeAVCeleb_v1.2\RealVideo-RealAudio\Caucasian (American)\women\id00190\00072.mp4,RealVideo-RealAudio\Caucasian (American)\women\id00190\00072.mp4,RealVideo-RealAudio,0,real,Caucasian (American),women,id00190,00072.mp4,train
D:\SyncGuard\data\raw\FakeAVCeleb_v1.2\FakeAVCeleb_v1.2\RealVideo-FakeAudio\Asian (East)\men\id04222\00078_fake.mp4,RealVideo-FakeAudio\Asian (East)\men\id04222\00078_fake.mp4,RealVideo-FakeAudio,1,fake,Asian (East),men,id04222,00078_fake.mp4,train
D:\SyncGuard\data\raw\FakeAVCeleb_v1.2\FakeAVCeleb_v1.2\RealVideo-RealAudio\Caucasian (European)\women\id00633\00088.mp4,RealVideo-RealAudio\Caucasian (European)\women\id00633\00088.mp4,RealVideo-RealAudio,0,real,Caucasian (European),women,id00633,00088.mp4,train
D:\SyncGuard\data\raw\FakeAVCeleb_v1.2\FakeAVCeleb_v1.2\RealVideo-FakeAudio\Caucasian (European)\women\id00496\00015_fake.mp4,RealVideo-FakeAudio\Caucasian (European)\women\id00496\00015_fake.mp4,RealVideo-FakeAudio,1,fake,Caucasian (European),women,id00496,00015_fake.mp4,train
D:\SyncGuard\data\raw\FakeAVCeleb_v1.2\FakeAVCeleb_v1.2\RealVideo-RealAudio\Asian (South)\women\id04582\00180.mp4,RealVideo-RealAudio\Asian (South)\women\id04582\00180.mp4,RealVideo-RealAudio,0,real,Asian (South),women,id04582,00180.mp4,test
D:\SyncGuard\data\raw\FakeAVCeleb_v1.2\FakeAVCeleb_v1.2\RealVideo-RealAudio\Asian (East)\women\id04144\00028.mp4,RealVideo-RealAudio\Asian (East)\women\id04144\00028.mp4,RealVideo-RealAudio,0,real,Asian (East),women,id04144,00028.mp4,train
D:\SyncGuard\data\raw\FakeAVCeleb_v1.2\FakeAVCeleb_v1.2\RealVideo-FakeAudio\Caucasian (American)\men\id01210\00283_fake.mp4,RealVideo-FakeAudio\Caucasian (American)\men\id01210\00283_fake.mp4,RealVideo-FakeAudio,1,fake,Caucasian (American),men,id01210,00283_fake.mp4,train
D:\SyncGuard\data\raw\FakeAVCeleb_v1.2\FakeAVCeleb_v1.2\FakeVideo-RealAudio\African\men\id01933\00028_id01170_7eoTTk4xyNo_faceswap.mp4,FakeVideo-RealAudio\African\men\id01933\00028_id01170_7eoTTk4xyNo_faceswap.mp4,FakeVideo-RealAudio,1,fake,African,men,id01933,00028_id01170_7eoTTk4xyNo_faceswap.mp4,train
D:\SyncGuard\data\raw\FakeAVCeleb_v1.2\FakeAVCeleb_v1.2\FakeVideo-FakeAudio\African\men\id00076\00109_id00173_UHoMXLSjlDo_id00475_wavtolip.mp4,FakeVideo-FakeAudio\African\men\id00076\00109_id00173_UHoMXLSjlDo_id00475_wavtolip.mp4,FakeVideo-FakeAudio,1,fake,African,men,id00076,00109_id00173_UHoMXLSjlDo_id00475_wavtolip.mp4,train
D:\SyncGuard\data\raw\FakeAVCeleb_v1.2\FakeAVCeleb_v1.2\RealVideo-FakeAudio\Caucasian (European)\women\id01018\00072_fake.mp4,RealVideo-FakeAudio\Caucasian (European)\women\id01018\00072_fake.mp4,RealVideo-FakeAudio,1,fake,Caucasian (European),women,id01018,00072_fake.mp4,train
D:\SyncGuard\data\raw\FakeAVCeleb_v1.2\FakeAVCeleb_v1.2\FakeVideo-RealAudio\Asian (South)\men\id07194\00014_id07058_JXJTxhrICl0.mp4,FakeVideo-RealAudio\Asian (South)\men\id07194\00014_id07058_JXJTxhrICl0.mp4,FakeVideo-RealAudio,1,fake,Asian (South),men,id07194,00014_id07058_JXJTxhrICl0.mp4,train
D:\SyncGuard\data\raw\FakeAVCeleb_v1.2\FakeAVCeleb_v1.2\RealVideo-FakeAudio\Caucasian (European)\men\id00498\00014_fake.mp4,RealVideo-FakeAudio\Caucasian (European)\men\id00498\00014_fake.mp4,RealVideo-FakeAudio,1,fake,Caucasian (European),men,id00498,00014_fake.mp4,train
D:\SyncGuard\data\raw\FakeAVCeleb_v1.2\FakeAVCeleb_v1.2\FakeVideo-RealAudio\Caucasian (American)\women\id03605\00048_id01238_wavtolip.mp4,FakeVideo-RealAudio\Caucasian (American)\women\id03605\00048_id01238_wavtolip.mp4,FakeVideo-RealAudio,1,fake,Caucasian (American),women,id03605,00048_id01238_wavtolip.mp4,train
D:\SyncGuard\data\raw\FakeAVCeleb_v1.2\FakeAVCeleb_v1.2\RealVideo-RealAudio\Caucasian (American)\men\id01192\00217.mp4,RealVideo-RealAudio\Caucasian (American)\men\id01192\00217.mp4,RealVideo-RealAudio,0,real,Caucasian (American),men,id01192,00217.mp4,train
D:\SyncGuard\data\raw\FakeAVCeleb_v1.2\FakeAVCeleb_v1.2\FakeVideo-FakeAudio\Asian (South)\men\id06753\00021_id07463_wavtolip.mp4,FakeVideo-FakeAudio\Asian (South)\men\id06753\00021_id07463_wavtolip.mp4,FakeVideo-FakeAudio,1,fake,Asian (South),men,id06753,00021_id07463_wavtolip.mp4,train
D:\SyncGuard\data\raw\FakeAVCeleb_v1.2\FakeAVCeleb_v1.2\FakeVideo-FakeAudio\Caucasian (American)\men\id03525\00048_id01124_wavtolip.mp4,FakeVideo-FakeAudio\Caucasian (American)\men\id03525\00048_id01124_wavtolip.mp4,FakeVideo-FakeAudio,1,fake,Caucasian (American),men,id03525,00048_id01124_wavtolip.mp4,test
D:\SyncGuard\data\raw\FakeAVCeleb_v1.2\FakeAVCeleb_v1.2\RealVideo-FakeAudio\African\women\id02071\00195_fake.mp4,RealVideo-FakeAudio\African\women\id02071\00195_fake.mp4,RealVideo-FakeAudio,1,fake,African,women,id02071,00195_fake.mp4,test
D:\SyncGuard\data\raw\FakeAVCeleb_v1.2\FakeAVCeleb_v1.2\FakeVideo-RealAudio\Caucasian (European)\men\id00225\00078_id00063_wavtolip.mp4,FakeVideo-RealAudio\Caucasian (European)\men\id00225\00078_id00063_wavtolip.mp4,FakeVideo-RealAudio,1,fake,Caucasian (European),men,id00225,00078_id00063_wavtolip.mp4,validation
D:\SyncGuard\data\raw\FakeAVCeleb_v1.2\FakeAVCeleb_v1.2\RealVideo-RealAudio\Caucasian (European)\women\id00232\00025.mp4,RealVideo-RealAudio\Caucasian (European)\women\id00232\00025.mp4,RealVideo-RealAudio,0,real,Caucasian (European),women,id00232,00025.mp4,test
D:\SyncGuard\data\raw\FakeAVCeleb_v1.2\FakeAVCeleb_v1.2\FakeVideo-RealAudio\Caucasian (American)\women\id00098\00004_id00098_wavtolip.mp4,FakeVideo-RealAudio\Caucasian (American)\women\id00098\00004_id00098_wavtolip.mp4,FakeVideo-RealAudio,1,fake,Caucasian (American),women,id00098,00004_id00098_wavtolip.mp4,validation
D:\SyncGuard\data\raw\FakeAVCeleb_v1.2\FakeAVCeleb_v1.2\RealVideo-FakeAudio\Asian (South)\women\id00461\00043_fake.mp4,RealVideo-FakeAudio\Asian (South)\women\id00461\00043_fake.mp4,RealVideo-FakeAudio,1,fake,Asian (South),women,id00461,00043_fake.mp4,train
D:\SyncGuard\data\raw\FakeAVCeleb_v1.2\FakeAVCeleb_v1.2\FakeVideo-RealAudio\Asian (East)\men\id00597\00019_id05743_Fjri4MXHXWY_faceswap.mp4,FakeVideo-RealAudio\Asian (East)\men\id00597\00019_id05743_Fjri4MXHXWY_faceswap.mp4,FakeVideo-RealAudio,1,fake,Asian (East),men,id00597,00019_id05743_Fjri4MXHXWY_faceswap.mp4,train
D:\SyncGuard\data\raw\FakeAVCeleb_v1.2\FakeAVCeleb_v1.2\RealVideo-RealAudio\Asian (South)\women\id07686\00254.mp4,RealVideo-RealAudio\Asian (South)\women\id07686\00254.mp4,RealVideo-RealAudio,0,real,Asian (South),women,id07686,00254.mp4,train
D:\SyncGuard\data\raw\FakeAVCeleb_v1.2\FakeAVCeleb_v1.2\FakeVideo-FakeAudio\Asian (South)\women\id06752\00221_id04490_wavtolip.mp4,FakeVideo-FakeAudio\Asian (South)\women\id06752\00221_id04490_wavtolip.mp4,FakeVideo-FakeAudio,1,fake,Asian (South),women,id06752,00221_id04490_wavtolip.mp4,train
D:\SyncGuard\data\raw\FakeAVCeleb_v1.2\FakeAVCeleb_v1.2\FakeVideo-FakeAudio\Asian (South)\men\id04560\00195_id00103_wavtolip.mp4,FakeVideo-FakeAudio\Asian (South)\men\id04560\00195_id00103_wavtolip.mp4,FakeVideo-FakeAudio,1,fake,Asian (South),men,id04560,00195_id00103_wavtolip.mp4,train
D:\SyncGuard\data\raw\FakeAVCeleb_v1.2\FakeAVCeleb_v1.2\RealVideo-FakeAudio\African\women\id03103\00130_fake.mp4,RealVideo-FakeAudio\African\women\id03103\00130_fake.mp4,RealVideo-FakeAudio,1,fake,African,women,id03103,00130_fake.mp4,test
D:\SyncGuard\data\raw\FakeAVCeleb_v1.2\FakeAVCeleb_v1.2\FakeVideo-RealAudio\Caucasian (European)\women\id00589\00130_id00634_z5t9oJizDQg.mp4,FakeVideo-RealAudio\Caucasian (European)\women\id00589\00130_id00634_z5t9oJizDQg.mp4,FakeVideo-RealAudio,1,fake,Caucasian (European),women,id00589,00130_id00634_z5t9oJizDQg.mp4,validation
D:\SyncGuard\data\raw\FakeAVCeleb_v1.2\FakeAVCeleb_v1.2\FakeVideo-RealAudio\Caucasian (European)\men\id00535\00005_id00694_fIQsOJG81w4.mp4,FakeVideo-RealAudio\Caucasian (European)\men\id00535\00005_id00694_fIQsOJG81w4.mp4,FakeVideo-RealAudio,1,fake,Caucasian (European),men,id00535,00005_id00694_fIQsOJG81w4.mp4,validation
D:\SyncGuard\data\raw\FakeAVCeleb_v1.2\FakeAVCeleb_v1.2\RealVideo-RealAudio\Caucasian (European)\men\id00183\00015.mp4,RealVideo-RealAudio\Caucasian (European)\men\id00183\00015.mp4,RealVideo-RealAudio,0,real,Caucasian (European),men,id00183,00015.mp4,test
D:\SyncGuard\data\raw\FakeAVCeleb_v1.2\FakeAVCeleb_v1.2\FakeVideo-FakeAudio\African\men\id02005\00052_id01179_RnqLJMrWELw_id00761_wavtolip.mp4,FakeVideo-FakeAudio\African\men\id02005\00052_id01179_RnqLJMrWELw_id00761_wavtolip.mp4,FakeVideo-FakeAudio,1,fake,African,men,id02005,00052_id01179_RnqLJMrWELw_id00761_wavtolip.mp4,train
D:\SyncGuard\data\raw\FakeAVCeleb_v1.2\FakeAVCeleb_v1.2\RealVideo-FakeAudio\Asian (South)\women\id05435\00107_fake.mp4,RealVideo-FakeAudio\Asian (South)\women\id05435\00107_fake.mp4,RealVideo-FakeAudio,1,fake,Asian (South),women,id05435,00107_fake.mp4,train
D:\SyncGuard\data\raw\FakeAVCeleb_v1.2\FakeAVCeleb_v1.2\RealVideo-FakeAudio\Caucasian (American)\men\id00060\00307_fake.mp4,RealVideo-FakeAudio\Caucasian (American)\men\id00060\00307_fake.mp4,RealVideo-FakeAudio,1,fake,Caucasian (American),men,id00060,00307_fake.mp4,train
D:\SyncGuard\data\raw\FakeAVCeleb_v1.2\FakeAVCeleb_v1.2\RealVideo-RealAudio\African\women\id04055\00001.mp4,RealVideo-RealAudio\African\women\id04055\00001.mp4,RealVideo-RealAudio,0,real,African,women,id04055,00001.mp4,train
D:\SyncGuard\data\raw\FakeAVCeleb_v1.2\FakeAVCeleb_v1.2\FakeVideo-RealAudio\African\men\id02316\00094_id01597_52WEZxe4_GE.mp4,FakeVideo-RealAudio\African\men\id02316\00094_id01597_52WEZxe4_GE.mp4,FakeVideo-RealAudio,1,fake,African,men,id02316,00094_id01597_52WEZxe4_GE.mp4,train
D:\SyncGuard\data\raw\FakeAVCeleb_v1.2\FakeAVCeleb_v1.2\FakeVideo-FakeAudio\Asian (South)\men\id06354\00021_id07108_qwfQPcvjGRY_id07233_wavtolip.mp4,FakeVideo-FakeAudio\Asian (South)\men\id06354\00021_id07108_qwfQPcvjGRY_id07233_wavtolip.mp4,FakeVideo-FakeAudio,1,fake,Asian (South),men,id06354,00021_id07108_qwfQPcvjGRY_id07233_wavtolip.mp4,train
D:\SyncGuard\data\raw\FakeAVCeleb_v1.2\FakeAVCeleb_v1.2\RealVideo-FakeAudio\Caucasian (European)\men\id00559\00078_fake.mp4,RealVideo-FakeAudio\Caucasian (European)\men\id00559\00078_fake.mp4,RealVideo-FakeAudio,1,fake,Caucasian (European),men,id00559,00078_fake.mp4,test
D:\SyncGuard\data\raw\FakeAVCeleb_v1.2\FakeAVCeleb_v1.2\FakeVideo-FakeAudio\African\men\id01179\00160_id02005_7_Egh9mW5y4_faceswap_id01528_wavtolip.mp4,FakeVideo-FakeAudio\African\men\id01179\00160_id02005_7_Egh9mW5y4_faceswap_id01528_wavtolip.mp4,FakeVideo-FakeAudio,1,fake,African,men,id01179,00160_id02005_7_Egh9mW5y4_faceswap_id01528_wavtolip.mp4,train
D:\SyncGuard\data\raw\FakeAVCeleb_v1.2\FakeAVCeleb_v1.2\FakeVideo-RealAudio\Asian (East)\women\id08402\00092_id06066_9e5vgpwmruA.mp4,FakeVideo-RealAudio\Asian (East)\women\id08402\00092_id06066_9e5vgpwmruA.mp4,FakeVideo-RealAudio,1,fake,Asian (East),women,id08402,00092_id06066_9e5vgpwmruA.mp4,train
D:\SyncGuard\data\raw\FakeAVCeleb_v1.2\FakeAVCeleb_v1.2\FakeVideo-FakeAudio\Asian (East)\men\id03168\03168_id03168_wavtolip.mp4,FakeVideo-FakeAudio\Asian (East)\men\id03168\03168_id03168_wavtolip.mp4,FakeVideo-FakeAudio,1,fake,Asian (East),men,id03168,03168_id03168_wavtolip.mp4,test
D:\SyncGuard\data\raw\FakeAVCeleb_v1.2\FakeAVCeleb_v1.2\RealVideo-RealAudio\Asian (South)\women\id03815\00118.mp4,RealVideo-RealAudio\Asian (South)\women\id03815\00118.mp4,RealVideo-RealAudio,0,real,Asian (South),women,id03815,00118.mp4,train
D:\SyncGuard\data\raw\FakeAVCeleb_v1.2\FakeAVCeleb_v1.2\RealVideo-FakeAudio\Asian (East)\women\id09181\00048_fake.mp4,RealVideo-FakeAudio\Asian (East)\women\id09181\00048_fake.mp4,RealVideo-FakeAudio,1,fake,Asian (East),women,id09181,00048_fake.mp4,train
D:\SyncGuard\data\raw\FakeAVCeleb_v1.2\FakeAVCeleb_v1.2\FakeVideo-RealAudio\African\men\id00830\00143_id00366_wavtolip.mp4,FakeVideo-RealAudio\African\men\id00830\00143_id00366_wavtolip.mp4,FakeVideo-RealAudio,1,fake,African,men,id00830,00143_id00366_wavtolip.mp4,train
D:\SyncGuard\data\raw\FakeAVCeleb_v1.2\FakeAVCeleb_v1.2\RealVideo-FakeAudio\Caucasian (European)\men\id00266\00470_fake.mp4,RealVideo-FakeAudio\Caucasian (European)\men\id00266\00470_fake.mp4,RealVideo-FakeAudio,1,fake,Caucasian (European),men,id00266,00470_fake.mp4,validation
D:\SyncGuard\data\raw\FakeAVCeleb_v1.2\FakeAVCeleb_v1.2\RealVideo-RealAudio\African\men\id01995\00071.mp4,RealVideo-RealAudio\African\men\id01995\00071.mp4,RealVideo-RealAudio,0,real,African,men,id01995,00071.mp4,train
D:\SyncGuard\data\raw\FakeAVCeleb_v1.2\FakeAVCeleb_v1.2\RealVideo-FakeAudio\Caucasian (American)\men\id01035\00012_fake.mp4,RealVideo-FakeAudio\Caucasian (American)\men\id01035\00012_fake.mp4,RealVideo-FakeAudio,1,fake,Caucasian (American),men,id01035,00012_fake.mp4,train
D:\SyncGuard\data\raw\FakeAVCeleb_v1.2\FakeAVCeleb_v1.2\RealVideo-FakeAudio\Caucasian (American)\women\id00231\00037_fake.mp4,RealVideo-FakeAudio\Caucasian (American)\women\id00231\00037_fake.mp4,RealVideo-FakeAudio,1,fake,Caucasian (American),women,id00231,00037_fake.mp4,train
D:\SyncGuard\data\raw\FakeAVCeleb_v1.2\FakeAVCeleb_v1.2\RealVideo-RealAudio\Asian (South)\men\id04560\00195.mp4,RealVideo-RealAudio\Asian (South)\men\id04560\00195.mp4,RealVideo-RealAudio,0,real,Asian (South),men,id04560,00195.mp4,train
D:\SyncGuard\data\raw\FakeAVCeleb_v1.2\FakeAVCeleb_v1.2\RealVideo-RealAudio\Caucasian (European)\women\id03816\00093.mp4,RealVideo-RealAudio\Caucasian (European)\women\id03816\00093.mp4,RealVideo-RealAudio,0,real,Caucasian (European),women,id03816,00093.mp4,train
D:\SyncGuard\data\raw\FakeAVCeleb_v1.2\FakeAVCeleb_v1.2\FakeVideo-FakeAudio\Asian (South)\women\id07689\00028_id07377_wavtolip.mp4,FakeVideo-FakeAudio\Asian (South)\women\id07689\00028_id07377_wavtolip.mp4,FakeVideo-FakeAudio,1,fake,Asian (South),women,id07689,00028_id07377_wavtolip.mp4,train
D:\SyncGuard\data\raw\FakeAVCeleb_v1.2\FakeAVCeleb_v1.2\FakeVideo-FakeAudio\Asian (South)\men\id00414\00052_id00032_wavtolip.mp4,FakeVideo-FakeAudio\Asian (South)\men\id00414\00052_id00032_wavtolip.mp4,FakeVideo-FakeAudio,1,fake,Asian (South),men,id00414,00052_id00032_wavtolip.mp4,train
D:\SyncGuard\data\raw\FakeAVCeleb_v1.2\FakeAVCeleb_v1.2\RealVideo-FakeAudio\Asian (South)\men\id00745\00165_fake.mp4,RealVideo-FakeAudio\Asian (South)\men\id00745\00165_fake.mp4,RealVideo-FakeAudio,1,fake,Asian (South),men,id00745,00165_fake.mp4,test
D:\SyncGuard\data\raw\FakeAVCeleb_v1.2\FakeAVCeleb_v1.2\FakeVideo-FakeAudio\Asian (East)\women\id09174\00015_id09116_wavtolip.mp4,FakeVideo-FakeAudio\Asian (East)\women\id09174\00015_id09116_wavtolip.mp4,FakeVideo-FakeAudio,1,fake,Asian (East),women,id09174,00015_id09116_wavtolip.mp4,train
D:\SyncGuard\data\raw\FakeAVCeleb_v1.2\FakeAVCeleb_v1.2\RealVideo-FakeAudio\Asian (South)\men\id04562\00221_fake.mp4,RealVideo-FakeAudio\Asian (South)\men\id04562\00221_fake.mp4,RealVideo-FakeAudio,1,fake,Asian (South),men,id04562,00221_fake.mp4,train
D:\SyncGuard\data\raw\FakeAVCeleb_v1.2\FakeAVCeleb_v1.2\RealVideo-FakeAudio\Asian (South)\men\id00459\00382_fake.mp4,RealVideo-FakeAudio\Asian (South)\men\id00459\00382_fake.mp4,RealVideo-FakeAudio,1,fake,Asian (South),men,id00459,00382_fake.mp4,train
D:\SyncGuard\data\raw\FakeAVCeleb_v1.2\FakeAVCeleb_v1.2\RealVideo-RealAudio\Asian (East)\men\id06152\06152.mp4,RealVideo-RealAudio\Asian (East)\men\id06152\06152.mp4,RealVideo-RealAudio,0,real,Asian (East),men,id06152,06152.mp4,train
D:\SyncGuard\data\raw\FakeAVCeleb_v1.2\FakeAVCeleb_v1.2\FakeVideo-RealAudio\Asian (East)\men\id04691\1_id00560_wavtolip.mp4,FakeVideo-RealAudio\Asian (East)\men\id04691\1_id00560_wavtolip.mp4,FakeVideo-RealAudio,1,fake,Asian (East),men,id04691,1_id00560_wavtolip.mp4,validation
D:\SyncGuard\data\raw\FakeAVCeleb_v1.2\FakeAVCeleb_v1.2\FakeVideo-FakeAudio\Asian (South)\men\id00033\00276_0_id04928_wavtolip.mp4,FakeVideo-FakeAudio\Asian (South)\men\id00033\00276_0_id04928_wavtolip.mp4,FakeVideo-FakeAudio,1,fake,Asian (South),men,id00033,00276_0_id04928_wavtolip.mp4,train
D:\SyncGuard\data\raw\FakeAVCeleb_v1.2\FakeAVCeleb_v1.2\RealVideo-FakeAudio\Caucasian (European)\women\id01002\00043_fake.mp4,RealVideo-FakeAudio\Caucasian (European)\women\id01002\00043_fake.mp4,RealVideo-FakeAudio,1,fake,Caucasian (European),women,id01002,00043_fake.mp4,test
D:\SyncGuard\data\raw\FakeAVCeleb_v1.2\FakeAVCeleb_v1.2\RealVideo-FakeAudio\African\women\id04820\00015_fake.mp4,RealVideo-FakeAudio\African\women\id04820\00015_fake.mp4,RealVideo-FakeAudio,1,fake,African,women,id04820,00015_fake.mp4,train
D:\SyncGuard\data\raw\FakeAVCeleb_v1.2\FakeAVCeleb_v1.2\RealVideo-FakeAudio\Asian (East)\women\id09175\00072_fake.mp4,RealVideo-FakeAudio\Asian (East)\women\id09175\00072_fake.mp4,RealVideo-FakeAudio,1,fake,Asian (East),women,id09175,00072_fake.mp4,validation
D:\SyncGuard\data\raw\FakeAVCeleb_v1.2\FakeAVCeleb_v1.2\RealVideo-RealAudio\African\men\id01528\00017.mp4,RealVideo-RealAudio\African\men\id01528\00017.mp4,RealVideo-RealAudio,0,real,African,men,id01528,00017.mp4,train
D:\SyncGuard\data\raw\FakeAVCeleb_v1.2\FakeAVCeleb_v1.2\FakeVideo-RealAudio\Caucasian (European)\men\id00282\00268_id00305_LdcY3ILdQrE_faceswap.mp4,FakeVideo-RealAudio\Caucasian (European)\men\id00282\00268_id00305_LdcY3ILdQrE_faceswap.mp4,FakeVideo-RealAudio,1,fake,Caucasian (European),men,id00282,00268_id00305_LdcY3ILdQrE_faceswap.mp4,train
D:\SyncGuard\data\raw\FakeAVCeleb_v1.2\FakeAVCeleb_v1.2\FakeVideo-FakeAudio\Caucasian (European)\men\id00292\00072_id00981_OmNALjENDkI_id01098_wavtolip.mp4,FakeVideo-FakeAudio\Caucasian (European)\men\id00292\00072_id00981_OmNALjENDkI_id01098_wavtolip.mp4,FakeVideo-FakeAudio,1,fake,Caucasian (European),men,id00292,00072_id00981_OmNALjENDkI_id01098_wavtolip.mp4,train
D:\SyncGuard\data\raw\FakeAVCeleb_v1.2\FakeAVCeleb_v1.2\FakeVideo-RealAudio\Asian (South)\men\id00732\00118_id06354_PmWLmcJNUhM.mp4,FakeVideo-RealAudio\Asian (South)\men\id00732\00118_id06354_PmWLmcJNUhM.mp4,FakeVideo-RealAudio,1,fake,Asian (South),men,id00732,00118_id06354_PmWLmcJNUhM.mp4,train
D:\SyncGuard\data\raw\FakeAVCeleb_v1.2\FakeAVCeleb_v1.2\RealVideo-FakeAudio\African\women\id02948\00298_fake.mp4,RealVideo-FakeAudio\African\women\id02948\00298_fake.mp4,RealVideo-FakeAudio,1,fake,African,women,id02948,00298_fake.mp4,train
D:\SyncGuard\data\raw\FakeAVCeleb_v1.2\FakeAVCeleb_v1.2\RealVideo-FakeAudio\Caucasian (European)\men\id01098\00044_fake.mp4,RealVideo-FakeAudio\Caucasian (European)\men\id01098\00044_fake.mp4,RealVideo-FakeAudio,1,fake,Caucasian (European),men,id01098,00044_fake.mp4,test
D:\SyncGuard\data\raw\FakeAVCeleb_v1.2\FakeAVCeleb_v1.2\FakeVideo-RealAudio\African\men\id01236\00005_id01076_wavtolip.mp4,FakeVideo-RealAudio\African\men\id01236\00005_id01076_wavtolip.mp4,FakeVideo-RealAudio,1,fake,African,men,id01236,00005_id01076_wavtolip.mp4,train
D:\SyncGuard\data\raw\FakeAVCeleb_v1.2\FakeAVCeleb_v1.2\FakeVideo-RealAudio\Caucasian (European)\men\id00266\00470_id01051_jPxk6s6FM6Y.mp4,FakeVideo-RealAudio\Caucasian (European)\men\id00266\00470_id01051_jPxk6s6FM6Y.mp4,FakeVideo-RealAudio,1,fake,Caucasian (European),men,id00266,00470_id01051_jPxk6s6FM6Y.mp4,validation
D:\SyncGuard\data\raw\FakeAVCeleb_v1.2\FakeAVCeleb_v1.2\FakeVideo-RealAudio\African\men\id01452\00001_id01779_wavtolip.mp4,FakeVideo-RealAudio\African\men\id01452\00001_id01779_wavtolip.mp4,FakeVideo-RealAudio,1,fake,African,men,id01452,00001_id01779_wavtolip.mp4,train
D:\SyncGuard\data\raw\FakeAVCeleb_v1.2\FakeAVCeleb_v1.2\FakeVideo-FakeAudio\Caucasian (American)\women\id03696\00160_id01091_oM2XdIGMM2c_faceswap_id00381_wavtolip.mp4,FakeVideo-FakeAudio\Caucasian (American)\women\id03696\00160_id01091_oM2XdIGMM2c_faceswap_id00381_wavtolip.mp4,FakeVideo-FakeAudio,1,fake,Caucasian (American),women,id03696,00160_id01091_oM2XdIGMM2c_faceswap_id00381_wavtolip.mp4,train
D:\SyncGuard\data\raw\FakeAVCeleb_v1.2\FakeAVCeleb_v1.2\FakeVideo-RealAudio\Asian (East)\men\id02493\00073_id06878_wavtolip.mp4,FakeVideo-RealAudio\Asian (East)\men\id02493\00073_id06878_wavtolip.mp4,FakeVideo-RealAudio,1,fake,Asian (East),men,id02493,00073_id06878_wavtolip.mp4,test
D:\SyncGuard\data\raw\FakeAVCeleb_v1.2\FakeAVCeleb_v1.2\RealVideo-RealAudio\Asian (South)\men\id00857\00347.mp4,RealVideo-RealAudio\Asian (South)\men\id00857\00347.mp4,RealVideo-RealAudio,0,real,Asian (South),men,id00857,00347.mp4,train
D:\SyncGuard\data\raw\FakeAVCeleb_v1.2\FakeAVCeleb_v1.2\RealVideo-RealAudio\Caucasian (European)\women\id00434\00046.mp4,RealVideo-RealAudio\Caucasian (European)\women\id00434\00046.mp4,RealVideo-RealAudio,0,real,Caucasian (European),women,id00434,00046.mp4,train
D:\SyncGuard\data\raw\FakeAVCeleb_v1.2\FakeAVCeleb_v1.2\RealVideo-FakeAudio\African\men\id00366\00118_fake.mp4,RealVideo-FakeAudio\African\men\id00366\00118_fake.mp4,RealVideo-FakeAudio,1,fake,African,men,id00366,00118_fake.mp4,validation
D:\SyncGuard\data\raw\FakeAVCeleb_v1.2\FakeAVCeleb_v1.2\RealVideo-FakeAudio\Asian (East)\women\id02587\00020_fake.mp4,RealVideo-FakeAudio\Asian (East)\women\id02587\00020_fake.mp4,RealVideo-FakeAudio,1,fake,Asian (East),women,id02587,00020_fake.mp4,train
D:\SyncGuard\data\raw\FakeAVCeleb_v1.2\FakeAVCeleb_v1.2\RealVideo-FakeAudio\Caucasian (European)\men\id00415\00017_fake.mp4,RealVideo-FakeAudio\Caucasian (European)\men\id00415\00017_fake.mp4,RealVideo-FakeAudio,1,fake,Caucasian (European),men,id00415,00017_fake.mp4,train
D:\SyncGuard\data\raw\FakeAVCeleb_v1.2\FakeAVCeleb_v1.2\RealVideo-RealAudio\Asian (South)\men\id00082\00052.mp4,RealVideo-RealAudio\Asian (South)\men\id00082\00052.mp4,RealVideo-RealAudio,0,real,Asian (South),men,id00082,00052.mp4,train
D:\SyncGuard\data\raw\FakeAVCeleb_v1.2\FakeAVCeleb_v1.2\FakeVideo-RealAudio\African\men\id01452\00001_id01598_wavtolip.mp4,FakeVideo-RealAudio\African\men\id01452\00001_id01598_wavtolip.mp4,FakeVideo-RealAudio,1,fake,African,men,id01452,00001_id01598_wavtolip.mp4,train
D:\SyncGuard\data\raw\FakeAVCeleb_v1.2\FakeAVCeleb_v1.2\RealVideo-FakeAudio\Caucasian (American)\women\id00261\00048_fake.mp4,RealVideo-FakeAudio\Caucasian (American)\women\id00261\00048_fake.mp4,RealVideo-FakeAudio,1,fake,Caucasian (American),women,id00261,00048_fake.mp4,train
D:\SyncGuard\data\raw\FakeAVCeleb_v1.2\FakeAVCeleb_v1.2\RealVideo-FakeAudio\African\men\id01972\00078_fake.mp4,RealVideo-FakeAudio\African\men\id01972\00078_fake.mp4,RealVideo-FakeAudio,1,fake,African,men,id01972,00078_fake.mp4,validation
D:\SyncGuard\data\raw\FakeAVCeleb_v1.2\FakeAVCeleb_v1.2\FakeVideo-FakeAudio\Asian (South)\women\id07078\00405_0_id00488_wavtolip.mp4,FakeVideo-FakeAudio\Asian (South)\women\id07078\00405_0_id00488_wavtolip.mp4,FakeVideo-FakeAudio,1,fake,Asian (South),women,id07078,00405_0_id00488_wavtolip.mp4,validation
D:\SyncGuard\data\raw\FakeAVCeleb_v1.2\FakeAVCeleb_v1.2\RealVideo-RealAudio\Caucasian (European)\women\id00826\00065.mp4,RealVideo-RealAudio\Caucasian (European)\women\id00826\00065.mp4,RealVideo-RealAudio,0,real,Caucasian (European),women,id00826,00065.mp4,train
D:\SyncGuard\data\raw\FakeAVCeleb_v1.2\FakeAVCeleb_v1.2\FakeVideo-RealAudio\Caucasian (American)\women\id03707\00055_id01238_wavtolip.mp4,FakeVideo-RealAudio\Caucasian (American)\women\id03707\00055_id01238_wavtolip.mp4,FakeVideo-RealAudio,1,fake,Caucasian (American),women,id03707,00055_id01238_wavtolip.mp4,train
D:\SyncGuard\data\raw\FakeAVCeleb_v1.2\FakeAVCeleb_v1.2\RealVideo-FakeAudio\African\men\id00478\00206_fake.mp4,RealVideo-FakeAudio\African\men\id00478\00206_fake.mp4,RealVideo-FakeAudio,1,fake,African,men,id00478,00206_fake.mp4,validation
D:\SyncGuard\data\raw\FakeAVCeleb_v1.2\FakeAVCeleb_v1.2\RealVideo-FakeAudio\Asian (East)\men\id02553\00043_fake.mp4,RealVideo-FakeAudio\Asian (East)\men\id02553\00043_fake.mp4,RealVideo-FakeAudio,1,fake,Asian (East),men,id02553,00043_fake.mp4,train
D:\SyncGuard\data\raw\FakeAVCeleb_v1.2\FakeAVCeleb_v1.2\FakeVideo-RealAudio\Caucasian (European)\men\id00183\00015_2.mp4,FakeVideo-RealAudio\Caucasian (European)\men\id00183\00015_2.mp4,FakeVideo-RealAudio,1,fake,Caucasian (European),men,id00183,00015_2.mp4,test
D:\SyncGuard\data\raw\FakeAVCeleb_v1.2\FakeAVCeleb_v1.2\FakeVideo-RealAudio\Caucasian (American)\men\id00708\00043_id00021_wavtolip.mp4,FakeVideo-RealAudio\Caucasian (American)\men\id00708\00043_id00021_wavtolip.mp4,FakeVideo-RealAudio,1,fake,Caucasian (American),men,id00708,00043_id00021_wavtolip.mp4,train
D:\SyncGuard\data\raw\FakeAVCeleb_v1.2\FakeAVCeleb_v1.2\RealVideo-FakeAudio\Caucasian (European)\men\id00305\00113_fake.mp4,RealVideo-FakeAudio\Caucasian (European)\men\id00305\00113_fake.mp4,RealVideo-FakeAudio,1,fake,Caucasian (European),men,id00305,00113_fake.mp4,train
D:\SyncGuard\data\raw\FakeAVCeleb_v1.2\FakeAVCeleb_v1.2\RealVideo-FakeAudio\African\men\id00391\00052_fake.mp4,RealVideo-FakeAudio\African\men\id00391\00052_fake.mp4,RealVideo-FakeAudio,1,fake,African,men,id00391,00052_fake.mp4,train
D:\SyncGuard\data\raw\FakeAVCeleb_v1.2\FakeAVCeleb_v1.2\RealVideo-RealAudio\Caucasian (American)\women\id03556\00043.mp4,RealVideo-RealAudio\Caucasian (American)\women\id03556\00043.mp4,RealVideo-RealAudio,0,real,Caucasian (American),women,id03556,00043.mp4,train
D:\SyncGuard\data\raw\FakeAVCeleb_v1.2\FakeAVCeleb_v1.2\RealVideo-FakeAudio\Asian (East)\men\id06269\00005_fake.mp4,RealVideo-FakeAudio\Asian (East)\men\id06269\00005_fake.mp4,RealVideo-FakeAudio,1,fake,Asian (East),men,id06269,00005_fake.mp4,train
D:\SyncGuard\data\raw\FakeAVCeleb_v1.2\FakeAVCeleb_v1.2\FakeVideo-RealAudio\Asian (East)\women\id00430\00209_id04701_wavtolip.mp4,FakeVideo-RealAudio\Asian (East)\women\id00430\00209_id04701_wavtolip.mp4,FakeVideo-RealAudio,1,fake,Asian (East),women,id00430,00209_id04701_wavtolip.mp4,train
D:\SyncGuard\data\raw\FakeAVCeleb_v1.2\FakeAVCeleb_v1.2\RealVideo-RealAudio\Caucasian (European)\women\id01018\00072.mp4,RealVideo-RealAudio\Caucasian (European)\women\id01018\00072.mp4,RealVideo-RealAudio,0,real,Caucasian (European),women,id01018,00072.mp4,train
D:\SyncGuard\data\raw\FakeAVCeleb_v1.2\FakeAVCeleb_v1.2\FakeVideo-RealAudio\African\men\id00366\00118_id00781_fvsSae9yc0A.mp4,FakeVideo-RealAudio\African\men\id00366\00118_id00781_fvsSae9yc0A.mp4,FakeVideo-RealAudio,1,fake,African,men,id00366,00118_id00781_fvsSae9yc0A.mp4,validation
D:\SyncGuard\data\raw\FakeAVCeleb_v1.2\FakeAVCeleb_v1.2\FakeVideo-RealAudio\Caucasian (American)\women\id01245\00028_id00462_EMnGfAq9gg4.mp4,FakeVideo-RealAudio\Caucasian (American)\women\id01245\00028_id00462_EMnGfAq9gg4.mp4,FakeVideo-RealAudio,1,fake,Caucasian (American),women,id01245,00028_id00462_EMnGfAq9gg4.mp4,train
D:\SyncGuard\data\raw\FakeAVCeleb_v1.2\FakeAVCeleb_v1.2\FakeVideo-RealAudio\African\men\id02494\00050_id00366_wavtolip.mp4,FakeVideo-RealAudio\African\men\id02494\00050_id00366_wavtolip.mp4,FakeVideo-RealAudio,1,fake,African,men,id02494,00050_id00366_wavtolip.mp4,train
D:\SyncGuard\data\raw\FakeAVCeleb_v1.2\FakeAVCeleb_v1.2\FakeVideo-FakeAudio\Asian (East)\men\id01589\00017_id08652_wavtolip.mp4,FakeVideo-FakeAudio\Asian (East)\men\id01589\00017_id08652_wavtolip.mp4,FakeVideo-FakeAudio,1,fake,Asian (East),men,id01589,00017_id08652_wavtolip.mp4,train
D:\SyncGuard\data\raw\FakeAVCeleb_v1.2\FakeAVCeleb_v1.2\FakeVideo-FakeAudio\Asian (East)\men\id04691\1_2_id06470_wavtolip.mp4,FakeVideo-FakeAudio\Asian (East)\men\id04691\1_2_id06470_wavtolip.mp4,FakeVideo-FakeAudio,1,fake,Asian (East),men,id04691,1_2_id06470_wavtolip.mp4,validation
D:\SyncGuard\data\raw\FakeAVCeleb_v1.2\FakeAVCeleb_v1.2\FakeVideo-FakeAudio\Caucasian (European)\men\id00183\00015_1_id00520_wavtolip.mp4,FakeVideo-FakeAudio\Caucasian (European)\men\id00183\00015_1_id00520_wavtolip.mp4,FakeVideo-FakeAudio,1,fake,Caucasian (European),men,id00183,00015_1_id00520_wavtolip.mp4,test
D:\SyncGuard\data\raw\FakeAVCeleb_v1.2\FakeAVCeleb_v1.2\RealVideo-RealAudio\Asian (South)\men\id03599\00072.mp4,RealVideo-RealAudio\Asian (South)\men\id03599\00072.mp4,RealVideo-RealAudio,0,real,Asian (South),men,id03599,00072.mp4,train
D:\SyncGuard\data\raw\FakeAVCeleb_v1.2\FakeAVCeleb_v1.2\FakeVideo-FakeAudio\Caucasian (European)\women\id00332\00293_id00569_wavtolip.mp4,FakeVideo-FakeAudio\Caucasian (European)\women\id00332\00293_id00569_wavtolip.mp4,FakeVideo-FakeAudio,1,fake,Caucasian (European),women,id00332,00293_id00569_wavtolip.mp4,validation
D:\SyncGuard\data\raw\FakeAVCeleb_v1.2\FakeAVCeleb_v1.2\FakeVideo-FakeAudio\Caucasian (European)\men\id00186\00120_id00963_wavtolip.mp4,FakeVideo-FakeAudio\Caucasian (European)\men\id00186\00120_id00963_wavtolip.mp4,FakeVideo-FakeAudio,1,fake,Caucasian (European),men,id00186,00120_id00963_wavtolip.mp4,validation
D:\SyncGuard\data\raw\FakeAVCeleb_v1.2\FakeAVCeleb_v1.2\FakeVideo-FakeAudio\Caucasian (European)\women\id03371\00430_id00262_wavtolip.mp4,FakeVideo-FakeAudio\Caucasian (European)\women\id03371\00430_id00262_wavtolip.mp4,FakeVideo-FakeAudio,1,fake,Caucasian (European),women,id03371,00430_id00262_wavtolip.mp4,train
D:\SyncGuard\data\raw\FakeAVCeleb_v1.2\FakeAVCeleb_v1.2\RealVideo-FakeAudio\Caucasian (European)\women\id00826\00065_fake.mp4,RealVideo-FakeAudio\Caucasian (European)\women\id00826\00065_fake.mp4,RealVideo-FakeAudio,1,fake,Caucasian (European),women,id00826,00065_fake.mp4,train
D:\SyncGuard\data\raw\FakeAVCeleb_v1.2\FakeAVCeleb_v1.2\RealVideo-RealAudio\Caucasian (American)\men\id04073\00021.mp4,RealVideo-RealAudio\Caucasian (American)\men\id04073\00021.mp4,RealVideo-RealAudio,0,real,Caucasian (American),men,id04073,00021.mp4,validation
D:\SyncGuard\data\raw\FakeAVCeleb_v1.2\FakeAVCeleb_v1.2\RealVideo-FakeAudio\Asian (South)\women\id07136\00052_fake.mp4,RealVideo-FakeAudio\Asian (South)\women\id07136\00052_fake.mp4,RealVideo-FakeAudio,1,fake,Asian (South),women,id07136,00052_fake.mp4,test
D:\SyncGuard\data\raw\FakeAVCeleb_v1.2\FakeAVCeleb_v1.2\RealVideo-FakeAudio\Asian (East)\men\id05268\00010_fake.mp4,RealVideo-FakeAudio\Asian (East)\men\id05268\00010_fake.mp4,RealVideo-FakeAudio,1,fake,Asian (East),men,id05268,00010_fake.mp4,test
D:\SyncGuard\data\raw\FakeAVCeleb_v1.2\FakeAVCeleb_v1.2\FakeVideo-RealAudio\Asian (East)\women\id06060\00219_id08402_nedfiSXfmQ0.mp4,FakeVideo-RealAudio\Asian (East)\women\id06060\00219_id08402_nedfiSXfmQ0.mp4,FakeVideo-RealAudio,1,fake,Asian (East),women,id06060,00219_id08402_nedfiSXfmQ0.mp4,train
D:\SyncGuard\data\raw\FakeAVCeleb_v1.2\FakeAVCeleb_v1.2\FakeVideo-FakeAudio\Asian (South)\women\id06268\00159_id07051_d1c0Pl2aP_4_faceswap_id00488_wavtolip.mp4,FakeVideo-FakeAudio\Asian (South)\women\id06268\00159_id07051_d1c0Pl2aP_4_faceswap_id00488_wavtolip.mp4,FakeVideo-FakeAudio,1,fake,Asian (South),women,id06268,00159_id07051_d1c0Pl2aP_4_faceswap_id00488_wavtolip.mp4,validation
D:\SyncGuard\data\raw\FakeAVCeleb_v1.2\FakeAVCeleb_v1.2\RealVideo-FakeAudio\Caucasian (American)\men\id00062\00278_fake.mp4,RealVideo-FakeAudio\Caucasian (American)\men\id00062\00278_fake.mp4,RealVideo-FakeAudio,1,fake,Caucasian (American),men,id00062,00278_fake.mp4,train
D:\SyncGuard\data\raw\FakeAVCeleb_v1.2\FakeAVCeleb_v1.2\FakeVideo-RealAudio\Asian (East)\women\id05631\00073_id03379_wavtolip.mp4,FakeVideo-RealAudio\Asian (East)\women\id05631\00073_id03379_wavtolip.mp4,FakeVideo-RealAudio,1,fake,Asian (East),women,id05631,00073_id03379_wavtolip.mp4,validation
D:\SyncGuard\data\raw\FakeAVCeleb_v1.2\FakeAVCeleb_v1.2\RealVideo-FakeAudio\Caucasian (European)\women\id00374\00311_fake.mp4,RealVideo-FakeAudio\Caucasian (European)\women\id00374\00311_fake.mp4,RealVideo-FakeAudio,1,fake,Caucasian (European),women,id00374,00311_fake.mp4,train
D:\SyncGuard\data\raw\FakeAVCeleb_v1.2\FakeAVCeleb_v1.2\RealVideo-RealAudio\African\women\id01661\00059.mp4,RealVideo-RealAudio\African\women\id01661\00059.mp4,RealVideo-RealAudio,0,real,African,women,id01661,00059.mp4,train
D:\SyncGuard\data\raw\FakeAVCeleb_v1.2\FakeAVCeleb_v1.2\FakeVideo-FakeAudio\Caucasian (American)\women\id00100\00028_id00272_VLY1boTtbRM_id01248_wavtolip.mp4,FakeVideo-FakeAudio\Caucasian (American)\women\id00100\00028_id00272_VLY1boTtbRM_id01248_wavtolip.mp4,FakeVideo-FakeAudio,1,fake,Caucasian (American),women,id00100,00028_id00272_VLY1boTtbRM_id01248_wavtolip.mp4,train
D:\SyncGuard\data\raw\FakeAVCeleb_v1.2\FakeAVCeleb_v1.2\FakeVideo-FakeAudio\Caucasian (American)\men\id00775\00092_id00049_S_EHTUF-mQY_faceswap_id00529_wavtolip.mp4,FakeVideo-FakeAudio\Caucasian (American)\men\id00775\00092_id00049_S_EHTUF-mQY_faceswap_id00529_wavtolip.mp4,FakeVideo-FakeAudio,1,fake,Caucasian (American),men,id00775,00092_id00049_S_EHTUF-mQY_faceswap_id00529_wavtolip.mp4,train
D:\SyncGuard\data\raw\FakeAVCeleb_v1.2\FakeAVCeleb_v1.2\RealVideo-RealAudio\Caucasian (European)\men\id00282\00268.mp4,RealVideo-RealAudio\Caucasian (European)\men\id00282\00268.mp4,RealVideo-RealAudio,0,real,Caucasian (European),men,id00282,00268.mp4,train
D:\SyncGuard\data\raw\FakeAVCeleb_v1.2\FakeAVCeleb_v1.2\FakeVideo-RealAudio\Caucasian (American)\men\id01182\00167_id01192_wavtolip.mp4,FakeVideo-RealAudio\Caucasian (American)\men\id01182\00167_id01192_wavtolip.mp4,FakeVideo-RealAudio,1,fake,Caucasian (American),men,id01182,00167_id01192_wavtolip.mp4,test
D:\SyncGuard\data\raw\FakeAVCeleb_v1.2\FakeAVCeleb_v1.2\RealVideo-RealAudio\African\women\id00220\00027.mp4,RealVideo-RealAudio\African\women\id00220\00027.mp4,RealVideo-RealAudio,0,real,African,women,id00220,00027.mp4,train
D:\SyncGuard\data\raw\FakeAVCeleb_v1.2\FakeAVCeleb_v1.2\RealVideo-FakeAudio\Caucasian (American)\men\id01096\00037_fake.mp4,RealVideo-FakeAudio\Caucasian (American)\men\id01096\00037_fake.mp4,RealVideo-FakeAudio,1,fake,Caucasian (American),men,id01096,00037_fake.mp4,train
D:\SyncGuard\data\raw\FakeAVCeleb_v1.2\FakeAVCeleb_v1.2\FakeVideo-RealAudio\Caucasian (American)\men\id00021\00010_id00169_wavtolip.mp4,FakeVideo-RealAudio\Caucasian (American)\men\id00021\00010_id00169_wavtolip.mp4,FakeVideo-RealAudio,1,fake,Caucasian (American),men,id00021,00010_id00169_wavtolip.mp4,train
D:\SyncGuard\data\raw\FakeAVCeleb_v1.2\FakeAVCeleb_v1.2\RealVideo-RealAudio\Caucasian (American)\men\id03525\00048.mp4,RealVideo-RealAudio\Caucasian (American)\men\id03525\00048.mp4,RealVideo-RealAudio,0,real,Caucasian (American),men,id03525,00048.mp4,test
D:\SyncGuard\data\raw\FakeAVCeleb_v1.2\FakeAVCeleb_v1.2\FakeVideo-RealAudio\Caucasian (European)\men\id00554\00028_id01157_yDgqfOWVKko.mp4,FakeVideo-RealAudio\Caucasian (European)\men\id00554\00028_id01157_yDgqfOWVKko.mp4,FakeVideo-RealAudio,1,fake,Caucasian (European),men,id00554,00028_id01157_yDgqfOWVKko.mp4,test
D:\SyncGuard\data\raw\FakeAVCeleb_v1.2\FakeAVCeleb_v1.2\FakeVideo-FakeAudio\Asian (South)\women\id06438\00110_id06437_3BZvvzBhj8s_faceswap_id02619_wavtolip.mp4,FakeVideo-FakeAudio\Asian (South)\women\id06438\00110_id06437_3BZvvzBhj8s_faceswap_id02619_wavtolip.mp4,FakeVideo-FakeAudio,1,fake,Asian (South),women,id06438,00110_id06437_3BZvvzBhj8s_faceswap_id02619_wavtolip.mp4,train
D:\SyncGuard\data\raw\FakeAVCeleb_v1.2\FakeAVCeleb_v1.2\FakeVideo-RealAudio\Asian (East)\women\id08139\00067_id08819_wavtolip.mp4,FakeVideo-RealAudio\Asian (East)\women\id08139\00067_id08819_wavtolip.mp4,FakeVideo-RealAudio,1,fake,Asian (East),women,id08139,00067_id08819_wavtolip.mp4,train
D:\SyncGuard\data\raw\FakeAVCeleb_v1.2\FakeAVCeleb_v1.2\FakeVideo-FakeAudio\African\men\id01179\00160_id02005_7_Egh9mW5y4_faceswap_id02316_wavtolip.mp4,FakeVideo-FakeAudio\African\men\id01179\00160_id02005_7_Egh9mW5y4_faceswap_id02316_wavtolip.mp4,FakeVideo-FakeAudio,1,fake,African,men,id01179,00160_id02005_7_Egh9mW5y4_faceswap_id02316_wavtolip.mp4,train
D:\SyncGuard\data\raw\FakeAVCeleb_v1.2\FakeAVCeleb_v1.2\FakeVideo-RealAudio\African\men\id01036\00010_id00987_wavtolip.mp4,FakeVideo-RealAudio\African\men\id01036\00010_id00987_wavtolip.mp4,FakeVideo-RealAudio,1,fake,African,men,id01036,00010_id00987_wavtolip.mp4,train
D:\SyncGuard\data\raw\FakeAVCeleb_v1.2\FakeAVCeleb_v1.2\FakeVideo-RealAudio\Asian (East)\men\id05332\00065_id02332_wavtolip.mp4,FakeVideo-RealAudio\Asian (East)\men\id05332\00065_id02332_wavtolip.mp4,FakeVideo-RealAudio,1,fake,Asian (East),men,id05332,00065_id02332_wavtolip.mp4,train
D:\SyncGuard\data\raw\FakeAVCeleb_v1.2\FakeAVCeleb_v1.2\RealVideo-RealAudio\Asian (South)\men\id06753\00021.mp4,RealVideo-RealAudio\Asian (South)\men\id06753\00021.mp4,RealVideo-RealAudio,0,real,Asian (South),men,id06753,00021.mp4,train
D:\SyncGuard\data\raw\FakeAVCeleb_v1.2\FakeAVCeleb_v1.2\RealVideo-RealAudio\African\men\id01179\00160.mp4,RealVideo-RealAudio\African\men\id01179\00160.mp4,RealVideo-RealAudio,0,real,African,men,id01179,00160.mp4,train
D:\SyncGuard\data\raw\FakeAVCeleb_v1.2\FakeAVCeleb_v1.2\FakeVideo-RealAudio\Caucasian (American)\men\id00243\00037_id00029_wavtolip.mp4,FakeVideo-RealAudio\Caucasian (American)\men\id00243\00037_id00029_wavtolip.mp4,FakeVideo-RealAudio,1,fake,Caucasian (American),men,id00243,00037_id00029_wavtolip.mp4,train
D:\SyncGuard\data\raw\FakeAVCeleb_v1.2\FakeAVCeleb_v1.2\FakeVideo-FakeAudio\Asian (South)\women\id00417\00069_id00739_CT-6UmfLiU0_faceswap_id04564_wavtolip.mp4,FakeVideo-FakeAudio\Asian (South)\women\id00417\00069_id00739_CT-6UmfLiU0_faceswap_id04564_wavtolip.mp4,FakeVideo-FakeAudio,1,fake,Asian (South),women,id00417,00069_id00739_CT-6UmfLiU0_faceswap_id04564_wavtolip.mp4,test
D:\SyncGuard\data\raw\FakeAVCeleb_v1.2\FakeAVCeleb_v1.2\RealVideo-FakeAudio\Caucasian (European)\men\id01052\00076_fake.mp4,RealVideo-FakeAudio\Caucasian (European)\men\id01052\00076_fake.mp4,RealVideo-FakeAudio,1,fake,Caucasian (European),men,id01052,00076_fake.mp4,train
D:\SyncGuard\data\raw\FakeAVCeleb_v1.2\FakeAVCeleb_v1.2\FakeVideo-RealAudio\Asian (East)\women\id01281\00040_id09171_B-JRLp6chC0.mp4,FakeVideo-RealAudio\Asian (East)\women\id01281\00040_id09171_B-JRLp6chC0.mp4,FakeVideo-RealAudio,1,fake,Asian (East),women,id01281,00040_id09171_B-JRLp6chC0.mp4,test
D:\SyncGuard\data\raw\FakeAVCeleb_v1.2\FakeAVCeleb_v1.2\RealVideo-RealAudio\Asian (South)\women\id03897\00021.mp4,RealVideo-RealAudio\Asian (South)\women\id03897\00021.mp4,RealVideo-RealAudio,0,real,Asian (South),women,id03897,00021.mp4,train
D:\SyncGuard\data\raw\FakeAVCeleb_v1.2\FakeAVCeleb_v1.2\FakeVideo-RealAudio\Asian (South)\women\id04530\00231_id07236_Fe0sdHw3sc4.mp4,FakeVideo-RealAudio\Asian (South)\women\id04530\00231_id07236_Fe0sdHw3sc4.mp4,FakeVideo-RealAudio,1,fake,Asian (South),women,id04530,00231_id07236_Fe0sdHw3sc4.mp4,train
D:\SyncGuard\data\raw\FakeAVCeleb_v1.2\FakeAVCeleb_v1.2\FakeVideo-FakeAudio\Caucasian (European)\women\id00826\00065_id00325_wavtolip.mp4,FakeVideo-FakeAudio\Caucasian (European)\women\id00826\00065_id00325_wavtolip.mp4,FakeVideo-FakeAudio,1,fake,Caucasian (European),women,id00826,00065_id00325_wavtolip.mp4,train
D:\SyncGuard\data\raw\FakeAVCeleb_v1.2\FakeAVCeleb_v1.2\FakeVideo-FakeAudio\Asian (East)\men\id03168\03168_0_id03168_wavtolip.mp4,FakeVideo-FakeAudio\Asian (East)\men\id03168\03168_0_id03168_wavtolip.mp4,FakeVideo-FakeAudio,1,fake,Asian (East),men,id03168,03168_0_id03168_wavtolip.mp4,test
D:\SyncGuard\data\raw\FakeAVCeleb_v1.2\FakeAVCeleb_v1.2\RealVideo-RealAudio\Asian (East)\women\id02807\00032.mp4,RealVideo-RealAudio\Asian (East)\women\id02807\00032.mp4,RealVideo-RealAudio,0,real,Asian (East),women,id02807,00032.mp4,train
D:\SyncGuard\data\raw\FakeAVCeleb_v1.2\FakeAVCeleb_v1.2\FakeVideo-RealAudio\Asian (South)\men\id06334\00015_id07210_wavtolip.mp4,FakeVideo-RealAudio\Asian (South)\men\id06334\00015_id07210_wavtolip.mp4,FakeVideo-RealAudio,1,fake,Asian (South),men,id06334,00015_id07210_wavtolip.mp4,train
D:\SyncGuard\data\raw\FakeAVCeleb_v1.2\FakeAVCeleb_v1.2\FakeVideo-RealAudio\Caucasian (American)\women\id02466\00136_id00841_wavtolip.mp4,FakeVideo-RealAudio\Caucasian (American)\women\id02466\00136_id00841_wavtolip.mp4,FakeVideo-RealAudio,1,fake,Caucasian (American),women,id02466,00136_id00841_wavtolip.mp4,train
D:\SyncGuard\data\raw\FakeAVCeleb_v1.2\FakeAVCeleb_v1.2\RealVideo-RealAudio\African\women\id00460\00005.mp4,RealVideo-RealAudio\African\women\id00460\00005.mp4,RealVideo-RealAudio,0,real,African,women,id00460,00005.mp4,train
D:\SyncGuard\data\raw\FakeAVCeleb_v1.2\FakeAVCeleb_v1.2\FakeVideo-FakeAudio\Asian (East)\men\id00126\00173_id04884_eq_wk7h1Gzo_faceswap_id00863_wavtolip.mp4,FakeVideo-FakeAudio\Asian (East)\men\id00126\00173_id04884_eq_wk7h1Gzo_faceswap_id00863_wavtolip.mp4,FakeVideo-FakeAudio,1,fake,Asian (East),men,id00126,00173_id04884_eq_wk7h1Gzo_faceswap_id00863_wavtolip.mp4,train
D:\SyncGuard\data\raw\FakeAVCeleb_v1.2\FakeAVCeleb_v1.2\FakeVideo-RealAudio\Asian (East)\men\id05479\05479_id06467_wavtolip.mp4,FakeVideo-RealAudio\Asian (East)\men\id05479\05479_id06467_wavtolip.mp4,FakeVideo-RealAudio,1,fake,Asian (East),men,id05479,05479_id06467_wavtolip.mp4,train
D:\SyncGuard\data\raw\FakeAVCeleb_v1.2\FakeAVCeleb_v1.2\RealVideo-RealAudio\Caucasian (European)\men\id00225\00078.mp4,RealVideo-RealAudio\Caucasian (European)\men\id00225\00078.mp4,RealVideo-RealAudio,0,real,Caucasian (European),men,id00225,00078.mp4,validation
D:\SyncGuard\data\raw\FakeAVCeleb_v1.2\FakeAVCeleb_v1.2\RealVideo-RealAudio\Asian (East)\men\id00863\00069.mp4,RealVideo-RealAudio\Asian (East)\men\id00863\00069.mp4,RealVideo-RealAudio,0,real,Asian (East),men,id00863,00069.mp4,test
D:\SyncGuard\data\raw\FakeAVCeleb_v1.2\FakeAVCeleb_v1.2\FakeVideo-RealAudio\Caucasian (American)\men\id00062\00278_id00088_wavtolip.mp4,FakeVideo-RealAudio\Caucasian (American)\men\id00062\00278_id00088_wavtolip.mp4,FakeVideo-RealAudio,1,fake,Caucasian (American),men,id00062,00278_id00088_wavtolip.mp4,train
D:\SyncGuard\data\raw\FakeAVCeleb_v1.2\FakeAVCeleb_v1.2\FakeVideo-FakeAudio\African\women\id02071\00195_id00359_RZMQan-7me4_id00707_wavtolip.mp4,FakeVideo-FakeAudio\African\women\id02071\00195_id00359_RZMQan-7me4_id00707_wavtolip.mp4,FakeVideo-FakeAudio,1,fake,African,women,id02071,00195_id00359_RZMQan-7me4_id00707_wavtolip.mp4,test
D:\SyncGuard\data\raw\FakeAVCeleb_v1.2\FakeAVCeleb_v1.2\RealVideo-FakeAudio\Caucasian (American)\women\id01223\00255_fake.mp4,RealVideo-FakeAudio\Caucasian (American)\women\id01223\00255_fake.mp4,RealVideo-FakeAudio,1,fake,Caucasian (American),women,id01223,00255_fake.mp4,train
D:\SyncGuard\data\raw\FakeAVCeleb_v1.2\FakeAVCeleb_v1.2\RealVideo-FakeAudio\Asian (South)\women\id06268\00159_fake.mp4,RealVideo-FakeAudio\Asian (South)\women\id06268\00159_fake.mp4,RealVideo-FakeAudio,1,fake,Asian (South),women,id06268,00159_fake.mp4,validation
D:\SyncGuard\data\raw\FakeAVCeleb_v1.2\FakeAVCeleb_v1.2\FakeVideo-FakeAudio\Caucasian (American)\women\id00097\00162_id00097_wavtolip.mp4,FakeVideo-FakeAudio\Caucasian (American)\women\id00097\00162_id00097_wavtolip.mp4,FakeVideo-FakeAudio,1,fake,Caucasian (American),women,id00097,00162_id00097_wavtolip.mp4,validation
D:\SyncGuard\data\raw\FakeAVCeleb_v1.2\FakeAVCeleb_v1.2\FakeVideo-FakeAudio\African\women\id03747\00273_id02808_wavtolip.mp4,FakeVideo-FakeAudio\African\women\id03747\00273_id02808_wavtolip.mp4,FakeVideo-FakeAudio,1,fake,African,women,id03747,00273_id02808_wavtolip.mp4,train
D:\SyncGuard\data\raw\FakeAVCeleb_v1.2\FakeAVCeleb_v1.2\FakeVideo-FakeAudio\Asian (South)\women\id06445\00150_id05435_wavtolip.mp4,FakeVideo-FakeAudio\Asian (South)\women\id06445\00150_id05435_wavtolip.mp4,FakeVideo-FakeAudio,1,fake,Asian (South),women,id06445,00150_id05435_wavtolip.mp4,train
D:\SyncGuard\data\raw\FakeAVCeleb_v1.2\FakeAVCeleb_v1.2\RealVideo-FakeAudio\Caucasian (European)\women\id00068\00004_fake.mp4,RealVideo-FakeAudio\Caucasian (European)\women\id00068\00004_fake.mp4,RealVideo-FakeAudio,1,fake,Caucasian (European),women,id00068,00004_fake.mp4,train
D:\SyncGuard\data\raw\FakeAVCeleb_v1.2\FakeAVCeleb_v1.2\RealVideo-FakeAudio\Caucasian (American)\women\id00752\00340_fake.mp4,RealVideo-FakeAudio\Caucasian (American)\women\id00752\00340_fake.mp4,RealVideo-FakeAudio,1,fake,Caucasian (American),women,id00752,00340_fake.mp4,test
D:\SyncGuard\data\raw\FakeAVCeleb_v1.2\FakeAVCeleb_v1.2\RealVideo-RealAudio\Caucasian (American)\women\id01004\00028.mp4,RealVideo-RealAudio\Caucasian (American)\women\id01004\00028.mp4,RealVideo-RealAudio,0,real,Caucasian (American),women,id01004,00028.mp4,train
D:\SyncGuard\data\raw\FakeAVCeleb_v1.2\FakeAVCeleb_v1.2\FakeVideo-RealAudio\Asian (East)\men\id06776\00021_id04111_wavtolip.mp4,FakeVideo-RealAudio\Asian (East)\men\id06776\00021_id04111_wavtolip.mp4,FakeVideo-RealAudio,1,fake,Asian (East),men,id06776,00021_id04111_wavtolip.mp4,train
D:\SyncGuard\data\raw\FakeAVCeleb_v1.2\FakeAVCeleb_v1.2\RealVideo-RealAudio\Caucasian (European)\women\id00496\00015.mp4,RealVideo-RealAudio\Caucasian (European)\women\id00496\00015.mp4,RealVideo-RealAudio,0,real,Caucasian (European),women,id00496,00015.mp4,train
D:\SyncGuard\data\raw\FakeAVCeleb_v1.2\FakeAVCeleb_v1.2\RealVideo-RealAudio\Asian (East)\women\id03211\00032.mp4,RealVideo-RealAudio\Asian (East)\women\id03211\00032.mp4,RealVideo-RealAudio,0,real,Asian (East),women,id03211,00032.mp4,train
D:\SyncGuard\data\raw\FakeAVCeleb_v1.2\FakeAVCeleb_v1.2\FakeVideo-RealAudio\Asian (South)\women\id05920\00161_id06437_wavtolip.mp4,FakeVideo-RealAudio\Asian (South)\women\id05920\00161_id06437_wavtolip.mp4,FakeVideo-RealAudio,1,fake,Asian (South),women,id05920,00161_id06437_wavtolip.mp4,train
D:\SyncGuard\data\raw\FakeAVCeleb_v1.2\FakeAVCeleb_v1.2\FakeVideo-RealAudio\African\women\id00568\00384_id02071_wavtolip.mp4,FakeVideo-RealAudio\African\women\id00568\00384_id02071_wavtolip.mp4,FakeVideo-RealAudio,1,fake,African,women,id00568,00384_id02071_wavtolip.mp4,train
D:\SyncGuard\data\raw\FakeAVCeleb_v1.2\FakeAVCeleb_v1.2\FakeVideo-FakeAudio\Asian (East)\women\id09116\00026_id02587_wavtolip.mp4,FakeVideo-FakeAudio\Asian (East)\women\id09116\00026_id02587_wavtolip.mp4,FakeVideo-FakeAudio,1,fake,Asian (East),women,id09116,00026_id02587_wavtolip.mp4,test
D:\SyncGuard\data\raw\FakeAVCeleb_v1.2\FakeAVCeleb_v1.2\FakeVideo-RealAudio\Caucasian (American)\men\id03668\00143_id03678_dsfCxodI9i8.mp4,FakeVideo-RealAudio\Caucasian (American)\men\id03668\00143_id03678_dsfCxodI9i8.mp4,FakeVideo-RealAudio,1,fake,Caucasian (American),men,id03668,00143_id03678_dsfCxodI9i8.mp4,train
D:\SyncGuard\data\raw\FakeAVCeleb_v1.2\FakeAVCeleb_v1.2\RealVideo-RealAudio\Caucasian (American)\men\id00049\00118.mp4,RealVideo-RealAudio\Caucasian (American)\men\id00049\00118.mp4,RealVideo-RealAudio,0,real,Caucasian (American),men,id00049,00118.mp4,train
D:\SyncGuard\data\raw\FakeAVCeleb_v1.2\FakeAVCeleb_v1.2\FakeVideo-FakeAudio\Caucasian (European)\women\id00813\00169_id00234_wavtolip.mp4,FakeVideo-FakeAudio\Caucasian (European)\women\id00813\00169_id00234_wavtolip.mp4,FakeVideo-FakeAudio,1,fake,Caucasian (European),women,id00813,00169_id00234_wavtolip.mp4,train
D:\SyncGuard\data\raw\FakeAVCeleb_v1.2\FakeAVCeleb_v1.2\FakeVideo-FakeAudio\Caucasian (American)\men\id01042\00154_id00052_wavtolip.mp4,FakeVideo-FakeAudio\Caucasian (American)\men\id01042\00154_id00052_wavtolip.mp4,FakeVideo-FakeAudio,1,fake,Caucasian (American),men,id01042,00154_id00052_wavtolip.mp4,train
D:\SyncGuard\data\raw\FakeAVCeleb_v1.2\FakeAVCeleb_v1.2\RealVideo-RealAudio\Asian (East)\men\id06467\00010.mp4,RealVideo-RealAudio\Asian (East)\men\id06467\00010.mp4,RealVideo-RealAudio,0,real,Asian (East),men,id06467,00010.mp4,train
D:\SyncGuard\data\raw\FakeAVCeleb_v1.2\FakeAVCeleb_v1.2\RealVideo-FakeAudio\African\women\id01783\00015_fake.mp4,RealVideo-FakeAudio\African\women\id01783\00015_fake.mp4,RealVideo-FakeAudio,1,fake,African,women,id01783,00015_fake.mp4,train
D:\SyncGuard\data\raw\FakeAVCeleb_v1.2\FakeAVCeleb_v1.2\FakeVideo-RealAudio\Asian (South)\men\id04928\00027_id00414_wavtolip.mp4,FakeVideo-RealAudio\Asian (South)\men\id04928\00027_id00414_wavtolip.mp4,FakeVideo-RealAudio,1,fake,Asian (South),men,id04928,00027_id00414_wavtolip.mp4,train
D:\SyncGuard\data\raw\FakeAVCeleb_v1.2\FakeAVCeleb_v1.2\RealVideo-FakeAudio\Asian (South)\men\id00414\00052_fake.mp4,RealVideo-FakeAudio\Asian (South)\men\id00414\00052_fake.mp4,RealVideo-FakeAudio,1,fake,Asian (South),men,id00414,00052_fake.mp4,train
D:\SyncGuard\data\raw\FakeAVCeleb_v1.2\FakeAVCeleb_v1.2\RealVideo-FakeAudio\Caucasian (American)\women\id01227\00052_fake.mp4,RealVideo-FakeAudio\Caucasian (American)\women\id01227\00052_fake.mp4,RealVideo-FakeAudio,1,fake,Caucasian (American),women,id01227,00052_fake.mp4,validation
D:\SyncGuard\data\raw\FakeAVCeleb_v1.2\FakeAVCeleb_v1.2\FakeVideo-RealAudio\Caucasian (American)\men\id04073\00021_id00179_Ux9OYyipQi8.mp4,FakeVideo-RealAudio\Caucasian (American)\men\id04073\00021_id00179_Ux9OYyipQi8.mp4,FakeVideo-RealAudio,1,fake,Caucasian (American),men,id04073,00021_id00179_Ux9OYyipQi8.mp4,validation
D:\SyncGuard\data\raw\FakeAVCeleb_v1.2\FakeAVCeleb_v1.2\RealVideo-RealAudio\African\women\id03747\00273.mp4,RealVideo-RealAudio\African\women\id03747\00273.mp4,RealVideo-RealAudio,0,real,African,women,id03747,00273.mp4,train
D:\SyncGuard\data\raw\FakeAVCeleb_v1.2\FakeAVCeleb_v1.2\FakeVideo-RealAudio\Asian (South)\women\id06438\00110_id06437_3BZvvzBhj8s.mp4,FakeVideo-RealAudio\Asian (South)\women\id06438\00110_id06437_3BZvvzBhj8s.mp4,FakeVideo-RealAudio,1,fake,Asian (South),women,id06438,00110_id06437_3BZvvzBhj8s.mp4,train
D:\SyncGuard\data\raw\FakeAVCeleb_v1.2\FakeAVCeleb_v1.2\RealVideo-FakeAudio\African\women\id03747\00273_fake.mp4,RealVideo-FakeAudio\African\women\id03747\00273_fake.mp4,RealVideo-FakeAudio,1,fake,African,women,id03747,00273_fake.mp4,train
D:\SyncGuard\data\raw\FakeAVCeleb_v1.2\FakeAVCeleb_v1.2\RealVideo-FakeAudio\Asian (East)\women\id04057\00015_fake.mp4,RealVideo-FakeAudio\Asian (East)\women\id04057\00015_fake.mp4,RealVideo-FakeAudio,1,fake,Asian (East),women,id04057,00015_fake.mp4,train
D:\SyncGuard\data\raw\FakeAVCeleb_v1.2\FakeAVCeleb_v1.2\RealVideo-FakeAudio\Caucasian (American)\men\id00243\00037_fake.mp4,RealVideo-FakeAudio\Caucasian (American)\men\id00243\00037_fake.mp4,RealVideo-FakeAudio,1,fake,Caucasian (American),men,id00243,00037_fake.mp4,train
D:\SyncGuard\data\raw\FakeAVCeleb_v1.2\FakeAVCeleb_v1.2\RealVideo-RealAudio\African\women\id05980\00143.mp4,RealVideo-RealAudio\African\women\id05980\00143.mp4,RealVideo-RealAudio,0,real,African,women,id05980,00143.mp4,train
D:\SyncGuard\data\raw\FakeAVCeleb_v1.2\FakeAVCeleb_v1.2\FakeVideo-RealAudio\Caucasian (European)\men\id02567\00040_id00535_BhvTIJ-YG5s.mp4,FakeVideo-RealAudio\Caucasian (European)\men\id02567\00040_id00535_BhvTIJ-YG5s.mp4,FakeVideo-RealAudio,1,fake,Caucasian (European),men,id02567,00040_id00535_BhvTIJ-YG5s.mp4,train
D:\SyncGuard\data\raw\FakeAVCeleb_v1.2\FakeAVCeleb_v1.2\FakeVideo-FakeAudio\Asian (South)\women\id03897\00021_id06254_wavtolip.mp4,FakeVideo-FakeAudio\Asian (South)\women\id03897\00021_id06254_wavtolip.mp4,FakeVideo-FakeAudio,1,fake,Asian (South),women,id03897,00021_id06254_wavtolip.mp4,train
D:\SyncGuard\data\raw\FakeAVCeleb_v1.2\FakeAVCeleb_v1.2\FakeVideo-FakeAudio\Caucasian (American)\men\id00020\00206_id01210_wavtolip.mp4,FakeVideo-FakeAudio\Caucasian (American)\men\id00020\00206_id01210_wavtolip.mp4,FakeVideo-FakeAudio,1,fake,Caucasian (American),men,id00020,00206_id01210_wavtolip.mp4,validation
D:\SyncGuard\data\raw\FakeAVCeleb_v1.2\FakeAVCeleb_v1.2\RealVideo-FakeAudio\Caucasian (American)\women\id03556\00043_fake.mp4,RealVideo-FakeAudio\Caucasian (American)\women\id03556\00043_fake.mp4,RealVideo-FakeAudio,1,fake,Caucasian (American),women,id03556,00043_fake.mp4,train
D:\SyncGuard\data\raw\FakeAVCeleb_v1.2\FakeAVCeleb_v1.2\RealVideo-FakeAudio\Caucasian (European)\men\id00171\00092_fake.mp4,RealVideo-FakeAudio\Caucasian (European)\men\id00171\00092_fake.mp4,RealVideo-FakeAudio,1,fake,Caucasian (European),men,id00171,00092_fake.mp4,validation
D:\SyncGuard\data\raw\FakeAVCeleb_v1.2\FakeAVCeleb_v1.2\RealVideo-RealAudio\Caucasian (European)\men\id00185\00015.mp4,RealVideo-RealAudio\Caucasian (European)\men\id00185\00015.mp4,RealVideo-RealAudio,0,real,Caucasian (European),men,id00185,00015.mp4,train
D:\SyncGuard\data\raw\FakeAVCeleb_v1.2\FakeAVCeleb_v1.2\FakeVideo-FakeAudio\African\men\id01530\00002_id00076_wavtolip.mp4,FakeVideo-FakeAudio\African\men\id01530\00002_id00076_wavtolip.mp4,FakeVideo-FakeAudio,1,fake,African,men,id01530,00002_id00076_wavtolip.mp4,validation
D:\SyncGuard\data\raw\FakeAVCeleb_v1.2\FakeAVCeleb_v1.2\FakeVideo-FakeAudio\Caucasian (European)\men\id00415\00017_id00559_Y7ovoKuvL78_id00055_wavtolip.mp4,FakeVideo-FakeAudio\Caucasian (European)\men\id00415\00017_id00559_Y7ovoKuvL78_id00055_wavtolip.mp4,FakeVideo-FakeAudio,1,fake,Caucasian (European),men,id00415,00017_id00559_Y7ovoKuvL78_id00055_wavtolip.mp4,train
D:\SyncGuard\data\raw\FakeAVCeleb_v1.2\FakeAVCeleb_v1.2\FakeVideo-FakeAudio\Caucasian (American)\women\id00848\00028_id00618__TwV2SmUIlY_id00381_wavtolip.mp4,FakeVideo-FakeAudio\Caucasian (American)\women\id00848\00028_id00618__TwV2SmUIlY_id00381_wavtolip.mp4,FakeVideo-FakeAudio,1,fake,Caucasian (American),women,id00848,00028_id00618__TwV2SmUIlY_id00381_wavtolip.mp4,train
D:\SyncGuard\data\raw\FakeAVCeleb_v1.2\FakeAVCeleb_v1.2\FakeVideo-FakeAudio\Asian (East)\women\id00579\00030_id06443__jnYg_I0Zpc_id06462_wavtolip.mp4,FakeVideo-FakeAudio\Asian (East)\women\id00579\00030_id06443__jnYg_I0Zpc_id06462_wavtolip.mp4,FakeVideo-FakeAudio,1,fake,Asian (East),women,id00579,00030_id06443__jnYg_I0Zpc_id06462_wavtolip.mp4,train
D:\SyncGuard\data\raw\FakeAVCeleb_v1.2\FakeAVCeleb_v1.2\FakeVideo-RealAudio\Caucasian (European)\women\id00365\00078_id03858_uKVqPfRf-ac.mp4,FakeVideo-RealAudio\Caucasian (European)\women\id00365\00078_id03858_uKVqPfRf-ac.mp4,FakeVideo-RealAudio,1,fake,Caucasian (European),women,id00365,00078_id03858_uKVqPfRf-ac.mp4,train
D:\SyncGuard\data\raw\FakeAVCeleb_v1.2\FakeAVCeleb_v1.2\RealVideo-FakeAudio\Caucasian (European)\men\id01058\00005_fake.mp4,RealVideo-FakeAudio\Caucasian (European)\men\id01058\00005_fake.mp4,RealVideo-FakeAudio,1,fake,Caucasian (European),men,id01058,00005_fake.mp4,validation
D:\SyncGuard\data\raw\FakeAVCeleb_v1.2\FakeAVCeleb_v1.2\RealVideo-RealAudio\African\women\id04437\00002.mp4,RealVideo-RealAudio\African\women\id04437\00002.mp4,RealVideo-RealAudio,0,real,African,women,id04437,00002.mp4,test
D:\SyncGuard\data\raw\FakeAVCeleb_v1.2\FakeAVCeleb_v1.2\RealVideo-FakeAudio\Asian (East)\women\id09116\00026_fake.mp4,RealVideo-FakeAudio\Asian (East)\women\id09116\00026_fake.mp4,RealVideo-FakeAudio,1,fake,Asian (East),women,id09116,00026_fake.mp4,test
D:\SyncGuard\data\raw\FakeAVCeleb_v1.2\FakeAVCeleb_v1.2\RealVideo-RealAudio\Caucasian (American)\men\id00775\00092.mp4,RealVideo-RealAudio\Caucasian (American)\men\id00775\00092.mp4,RealVideo-RealAudio,0,real,Caucasian (American),men,id00775,00092.mp4,train
D:\SyncGuard\data\raw\FakeAVCeleb_v1.2\FakeAVCeleb_v1.2\FakeVideo-FakeAudio\Asian (East)\women\id00935\00005_id00579_yc8eTBM4N3c_id05576_wavtolip.mp4,FakeVideo-FakeAudio\Asian (East)\women\id00935\00005_id00579_yc8eTBM4N3c_id05576_wavtolip.mp4,FakeVideo-FakeAudio,1,fake,Asian (East),women,id00935,00005_id00579_yc8eTBM4N3c_id05576_wavtolip.mp4,train
D:\SyncGuard\data\raw\FakeAVCeleb_v1.2\FakeAVCeleb_v1.2\RealVideo-FakeAudio\African\women\id02508\00083_fake.mp4,RealVideo-FakeAudio\African\women\id02508\00083_fake.mp4,RealVideo-FakeAudio,1,fake,African,women,id02508,00083_fake.mp4,test
D:\SyncGuard\data\raw\FakeAVCeleb_v1.2\FakeAVCeleb_v1.2\RealVideo-FakeAudio\Caucasian (American)\women\id00098\00004_fake.mp4,RealVideo-FakeAudio\Caucasian (American)\women\id00098\00004_fake.mp4,RealVideo-FakeAudio,1,fake,Caucasian (American),women,id00098,00004_fake.mp4,validation
D:\SyncGuard\data\raw\FakeAVCeleb_v1.2\FakeAVCeleb_v1.2\RealVideo-FakeAudio\Caucasian (American)\women\id00383\00171_fake.mp4,RealVideo-FakeAudio\Caucasian (American)\women\id00383\00171_fake.mp4,RealVideo-FakeAudio,1,fake,Caucasian (American),women,id00383,00171_fake.mp4,train
D:\SyncGuard\data\raw\FakeAVCeleb_v1.2\FakeAVCeleb_v1.2\RealVideo-RealAudio\Asian (East)\women\id08139\00067.mp4,RealVideo-RealAudio\Asian (East)\women\id08139\00067.mp4,RealVideo-RealAudio,0,real,Asian (East),women,id08139,00067.mp4,train
D:\SyncGuard\data\raw\FakeAVCeleb_v1.2\FakeAVCeleb_v1.2\RealVideo-FakeAudio\Asian (East)\men\id02561\02561_fake.mp4,RealVideo-FakeAudio\Asian (East)\men\id02561\02561_fake.mp4,RealVideo-FakeAudio,1,fake,Asian (East),men,id02561,02561_fake.mp4,train
D:\SyncGuard\data\raw\FakeAVCeleb_v1.2\FakeAVCeleb_v1.2\FakeVideo-RealAudio\Caucasian (American)\women\id01227\00052_id00680_wavtolip.mp4,FakeVideo-RealAudio\Caucasian (American)\women\id01227\00052_id00680_wavtolip.mp4,FakeVideo-RealAudio,1,fake,Caucasian (American),women,id01227,00052_id00680_wavtolip.mp4,validation
D:\SyncGuard\data\raw\FakeAVCeleb_v1.2\FakeAVCeleb_v1.2\RealVideo-RealAudio\Asian (South)\men\id07200\00045.mp4,RealVideo-RealAudio\Asian (South)\men\id07200\00045.mp4,RealVideo-RealAudio,0,real,Asian (South),men,id07200,00045.mp4,train
D:\SyncGuard\data\raw\FakeAVCeleb_v1.2\FakeAVCeleb_v1.2\FakeVideo-RealAudio\Asian (South)\men\id00032\00028_id07161_wavtolip.mp4,FakeVideo-RealAudio\Asian (South)\men\id00032\00028_id07161_wavtolip.mp4,FakeVideo-RealAudio,1,fake,Asian (South),men,id00032,00028_id07161_wavtolip.mp4,train
D:\SyncGuard\data\raw\FakeAVCeleb_v1.2\FakeAVCeleb_v1.2\FakeVideo-FakeAudio\Asian (South)\women\id04927\00013_id05931_bFqu86NV3hk_id00043_wavtolip.mp4,FakeVideo-FakeAudio\Asian (South)\women\id04927\00013_id05931_bFqu86NV3hk_id00043_wavtolip.mp4,FakeVideo-FakeAudio,1,fake,Asian (South),women,id04927,00013_id05931_bFqu86NV3hk_id00043_wavtolip.mp4,train
D:\SyncGuard\data\raw\FakeAVCeleb_v1.2\FakeAVCeleb_v1.2\RealVideo-FakeAudio\African\men\id01036\00010_fake.mp4,RealVideo-FakeAudio\African\men\id01036\00010_fake.mp4,RealVideo-FakeAudio,1,fake,African,men,id01036,00010_fake.mp4,train
D:\SyncGuard\data\raw\FakeAVCeleb_v1.2\FakeAVCeleb_v1.2\RealVideo-RealAudio\Caucasian (American)\women\id00100\00028.mp4,RealVideo-RealAudio\Caucasian (American)\women\id00100\00028.mp4,RealVideo-RealAudio,0,real,Caucasian (American),women,id00100,00028.mp4,train
D:\SyncGuard\data\raw\FakeAVCeleb_v1.2\FakeAVCeleb_v1.2\RealVideo-RealAudio\Caucasian (American)\men\id04219\00130.mp4,RealVideo-RealAudio\Caucasian (American)\men\id04219\00130.mp4,RealVideo-RealAudio,0,real,Caucasian (American),men,id04219,00130.mp4,train
D:\SyncGuard\data\raw\FakeAVCeleb_v1.2\FakeAVCeleb_v1.2\FakeVideo-RealAudio\Asian (South)\men\id03599\00072_id00350_75IFJNFAMIM.mp4,FakeVideo-RealAudio\Asian (South)\men\id03599\00072_id00350_75IFJNFAMIM.mp4,FakeVideo-RealAudio,1,fake,Asian (South),men,id03599,00072_id00350_75IFJNFAMIM.mp4,train
D:\SyncGuard\data\raw\FakeAVCeleb_v1.2\FakeAVCeleb_v1.2\FakeVideo-RealAudio\Caucasian (American)\men\id00243\00037_id04034_8ZeJXbjFa_o.mp4,FakeVideo-RealAudio\Caucasian (American)\men\id00243\00037_id04034_8ZeJXbjFa_o.mp4,FakeVideo-RealAudio,1,fake,Caucasian (American),men,id00243,00037_id04034_8ZeJXbjFa_o.mp4,train
D:\SyncGuard\data\raw\FakeAVCeleb_v1.2\FakeAVCeleb_v1.2\FakeVideo-RealAudio\Caucasian (European)\women\id00897\00005_id00373_5NXv3Dxkd6E.mp4,FakeVideo-RealAudio\Caucasian (European)\women\id00897\00005_id00373_5NXv3Dxkd6E.mp4,FakeVideo-RealAudio,1,fake,Caucasian (European),women,id00897,00005_id00373_5NXv3Dxkd6E.mp4,train
D:\SyncGuard\data\raw\FakeAVCeleb_v1.2\FakeAVCeleb_v1.2\RealVideo-FakeAudio\Caucasian (American)\men\id00169\00021_fake.mp4,RealVideo-FakeAudio\Caucasian (American)\men\id00169\00021_fake.mp4,RealVideo-FakeAudio,1,fake,Caucasian (American),men,id00169,00021_fake.mp4,validation
D:\SyncGuard\data\raw\FakeAVCeleb_v1.2\FakeAVCeleb_v1.2\RealVideo-FakeAudio\Asian (East)\women\id06158\00015_fake.mp4,RealVideo-FakeAudio\Asian (East)\women\id06158\00015_fake.mp4,RealVideo-FakeAudio,1,fake,Asian (East),women,id06158,00015_fake.mp4,validation
D:\SyncGuard\data\raw\FakeAVCeleb_v1.2\FakeAVCeleb_v1.2\RealVideo-RealAudio\Caucasian (European)\women\id00484\00202.mp4,RealVideo-RealAudio\Caucasian (European)\women\id00484\00202.mp4,RealVideo-RealAudio,0,real,Caucasian (European),women,id00484,00202.mp4,train
D:\SyncGuard\data\raw\FakeAVCeleb_v1.2\FakeAVCeleb_v1.2\RealVideo-FakeAudio\Asian (South)\women\id06438\00110_fake.mp4,RealVideo-FakeAudio\Asian (South)\women\id06438\00110_fake.mp4,RealVideo-FakeAudio,1,fake,Asian (South),women,id06438,00110_fake.mp4,train
D:\SyncGuard\data\raw\FakeAVCeleb_v1.2\FakeAVCeleb_v1.2\FakeVideo-FakeAudio\Caucasian (American)\women\id00752\00340_id00428_wavtolip.mp4,FakeVideo-FakeAudio\Caucasian (American)\women\id00752\00340_id00428_wavtolip.mp4,FakeVideo-FakeAudio,1,fake,Caucasian (American),women,id00752,00340_id00428_wavtolip.mp4,test
D:\SyncGuard\data\raw\FakeAVCeleb_v1.2\FakeAVCeleb_v1.2\FakeVideo-RealAudio\African\women\id00829\00271_id00220_wavtolip.mp4,FakeVideo-RealAudio\African\women\id00829\00271_id00220_wavtolip.mp4,FakeVideo-RealAudio,1,fake,African,women,id00829,00271_id00220_wavtolip.mp4,validation
D:\SyncGuard\data\raw\FakeAVCeleb_v1.2\FakeAVCeleb_v1.2\RealVideo-FakeAudio\Asian (South)\men\id00685\00146_fake.mp4,RealVideo-FakeAudio\Asian (South)\men\id00685\00146_fake.mp4,RealVideo-FakeAudio,1,fake,Asian (South),men,id00685,00146_fake.mp4,test
D:\SyncGuard\data\raw\FakeAVCeleb_v1.2\FakeAVCeleb_v1.2\RealVideo-FakeAudio\African\men\id02040\00476_fake.mp4,RealVideo-FakeAudio\African\men\id02040\00476_fake.mp4,RealVideo-FakeAudio,1,fake,African,men,id02040,00476_fake.mp4,test
D:\SyncGuard\data\raw\FakeAVCeleb_v1.2\FakeAVCeleb_v1.2\FakeVideo-RealAudio\Asian (South)\women\id06437\00028_id04582_wavtolip.mp4,FakeVideo-RealAudio\Asian (South)\women\id06437\00028_id04582_wavtolip.mp4,FakeVideo-RealAudio,1,fake,Asian (South),women,id06437,00028_id04582_wavtolip.mp4,train
D:\SyncGuard\data\raw\FakeAVCeleb_v1.2\FakeAVCeleb_v1.2\FakeVideo-RealAudio\Caucasian (European)\women\id00491\00122_id03844_wavtolip.mp4,FakeVideo-RealAudio\Caucasian (European)\women\id00491\00122_id03844_wavtolip.mp4,FakeVideo-RealAudio,1,fake,Caucasian (European),women,id00491,00122_id03844_wavtolip.mp4,train
D:\SyncGuard\data\raw\FakeAVCeleb_v1.2\FakeAVCeleb_v1.2\FakeVideo-RealAudio\Caucasian (European)\men\id02567\00040_id00063_cVZBXC2rjPM.mp4,FakeVideo-RealAudio\Caucasian (European)\men\id02567\00040_id00063_cVZBXC2rjPM.mp4,FakeVideo-RealAudio,1,fake,Caucasian (European),men,id02567,00040_id00063_cVZBXC2rjPM.mp4,train
D:\SyncGuard\data\raw\FakeAVCeleb_v1.2\FakeAVCeleb_v1.2\RealVideo-RealAudio\Caucasian (European)\men\id01099\00206.mp4,RealVideo-RealAudio\Caucasian (European)\men\id01099\00206.mp4,RealVideo-RealAudio,0,real,Caucasian (European),men,id01099,00206.mp4,train
D:\SyncGuard\data\raw\FakeAVCeleb_v1.2\FakeAVCeleb_v1.2\RealVideo-RealAudio\Caucasian (European)\men\id01126\00040.mp4,RealVideo-RealAudio\Caucasian (European)\men\id01126\00040.mp4,RealVideo-RealAudio,0,real,Caucasian (European),men,id01126,00040.mp4,train
D:\SyncGuard\data\raw\FakeAVCeleb_v1.2\FakeAVCeleb_v1.2\RealVideo-RealAudio\African\women\id03569\00065.mp4,RealVideo-RealAudio\African\women\id03569\00065.mp4,RealVideo-RealAudio,0,real,African,women,id03569,00065.mp4,train
D:\SyncGuard\data\raw\FakeAVCeleb_v1.2\FakeAVCeleb_v1.2\RealVideo-FakeAudio\African\men\id00475\00099_fake.mp4,RealVideo-FakeAudio\African\men\id00475\00099_fake.mp4,RealVideo-FakeAudio,1,fake,African,men,id00475,00099_fake.mp4,train
D:\SyncGuard\data\raw\FakeAVCeleb_v1.2\FakeAVCeleb_v1.2\FakeVideo-RealAudio\Asian (East)\men\id04111\00015_id01204_biYGqpYBp7o.mp4,FakeVideo-RealAudio\Asian (East)\men\id04111\00015_id01204_biYGqpYBp7o.mp4,FakeVideo-RealAudio,1,fake,Asian (East),men,id04111,00015_id01204_biYGqpYBp7o.mp4,train
D:\SyncGuard\data\raw\FakeAVCeleb_v1.2\FakeAVCeleb_v1.2\FakeVideo-FakeAudio\Asian (South)\men\id03344\00114_id04562_wavtolip.mp4,FakeVideo-FakeAudio\Asian (South)\men\id03344\00114_id04562_wavtolip.mp4,FakeVideo-FakeAudio,1,fake,Asian (South),men,id03344,00114_id04562_wavtolip.mp4,train
D:\SyncGuard\data\raw\FakeAVCeleb_v1.2\FakeAVCeleb_v1.2\FakeVideo-RealAudio\Caucasian (American)\women\id01238\00037_id01231_XXpYdOHUF-g.mp4,FakeVideo-RealAudio\Caucasian (American)\women\id01238\00037_id01231_XXpYdOHUF-g.mp4,FakeVideo-RealAudio,1,fake,Caucasian (American),women,id01238,00037_id01231_XXpYdOHUF-g.mp4,train
D:\SyncGuard\data\raw\FakeAVCeleb_v1.2\FakeAVCeleb_v1.2\RealVideo-RealAudio\Caucasian (European)\women\id03649\00001.mp4,RealVideo-RealAudio\Caucasian (European)\women\id03649\00001.mp4,RealVideo-RealAudio,0,real,Caucasian (European),women,id03649,00001.mp4,train
D:\SyncGuard\data\raw\FakeAVCeleb_v1.2\FakeAVCeleb_v1.2\RealVideo-FakeAudio\African\women\id04055\00001_fake.mp4,RealVideo-FakeAudio\African\women\id04055\00001_fake.mp4,RealVideo-FakeAudio,1,fake,African,women,id04055,00001_fake.mp4,train
D:\SyncGuard\data\raw\FakeAVCeleb_v1.2\FakeAVCeleb_v1.2\FakeVideo-RealAudio\Asian (South)\women\id06268\00159_id06439_wavtolip.mp4,FakeVideo-RealAudio\Asian (South)\women\id06268\00159_id06439_wavtolip.mp4,FakeVideo-RealAudio,1,fake,Asian (South),women,id06268,00159_id06439_wavtolip.mp4,validation
D:\SyncGuard\data\raw\FakeAVCeleb_v1.2\FakeAVCeleb_v1.2\FakeVideo-FakeAudio\Asian (South)\women\id07377\00025_id06428_A9nvRKd1afA_id07236_wavtolip.mp4,FakeVideo-FakeAudio\Asian (South)\women\id07377\00025_id06428_A9nvRKd1afA_id07236_wavtolip.mp4,FakeVideo-FakeAudio,1,fake,Asian (South),women,id07377,00025_id06428_A9nvRKd1afA_id07236_wavtolip.mp4,test
D:\SyncGuard\data\raw\FakeAVCeleb_v1.2\FakeAVCeleb_v1.2\FakeVideo-RealAudio\Asian (South)\men\id00816\00118_id07108_wavtolip.mp4,FakeVideo-RealAudio\Asian (South)\men\id00816\00118_id07108_wavtolip.mp4,FakeVideo-RealAudio,1,fake,Asian (South),men,id00816,00118_id07108_wavtolip.mp4,validation
D:\SyncGuard\data\raw\FakeAVCeleb_v1.2\FakeAVCeleb_v1.2\RealVideo-RealAudio\Caucasian (American)\women\id00025\00025.mp4,RealVideo-RealAudio\Caucasian (American)\women\id00025\00025.mp4,RealVideo-RealAudio,0,real,Caucasian (American),women,id00025,00025.mp4,test
D:\SyncGuard\data\raw\FakeAVCeleb_v1.2\FakeAVCeleb_v1.2\FakeVideo-RealAudio\Caucasian (American)\men\id01239\00280_id01210_sMdOO7NqsGY_faceswap.mp4,FakeVideo-RealAudio\Caucasian (American)\men\id01239\00280_id01210_sMdOO7NqsGY_faceswap.mp4,FakeVideo-RealAudio,1,fake,Caucasian (American),men,id01239,00280_id01210_sMdOO7NqsGY_faceswap.mp4,train
D:\SyncGuard\data\raw\FakeAVCeleb_v1.2\FakeAVCeleb_v1.2\FakeVideo-FakeAudio\Asian (East)\men\id03889\00052_id02332_hlo8q3-L9vI_id06878_wavtolip.mp4,FakeVideo-FakeAudio\Asian (East)\men\id03889\00052_id02332_hlo8q3-L9vI_id06878_wavtolip.mp4,FakeVideo-FakeAudio,1,fake,Asian (East),men,id03889,00052_id02332_hlo8q3-L9vI_id06878_wavtolip.mp4,train
D:\SyncGuard\data\raw\FakeAVCeleb_v1.2\FakeAVCeleb_v1.2\FakeVideo-FakeAudio\Caucasian (American)\men\id00049\00118_id04219_9llHvP-jYDg_id00945_wavtolip.mp4,FakeVideo-FakeAudio\Caucasian (American)\men\id00049\00118_id04219_9llHvP-jYDg_id00945_wavtolip.mp4,FakeVideo-FakeAudio,1,fake,Caucasian (American),men,id00049,00118_id04219_9llHvP-jYDg_id00945_wavtolip.mp4,train
D:\SyncGuard\data\raw\FakeAVCeleb_v1.2\FakeAVCeleb_v1.2\FakeVideo-RealAudio\Caucasian (American)\men\id00169\00021_id01163_wavtolip.mp4,FakeVideo-RealAudio\Caucasian (American)\men\id00169\00021_id01163_wavtolip.mp4,FakeVideo-RealAudio,1,fake,Caucasian (American),men,id00169,00021_id01163_wavtolip.mp4,validation
D:\SyncGuard\data\raw\FakeAVCeleb_v1.2\FakeAVCeleb_v1.2\FakeVideo-RealAudio\African\women\id04437\00002_id00832_Jr4-dXRChME.mp4,FakeVideo-RealAudio\African\women\id04437\00002_id00832_Jr4-dXRChME.mp4,FakeVideo-RealAudio,1,fake,African,women,id04437,00002_id00832_Jr4-dXRChME.mp4,test
D:\SyncGuard\data\raw\FakeAVCeleb_v1.2\FakeAVCeleb_v1.2\FakeVideo-RealAudio\African\women\id02617\00028_id00829_wavtolip.mp4,FakeVideo-RealAudio\African\women\id02617\00028_id00829_wavtolip.mp4,FakeVideo-RealAudio,1,fake,African,women,id02617,00028_id00829_wavtolip.mp4,test
D:\SyncGuard\data\raw\FakeAVCeleb_v1.2\FakeAVCeleb_v1.2\FakeVideo-RealAudio\Caucasian (European)\women\id00328\00092_0.mp4,FakeVideo-RealAudio\Caucasian (European)\women\id00328\00092_0.mp4,FakeVideo-RealAudio,1,fake,Caucasian (European),women,id00328,00092_0.mp4,train
D:\SyncGuard\data\raw\FakeAVCeleb_v1.2\FakeAVCeleb_v1.2\FakeVideo-FakeAudio\Caucasian (American)\men\id00052\00015_id03757_wavtolip.mp4,FakeVideo-FakeAudio\Caucasian (American)\men\id00052\00015_id03757_wavtolip.mp4,FakeVideo-FakeAudio,1,fake,Caucasian (American),men,id00052,00015_id03757_wavtolip.mp4,train
D:\SyncGuard\data\raw\FakeAVCeleb_v1.2\FakeAVCeleb_v1.2\RealVideo-FakeAudio\Asian (South)\women\id02089\00092_fake.mp4,RealVideo-FakeAudio\Asian (South)\women\id02089\00092_fake.mp4,RealVideo-FakeAudio,1,fake,Asian (South),women,id02089,00092_fake.mp4,validation
D:\SyncGuard\data\raw\FakeAVCeleb_v1.2\FakeAVCeleb_v1.2\RealVideo-RealAudio\Caucasian (European)\women\id00591\00001.mp4,RealVideo-RealAudio\Caucasian (European)\women\id00591\00001.mp4,RealVideo-RealAudio,0,real,Caucasian (European),women,id00591,00001.mp4,train
D:\SyncGuard\data\raw\FakeAVCeleb_v1.2\FakeAVCeleb_v1.2\FakeVideo-RealAudio\Asian (East)\women\id00582\00006_id04144__FJg9YswRzQ.mp4,FakeVideo-RealAudio\Asian (East)\women\id00582\00006_id04144__FJg9YswRzQ.mp4,FakeVideo-RealAudio,1,fake,Asian (East),women,id00582,00006_id04144__FJg9YswRzQ.mp4,validation
D:\SyncGuard\data\raw\FakeAVCeleb_v1.2\FakeAVCeleb_v1.2\FakeVideo-RealAudio\Asian (East)\women\id04701\00017_id07799_wavtolip.mp4,FakeVideo-RealAudio\Asian (East)\women\id04701\00017_id07799_wavtolip.mp4,FakeVideo-RealAudio,1,fake,Asian (East),women,id04701,00017_id07799_wavtolip.mp4,train
D:\SyncGuard\data\raw\FakeAVCeleb_v1.2\FakeAVCeleb_v1.2\FakeVideo-RealAudio\Asian (East)\women\id09125\00098_id09125_wavtolip.mp4,FakeVideo-RealAudio\Asian (East)\women\id09125\00098_id09125_wavtolip.mp4,FakeVideo-RealAudio,1,fake,Asian (East),women,id09125,00098_id09125_wavtolip.mp4,train
D:\SyncGuard\data\raw\FakeAVCeleb_v1.2\FakeAVCeleb_v1.2\RealVideo-FakeAudio\Asian (South)\men\id07108\00412_fake.mp4,RealVideo-FakeAudio\Asian (South)\men\id07108\00412_fake.mp4,RealVideo-FakeAudio,1,fake,Asian (South),men,id07108,00412_fake.mp4,train
D:\SyncGuard\data\raw\FakeAVCeleb_v1.2\FakeAVCeleb_v1.2\RealVideo-RealAudio\Asian (East)\men\id00560\00041.mp4,RealVideo-RealAudio\Asian (East)\men\id00560\00041.mp4,RealVideo-RealAudio,0,real,Asian (East),men,id00560,00041.mp4,train
D:\SyncGuard\data\raw\FakeAVCeleb_v1.2\FakeAVCeleb_v1.2\FakeVideo-FakeAudio\Asian (South)\men\id00350\00015_id06354_PmWLmcJNUhM_faceswap_id03180_wavtolip.mp4,FakeVideo-FakeAudio\Asian (South)\men\id00350\00015_id06354_PmWLmcJNUhM_faceswap_id03180_wavtolip.mp4,FakeVideo-FakeAudio,1,fake,Asian (South),men,id00350,00015_id06354_PmWLmcJNUhM_faceswap_id03180_wavtolip.mp4,train
D:\SyncGuard\data\raw\FakeAVCeleb_v1.2\FakeAVCeleb_v1.2\RealVideo-FakeAudio\Asian (East)\women\id00582\00006_fake.mp4,RealVideo-FakeAudio\Asian (East)\women\id00582\00006_fake.mp4,RealVideo-FakeAudio,1,fake,Asian (East),women,id00582,00006_fake.mp4,validation
D:\SyncGuard\data\raw\FakeAVCeleb_v1.2\FakeAVCeleb_v1.2\RealVideo-RealAudio\Asian (East)\women\id09171\00092.mp4,RealVideo-RealAudio\Asian (East)\women\id09171\00092.mp4,RealVideo-RealAudio,0,real,Asian (East),women,id09171,00092.mp4,train
D:\SyncGuard\data\raw\FakeAVCeleb_v1.2\FakeAVCeleb_v1.2\FakeVideo-FakeAudio\Asian (South)\women\id01026\00083_1_id04927_wavtolip.mp4,FakeVideo-FakeAudio\Asian (South)\women\id01026\00083_1_id04927_wavtolip.mp4,FakeVideo-FakeAudio,1,fake,Asian (South),women,id01026,00083_1_id04927_wavtolip.mp4,train
D:\SyncGuard\data\raw\FakeAVCeleb_v1.2\FakeAVCeleb_v1.2\RealVideo-RealAudio\Caucasian (American)\women\id01245\00028.mp4,RealVideo-RealAudio\Caucasian (American)\women\id01245\00028.mp4,RealVideo-RealAudio,0,real,Caucasian (American),women,id01245,00028.mp4,train
D:\SyncGuard\data\raw\FakeAVCeleb_v1.2\FakeAVCeleb_v1.2\RealVideo-RealAudio\Asian (East)\women\id01451\00099.mp4,RealVideo-RealAudio\Asian (East)\women\id01451\00099.mp4,RealVideo-RealAudio,0,real,Asian (East),women,id01451,00099.mp4,train
D:\SyncGuard\data\raw\FakeAVCeleb_v1.2\FakeAVCeleb_v1.2\FakeVideo-FakeAudio\Asian (South)\men\id04526\00317_1_id04526_wavtolip.mp4,FakeVideo-FakeAudio\Asian (South)\men\id04526\00317_1_id04526_wavtolip.mp4,FakeVideo-FakeAudio,1,fake,Asian (South),men,id04526,00317_1_id04526_wavtolip.mp4,test
D:\SyncGuard\data\raw\FakeAVCeleb_v1.2\FakeAVCeleb_v1.2\RealVideo-FakeAudio\Caucasian (American)\women\id00680\00110_fake.mp4,RealVideo-FakeAudio\Caucasian (American)\women\id00680\00110_fake.mp4,RealVideo-FakeAudio,1,fake,Caucasian (American),women,id00680,00110_fake.mp4,validation
D:\SyncGuard\data\raw\FakeAVCeleb_v1.2\FakeAVCeleb_v1.2\RealVideo-FakeAudio\African\women\id02586\00042_fake.mp4,RealVideo-FakeAudio\African\women\id02586\00042_fake.mp4,RealVideo-FakeAudio,1,fake,African,women,id02586,00042_fake.mp4,test
D:\SyncGuard\data\raw\FakeAVCeleb_v1.2\FakeAVCeleb_v1.2\FakeVideo-RealAudio\Caucasian (European)\men\id00368\00078_id00253_cyTfcQDjvU0.mp4,FakeVideo-RealAudio\Caucasian (European)\men\id00368\00078_id00253_cyTfcQDjvU0.mp4,FakeVideo-RealAudio,1,fake,Caucasian (European),men,id00368,00078_id00253_cyTfcQDjvU0.mp4,train
D:\SyncGuard\data\raw\FakeAVCeleb_v1.2\FakeAVCeleb_v1.2\RealVideo-RealAudio\Caucasian (American)\women\id00180\00206.mp4,RealVideo-RealAudio\Caucasian (American)\women\id00180\00206.mp4,RealVideo-RealAudio,0,real,Caucasian (American),women,id00180,00206.mp4,train
D:\SyncGuard\data\raw\FakeAVCeleb_v1.2\FakeAVCeleb_v1.2\FakeVideo-FakeAudio\Asian (South)\men\id00745\00165_id07195_wXqfHGtaBn4_id00732_wavtolip.mp4,FakeVideo-FakeAudio\Asian (South)\men\id00745\00165_id07195_wXqfHGtaBn4_id00732_wavtolip.mp4,FakeVideo-FakeAudio,1,fake,Asian (South),men,id00745,00165_id07195_wXqfHGtaBn4_id00732_wavtolip.mp4,test
D:\SyncGuard\data\raw\FakeAVCeleb_v1.2\FakeAVCeleb_v1.2\RealVideo-FakeAudio\African\men\id01691\00045_fake.mp4,RealVideo-FakeAudio\African\men\id01691\00045_fake.mp4,RealVideo-FakeAudio,1,fake,African,men,id01691,00045_fake.mp4,train
D:\SyncGuard\data\raw\FakeAVCeleb_v1.2\FakeAVCeleb_v1.2\RealVideo-RealAudio\African\men\id01171\00053.mp4,RealVideo-RealAudio\African\men\id01171\00053.mp4,RealVideo-RealAudio,0,real,African,men,id01171,00053.mp4,test
D:\SyncGuard\data\raw\FakeAVCeleb_v1.2\FakeAVCeleb_v1.2\FakeVideo-FakeAudio\Caucasian (European)\men\id00305\00113_id00990_wavtolip.mp4,FakeVideo-FakeAudio\Caucasian (European)\men\id00305\00113_id00990_wavtolip.mp4,FakeVideo-FakeAudio,1,fake,Caucasian (European),men,id00305,00113_id00990_wavtolip.mp4,train
D:\SyncGuard\data\raw\FakeAVCeleb_v1.2\FakeAVCeleb_v1.2\FakeVideo-FakeAudio\Asian (South)\men\id08313\00202_id00773_2j3lUETJ57I_id07058_wavtolip.mp4,FakeVideo-FakeAudio\Asian (South)\men\id08313\00202_id00773_2j3lUETJ57I_id07058_wavtolip.mp4,FakeVideo-FakeAudio,1,fake,Asian (South),men,id08313,00202_id00773_2j3lUETJ57I_id07058_wavtolip.mp4,train
D:\SyncGuard\data\raw\FakeAVCeleb_v1.2\FakeAVCeleb_v1.2\RealVideo-FakeAudio\Asian (South)\women\id02310\00139_fake.mp4,RealVideo-FakeAudio\Asian (South)\women\id02310\00139_fake.mp4,RealVideo-FakeAudio,1,fake,Asian (South),women,id02310,00139_fake.mp4,train
D:\SyncGuard\data\raw\FakeAVCeleb_v1.2\FakeAVCeleb_v1.2\RealVideo-FakeAudio\Asian (South)\women\id07689\00028_fake.mp4,RealVideo-FakeAudio\Asian (South)\women\id07689\00028_fake.mp4,RealVideo-FakeAudio,1,fake,Asian (South),women,id07689,00028_fake.mp4,train
D:\SyncGuard\data\raw\FakeAVCeleb_v1.2\FakeAVCeleb_v1.2\FakeVideo-RealAudio\Asian (East)\women\id05844\00072_id04144_wavtolip.mp4,FakeVideo-RealAudio\Asian (East)\women\id05844\00072_id04144_wavtolip.mp4,FakeVideo-RealAudio,1,fake,Asian (East),women,id05844,00072_id04144_wavtolip.mp4,train
D:\SyncGuard\data\raw\FakeAVCeleb_v1.2\FakeAVCeleb_v1.2\FakeVideo-FakeAudio\African\men\id04727\00007_id02342_wavtolip.mp4,FakeVideo-FakeAudio\African\men\id04727\00007_id02342_wavtolip.mp4,FakeVideo-FakeAudio,1,fake,African,men,id04727,00007_id02342_wavtolip.mp4,train
D:\SyncGuard\data\raw\FakeAVCeleb_v1.2\FakeAVCeleb_v1.2\RealVideo-RealAudio\Asian (East)\men\id05479\05479.mp4,RealVideo-RealAudio\Asian (East)\men\id05479\05479.mp4,RealVideo-RealAudio,0,real,Asian (East),men,id05479,05479.mp4,train
D:\SyncGuard\data\raw\FakeAVCeleb_v1.2\FakeAVCeleb_v1.2\FakeVideo-RealAudio\African\men\id00781\00092_id01170_wavtolip.mp4,FakeVideo-RealAudio\African\men\id00781\00092_id01170_wavtolip.mp4,FakeVideo-RealAudio,1,fake,African,men,id00781,00092_id01170_wavtolip.mp4,train
D:\SyncGuard\data\raw\FakeAVCeleb_v1.2\FakeAVCeleb_v1.2\FakeVideo-RealAudio\African\women\id05106\00078_id00832_wavtolip.mp4,FakeVideo-RealAudio\African\women\id05106\00078_id00832_wavtolip.mp4,FakeVideo-RealAudio,1,fake,African,women,id05106,00078_id00832_wavtolip.mp4,validation
D:\SyncGuard\data\raw\FakeAVCeleb_v1.2\FakeAVCeleb_v1.2\RealVideo-FakeAudio\Asian (East)\men\id06591\00021_fake.mp4,RealVideo-FakeAudio\Asian (East)\men\id06591\00021_fake.mp4,RealVideo-FakeAudio,1,fake,Asian (East),men,id06591,00021_fake.mp4,validation
D:\SyncGuard\data\raw\FakeAVCeleb_v1.2\FakeAVCeleb_v1.2\RealVideo-FakeAudio\Asian (South)\women\id06232\00025_fake.mp4,RealVideo-FakeAudio\Asian (South)\women\id06232\00025_fake.mp4,RealVideo-FakeAudio,1,fake,Asian (South),women,id06232,00025_fake.mp4,test
D:\SyncGuard\data\raw\FakeAVCeleb_v1.2\FakeAVCeleb_v1.2\RealVideo-FakeAudio\African\men\id01530\00002_fake.mp4,RealVideo-FakeAudio\African\men\id01530\00002_fake.mp4,RealVideo-FakeAudio,1,fake,African,men,id01530,00002_fake.mp4,validation
D:\SyncGuard\data\raw\FakeAVCeleb_v1.2\FakeAVCeleb_v1.2\FakeVideo-FakeAudio\Caucasian (European)\men\id00559\00078_id01099_ZpgbIKxzkrg_id00055_wavtolip.mp4,FakeVideo-FakeAudio\Caucasian (European)\men\id00559\00078_id01099_ZpgbIKxzkrg_id00055_wavtolip.mp4,FakeVideo-FakeAudio,1,fake,Caucasian (European),men,id00559,00078_id01099_ZpgbIKxzkrg_id00055_wavtolip.mp4,test
D:\SyncGuard\data\raw\FakeAVCeleb_v1.2\FakeAVCeleb_v1.2\FakeVideo-RealAudio\African\men\id00475\00099_id01170_7eoTTk4xyNo.mp4,FakeVideo-RealAudio\African\men\id00475\00099_id01170_7eoTTk4xyNo.mp4,FakeVideo-RealAudio,1,fake,African,men,id00475,00099_id01170_7eoTTk4xyNo.mp4,train
D:\SyncGuard\data\raw\FakeAVCeleb_v1.2\FakeAVCeleb_v1.2\FakeVideo-RealAudio\Caucasian (European)\men\id00171\00092_id00225_MHSgwpfHAXw_faceswap.mp4,FakeVideo-RealAudio\Caucasian (European)\men\id00171\00092_id00225_MHSgwpfHAXw_faceswap.mp4,FakeVideo-RealAudio,1,fake,Caucasian (European),men,id00171,00092_id00225_MHSgwpfHAXw_faceswap.mp4,validation
D:\SyncGuard\data\raw\FakeAVCeleb_v1.2\FakeAVCeleb_v1.2\FakeVideo-FakeAudio\Caucasian (European)\women\id03816\00093_id00395_wavtolip.mp4,FakeVideo-FakeAudio\Caucasian (European)\women\id03816\00093_id00395_wavtolip.mp4,FakeVideo-FakeAudio,1,fake,Caucasian (European),women,id03816,00093_id00395_wavtolip.mp4,train
D:\SyncGuard\data\raw\FakeAVCeleb_v1.2\FakeAVCeleb_v1.2\FakeVideo-RealAudio\African\women\id02071\00195_id04540_wavtolip.mp4,FakeVideo-RealAudio\African\women\id02071\00195_id04540_wavtolip.mp4,FakeVideo-RealAudio,1,fake,African,women,id02071,00195_id04540_wavtolip.mp4,test
D:\SyncGuard\data\raw\FakeAVCeleb_v1.2\FakeAVCeleb_v1.2\FakeVideo-FakeAudio\African\men\id00987\00160_id00518_qm7oQcDg4oI_id01528_wavtolip.mp4,FakeVideo-FakeAudio\African\men\id00987\00160_id00518_qm7oQcDg4oI_id01528_wavtolip.mp4,FakeVideo-FakeAudio,1,fake,African,men,id00987,00160_id00518_qm7oQcDg4oI_id01528_wavtolip.mp4,train
D:\SyncGuard\data\raw\FakeAVCeleb_v1.2\FakeAVCeleb_v1.2\FakeVideo-FakeAudio\Asian (South)\women\id07686\00254_id06254_wavtolip.mp4,FakeVideo-FakeAudio\Asian (South)\women\id07686\00254_id06254_wavtolip.mp4,FakeVideo-FakeAudio,1,fake,Asian (South),women,id07686,00254_id06254_wavtolip.mp4,train
D:\SyncGuard\data\raw\FakeAVCeleb_v1.2\FakeAVCeleb_v1.2\FakeVideo-RealAudio\African\women\id02301\00092_id00359_wavtolip.mp4,FakeVideo-RealAudio\African\women\id02301\00092_id00359_wavtolip.mp4,FakeVideo-RealAudio,1,fake,African,women,id02301,00092_id00359_wavtolip.mp4,test
D:\SyncGuard\data\raw\FakeAVCeleb_v1.2\FakeAVCeleb_v1.2\FakeVideo-FakeAudio\African\men\id01856\00006_id00391_TjJgUZaenWI_id04727_wavtolip.mp4,FakeVideo-FakeAudio\African\men\id01856\00006_id00391_TjJgUZaenWI_id04727_wavtolip.mp4,FakeVideo-FakeAudio,1,fake,African,men,id01856,00006_id00391_TjJgUZaenWI_id04727_wavtolip.mp4,train
D:\SyncGuard\data\raw\FakeAVCeleb_v1.2\FakeAVCeleb_v1.2\FakeVideo-RealAudio\Asian (South)\men\id00857\00347_id06753_BRg5r4jHC3I.mp4,FakeVideo-RealAudio\Asian (South)\men\id00857\00347_id06753_BRg5r4jHC3I.mp4,FakeVideo-RealAudio,1,fake,Asian (South),men,id00857,00347_id06753_BRg5r4jHC3I.mp4,train
D:\SyncGuard\data\raw\FakeAVCeleb_v1.2\FakeAVCeleb_v1.2\RealVideo-RealAudio\Asian (South)\women\id06343\00023.mp4,RealVideo-RealAudio\Asian (South)\women\id06343\00023.mp4,RealVideo-RealAudio,0,real,Asian (South),women,id06343,00023.mp4,train
D:\SyncGuard\data\raw\FakeAVCeleb_v1.2\FakeAVCeleb_v1.2\FakeVideo-RealAudio\Asian (South)\women\id06268\00159_id07049_BiljgZcyWI4.mp4,FakeVideo-RealAudio\Asian (South)\women\id06268\00159_id07049_BiljgZcyWI4.mp4,FakeVideo-RealAudio,1,fake,Asian (South),women,id06268,00159_id07049_BiljgZcyWI4.mp4,validation
D:\SyncGuard\data\raw\FakeAVCeleb_v1.2\FakeAVCeleb_v1.2\RealVideo-RealAudio\Asian (South)\women\id00488\00028.mp4,RealVideo-RealAudio\Asian (South)\women\id00488\00028.mp4,RealVideo-RealAudio,0,real,Asian (South),women,id00488,00028.mp4,validation
D:\SyncGuard\data\raw\FakeAVCeleb_v1.2\FakeAVCeleb_v1.2\FakeVideo-FakeAudio\African\women\id04820\00015_id04055_wavtolip.mp4,FakeVideo-FakeAudio\African\women\id04820\00015_id04055_wavtolip.mp4,FakeVideo-FakeAudio,1,fake,African,women,id04820,00015_id04055_wavtolip.mp4,train
D:\SyncGuard\data\raw\FakeAVCeleb_v1.2\FakeAVCeleb_v1.2\FakeVideo-RealAudio\Caucasian (European)\men\id00709\00206_id00999_SjnM4XFBz0M.mp4,FakeVideo-RealAudio\Caucasian (European)\men\id00709\00206_id00999_SjnM4XFBz0M.mp4,FakeVideo-RealAudio,1,fake,Caucasian (European),men,id00709,00206_id00999_SjnM4XFBz0M.mp4,train
D:\SyncGuard\data\raw\FakeAVCeleb_v1.2\FakeAVCeleb_v1.2\FakeVideo-RealAudio\Caucasian (European)\women\id00434\00046_id00068_A7uFnQw--bY.mp4,FakeVideo-RealAudio\Caucasian (European)\women\id00434\00046_id00068_A7uFnQw--bY.mp4,FakeVideo-RealAudio,1,fake,Caucasian (European),women,id00434,00046_id00068_A7uFnQw--bY.mp4,train
D:\SyncGuard\data\raw\FakeAVCeleb_v1.2\FakeAVCeleb_v1.2\FakeVideo-RealAudio\African\women\id00568\00384_id02617_wavtolip.mp4,FakeVideo-RealAudio\African\women\id00568\00384_id02617_wavtolip.mp4,FakeVideo-RealAudio,1,fake,African,women,id00568,00384_id02617_wavtolip.mp4,train
D:\SyncGuard\data\raw\FakeAVCeleb_v1.2\FakeAVCeleb_v1.2\RealVideo-RealAudio\Caucasian (European)\women\id01002\00043.mp4,RealVideo-RealAudio\Caucasian (European)\women\id01002\00043.mp4,RealVideo-RealAudio,0,real,Caucasian (European),women,id01002,00043.mp4,test
D:\SyncGuard\data\raw\FakeAVCeleb_v1.2\FakeAVCeleb_v1.2\RealVideo-FakeAudio\Caucasian (American)\men\id00971\00253_fake.mp4,RealVideo-FakeAudio\Caucasian (American)\men\id00971\00253_fake.mp4,RealVideo-FakeAudio,1,fake,Caucasian (American),men,id00971,00253_fake.mp4,test
D:\SyncGuard\data\raw\FakeAVCeleb_v1.2\FakeAVCeleb_v1.2\RealVideo-FakeAudio\Caucasian (American)\women\id00431\00039_fake.mp4,RealVideo-FakeAudio\Caucasian (American)\women\id00431\00039_fake.mp4,RealVideo-FakeAudio,1,fake,Caucasian (American),women,id00431,00039_fake.mp4,train
D:\SyncGuard\data\raw\FakeAVCeleb_v1.2\FakeAVCeleb_v1.2\FakeVideo-FakeAudio\Caucasian (American)\women\id00848\00028_id00231_Pi8vVHrPQMU_id01238_wavtolip.mp4,FakeVideo-FakeAudio\Caucasian (American)\women\id00848\00028_id00231_Pi8vVHrPQMU_id01238_wavtolip.mp4,FakeVideo-FakeAudio,1,fake,Caucasian (American),women,id00848,00028_id00231_Pi8vVHrPQMU_id01238_wavtolip.mp4,train
D:\SyncGuard\data\raw\FakeAVCeleb_v1.2\FakeAVCeleb_v1.2\RealVideo-FakeAudio\Asian (South)\women\id01026\00083_fake.mp4,RealVideo-FakeAudio\Asian (South)\women\id01026\00083_fake.mp4,RealVideo-FakeAudio,1,fake,Asian (South),women,id01026,00083_fake.mp4,train
D:\SyncGuard\data\raw\FakeAVCeleb_v1.2\FakeAVCeleb_v1.2\RealVideo-FakeAudio\Asian (South)\men\id00082\00052_fake.mp4,RealVideo-FakeAudio\Asian (South)\men\id00082\00052_fake.mp4,RealVideo-FakeAudio,1,fake,Asian (South),men,id00082,00052_fake.mp4,train
D:\SyncGuard\data\raw\FakeAVCeleb_v1.2\FakeAVCeleb_v1.2\FakeVideo-RealAudio\Caucasian (European)\men\id00519\00028_id00694_wavtolip.mp4,FakeVideo-RealAudio\Caucasian (European)\men\id00519\00028_id00694_wavtolip.mp4,FakeVideo-RealAudio,1,fake,Caucasian (European),men,id00519,00028_id00694_wavtolip.mp4,test
D:\SyncGuard\data\raw\FakeAVCeleb_v1.2\FakeAVCeleb_v1.2\RealVideo-RealAudio\Caucasian (European)\men\id03205\00150.mp4,RealVideo-RealAudio\Caucasian (European)\men\id03205\00150.mp4,RealVideo-RealAudio,0,real,Caucasian (European),men,id03205,00150.mp4,train
D:\SyncGuard\data\raw\FakeAVCeleb_v1.2\FakeAVCeleb_v1.2\FakeVideo-FakeAudio\Caucasian (American)\women\id00618\00195_id01231_XXpYdOHUF-g_id00180_wavtolip.mp4,FakeVideo-FakeAudio\Caucasian (American)\women\id00618\00195_id01231_XXpYdOHUF-g_id00180_wavtolip.mp4,FakeVideo-FakeAudio,1,fake,Caucasian (American),women,id00618,00195_id01231_XXpYdOHUF-g_id00180_wavtolip.mp4,train
D:\SyncGuard\data\raw\FakeAVCeleb_v1.2\FakeAVCeleb_v1.2\FakeVideo-FakeAudio\Asian (South)\men\id07200\00045_id07195_wXqfHGtaBn4_id00857_wavtolip.mp4,FakeVideo-FakeAudio\Asian (South)\men\id07200\00045_id07195_wXqfHGtaBn4_id00857_wavtolip.mp4,FakeVideo-FakeAudio,1,fake,Asian (South),men,id07200,00045_id07195_wXqfHGtaBn4_id00857_wavtolip.mp4,train
D:\SyncGuard\data\raw\FakeAVCeleb_v1.2\FakeAVCeleb_v1.2\FakeVideo-RealAudio\Asian (South)\women\id04582\00180_id07136_4e43eS5p3_M.mp4,FakeVideo-RealAudio\Asian (South)\women\id04582\00180_id07136_4e43eS5p3_M.mp4,FakeVideo-RealAudio,1,fake,Asian (South),women,id04582,00180_id07136_4e43eS5p3_M.mp4,test
D:\SyncGuard\data\raw\FakeAVCeleb_v1.2\FakeAVCeleb_v1.2\FakeVideo-RealAudio\Asian (South)\women\id04529\00186_id07008_hbwmyKv9Hio.mp4,FakeVideo-RealAudio\Asian (South)\women\id04529\00186_id07008_hbwmyKv9Hio.mp4,FakeVideo-RealAudio,1,fake,Asian (South),women,id04529,00186_id07008_hbwmyKv9Hio.mp4,validation
D:\SyncGuard\data\raw\FakeAVCeleb_v1.2\FakeAVCeleb_v1.2\RealVideo-FakeAudio\Asian (South)\men\id04561\00248_fake.mp4,RealVideo-FakeAudio\Asian (South)\men\id04561\00248_fake.mp4,RealVideo-FakeAudio,1,fake,Asian (South),men,id04561,00248_fake.mp4,validation
D:\SyncGuard\data\raw\FakeAVCeleb_v1.2\FakeAVCeleb_v1.2\FakeVideo-RealAudio\Caucasian (European)\women\id00188\00020_id01018_VNPt_GB5QiE.mp4,FakeVideo-RealAudio\Caucasian (European)\women\id00188\00020_id01018_VNPt_GB5QiE.mp4,FakeVideo-RealAudio,1,fake,Caucasian (European),women,id00188,00020_id01018_VNPt_GB5QiE.mp4,train
D:\SyncGuard\data\raw\FakeAVCeleb_v1.2\FakeAVCeleb_v1.2\FakeVideo-RealAudio\Asian (East)\men\id06591\00021_id06807_wavtolip.mp4,FakeVideo-RealAudio\Asian (East)\men\id06591\00021_id06807_wavtolip.mp4,FakeVideo-RealAudio,1,fake,Asian (East),men,id06591,00021_id06807_wavtolip.mp4,validation
D:\SyncGuard\data\raw\FakeAVCeleb_v1.2\FakeAVCeleb_v1.2\RealVideo-RealAudio\Asian (South)\women\id02619\00015.mp4,RealVideo-RealAudio\Asian (South)\women\id02619\00015.mp4,RealVideo-RealAudio,0,real,Asian (South),women,id02619,00015.mp4,train
D:\SyncGuard\data\raw\FakeAVCeleb_v1.2\FakeAVCeleb_v1.2\FakeVideo-RealAudio\Asian (East)\women\id04144\00028_id00430_wavtolip.mp4,FakeVideo-RealAudio\Asian (East)\women\id04144\00028_id00430_wavtolip.mp4,FakeVideo-RealAudio,1,fake,Asian (East),women,id04144,00028_id00430_wavtolip.mp4,train
D:\SyncGuard\data\raw\FakeAVCeleb_v1.2\FakeAVCeleb_v1.2\RealVideo-RealAudio\Asian (South)\women\id04529\00186.mp4,RealVideo-RealAudio\Asian (South)\women\id04529\00186.mp4,RealVideo-RealAudio,0,real,Asian (South),women,id04529,00186.mp4,validation
D:\SyncGuard\data\raw\FakeAVCeleb_v1.2\FakeAVCeleb_v1.2\FakeVideo-FakeAudio\Caucasian (American)\men\id03678\00078_id00264_wavtolip.mp4,FakeVideo-FakeAudio\Caucasian (American)\men\id03678\00078_id00264_wavtolip.mp4,FakeVideo-FakeAudio,1,fake,Caucasian (American),men,id03678,00078_id00264_wavtolip.mp4,train
D:\SyncGuard\data\raw\FakeAVCeleb_v1.2\FakeAVCeleb_v1.2\FakeVideo-FakeAudio\Caucasian (American)\men\id00088\00005_id00060_gZ4RkcQ0SXE_id00029_wavtolip.mp4,FakeVideo-FakeAudio\Caucasian (American)\men\id00088\00005_id00060_gZ4RkcQ0SXE_id00029_wavtolip.mp4,FakeVideo-FakeAudio,1,fake,Caucasian (American),men,id00088,00005_id00060_gZ4RkcQ0SXE_id00029_wavtolip.mp4,train
D:\SyncGuard\data\raw\FakeAVCeleb_v1.2\FakeAVCeleb_v1.2\RealVideo-FakeAudio\Caucasian (European)\women\id03858\00092_fake.mp4,RealVideo-FakeAudio\Caucasian (European)\women\id03858\00092_fake.mp4,RealVideo-FakeAudio,1,fake,Caucasian (European),women,id03858,00092_fake.mp4,train
D:\SyncGuard\data\raw\FakeAVCeleb_v1.2\FakeAVCeleb_v1.2\RealVideo-FakeAudio\Asian (East)\men\id04774\00032_fake.mp4,RealVideo-FakeAudio\Asian (East)\men\id04774\00032_fake.mp4,RealVideo-FakeAudio,1,fake,Asian (East),men,id04774,00032_fake.mp4,train
D:\SyncGuard\data\raw\FakeAVCeleb_v1.2\FakeAVCeleb_v1.2\RealVideo-RealAudio\Caucasian (European)\women\id00287\00005.mp4,RealVideo-RealAudio\Caucasian (European)\women\id00287\00005.mp4,RealVideo-RealAudio,0,real,Caucasian (European),women,id00287,00005.mp4,test
D:\SyncGuard\data\raw\FakeAVCeleb_v1.2\FakeAVCeleb_v1.2\FakeVideo-RealAudio\Caucasian (European)\women\id00271\00028_id00484_u7YTz8eFZv0.mp4,FakeVideo-RealAudio\Caucasian (European)\women\id00271\00028_id00484_u7YTz8eFZv0.mp4,FakeVideo-RealAudio,1,fake,Caucasian (European),women,id00271,00028_id00484_u7YTz8eFZv0.mp4,test
D:\SyncGuard\data\raw\FakeAVCeleb_v1.2\FakeAVCeleb_v1.2\FakeVideo-RealAudio\Asian (East)\men\id01589\00017_id02553_QTahH2rc8go.mp4,FakeVideo-RealAudio\Asian (East)\men\id01589\00017_id02553_QTahH2rc8go.mp4,FakeVideo-RealAudio,1,fake,Asian (East),men,id01589,00017_id02553_QTahH2rc8go.mp4,train
D:\SyncGuard\data\raw\FakeAVCeleb_v1.2\FakeAVCeleb_v1.2\RealVideo-RealAudio\Asian (South)\men\id07161\00159.mp4,RealVideo-RealAudio\Asian (South)\men\id07161\00159.mp4,RealVideo-RealAudio,0,real,Asian (South),men,id07161,00159.mp4,train
D:\SyncGuard\data\raw\FakeAVCeleb_v1.2\FakeAVCeleb_v1.2\FakeVideo-FakeAudio\Caucasian (American)\men\id00345\00243_id01105_wavtolip.mp4,FakeVideo-FakeAudio\Caucasian (American)\men\id00345\00243_id01105_wavtolip.mp4,FakeVideo-FakeAudio,1,fake,Caucasian (American),men,id00345,00243_id01105_wavtolip.mp4,train
D:\SyncGuard\data\raw\FakeAVCeleb_v1.2\FakeAVCeleb_v1.2\RealVideo-FakeAudio\Asian (South)\women\id03897\00021_fake.mp4,RealVideo-FakeAudio\Asian (South)\women\id03897\00021_fake.mp4,RealVideo-FakeAudio,1,fake,Asian (South),women,id03897,00021_fake.mp4,train
D:\SyncGuard\data\raw\FakeAVCeleb_v1.2\FakeAVCeleb_v1.2\FakeVideo-RealAudio\Caucasian (American)\women\id01238\00037_id00841_fpsEfICAgxk.mp4,FakeVideo-RealAudio\Caucasian (American)\women\id01238\00037_id00841_fpsEfICAgxk.mp4,FakeVideo-RealAudio,1,fake,Caucasian (American),women,id01238,00037_id00841_fpsEfICAgxk.mp4,train
D:\SyncGuard\data\raw\FakeAVCeleb_v1.2\FakeAVCeleb_v1.2\RealVideo-RealAudio\Asian (East)\women\id06054\00010.mp4,RealVideo-RealAudio\Asian (East)\women\id06054\00010.mp4,RealVideo-RealAudio,0,real,Asian (East),women,id06054,00010.mp4,train
D:\SyncGuard\data\raw\FakeAVCeleb_v1.2\FakeAVCeleb_v1.2\RealVideo-RealAudio\African\men\id00366\00118.mp4,RealVideo-RealAudio\African\men\id00366\00118.mp4,RealVideo-RealAudio,0,real,African,men,id00366,00118.mp4,validation
D:\SyncGuard\data\raw\FakeAVCeleb_v1.2\FakeAVCeleb_v1.2\FakeVideo-RealAudio\Asian (South)\men\id00414\00052_id04537_G1e1UFopjfI_faceswap.mp4,FakeVideo-RealAudio\Asian (South)\men\id00414\00052_id04537_G1e1UFopjfI_faceswap.mp4,FakeVideo-RealAudio,1,fake,Asian (South),men,id00414,00052_id04537_G1e1UFopjfI_faceswap.mp4,train
D:\SyncGuard\data\raw\FakeAVCeleb_v1.2\FakeAVCeleb_v1.2\FakeVideo-FakeAudio\Caucasian (American)\men\id00345\00243_id03525_wavtolip.mp4,FakeVideo-FakeAudio\Caucasian (American)\men\id00345\00243_id03525_wavtolip.mp4,FakeVideo-FakeAudio,1,fake,Caucasian (American),men,id00345,00243_id03525_wavtolip.mp4,train
D:\SyncGuard\data\raw\FakeAVCeleb_v1.2\FakeAVCeleb_v1.2\FakeVideo-FakeAudio\Asian (East)\women\id08397\00167_id05620_wavtolip.mp4,FakeVideo-FakeAudio\Asian (East)\women\id08397\00167_id05620_wavtolip.mp4,FakeVideo-FakeAudio,1,fake,Asian (East),women,id08397,00167_id05620_wavtolip.mp4,train
D:\SyncGuard\data\raw\FakeAVCeleb_v1.2\FakeAVCeleb_v1.2\FakeVideo-FakeAudio\Caucasian (European)\men\id00694\00340_id00535_BhvTIJ-YG5s_id00241_wavtolip.mp4,FakeVideo-FakeAudio\Caucasian (European)\men\id00694\00340_id00535_BhvTIJ-YG5s_id00241_wavtolip.mp4,FakeVideo-FakeAudio,1,fake,Caucasian (European),men,id00694,00340_id00535_BhvTIJ-YG5s_id00241_wavtolip.mp4,train
D:\SyncGuard\data\raw\FakeAVCeleb_v1.2\FakeAVCeleb_v1.2\RealVideo-RealAudio\Caucasian (American)\women\id01075\00160.mp4,RealVideo-RealAudio\Caucasian (American)\women\id01075\00160.mp4,RealVideo-RealAudio,0,real,Caucasian (American),women,id01075,00160.mp4,train
D:\SyncGuard\data\raw\FakeAVCeleb_v1.2\FakeAVCeleb_v1.2\RealVideo-RealAudio\Caucasian (American)\women\id00261\00048.mp4,RealVideo-RealAudio\Caucasian (American)\women\id00261\00048.mp4,RealVideo-RealAudio,0,real,Caucasian (American),women,id00261,00048.mp4,train
D:\SyncGuard\data\raw\FakeAVCeleb_v1.2\FakeAVCeleb_v1.2\RealVideo-RealAudio\African\men\id00987\00160.mp4,RealVideo-RealAudio\African\men\id00987\00160.mp4,RealVideo-RealAudio,0,real,African,men,id00987,00160.mp4,train
D:\SyncGuard\data\raw\FakeAVCeleb_v1.2\FakeAVCeleb_v1.2\RealVideo-RealAudio\Caucasian (European)\women\id03941\00021.mp4,RealVideo-RealAudio\Caucasian (European)\women\id03941\00021.mp4,RealVideo-RealAudio,0,real,Caucasian (European),women,id03941,00021.mp4,train
D:\SyncGuard\data\raw\FakeAVCeleb_v1.2\FakeAVCeleb_v1.2\FakeVideo-RealAudio\Asian (South)\women\id04070\00072_id07078_sLVbTD3Dtgw.mp4,FakeVideo-RealAudio\Asian (South)\women\id04070\00072_id07078_sLVbTD3Dtgw.mp4,FakeVideo-RealAudio,1,fake,Asian (South),women,id04070,00072_id07078_sLVbTD3Dtgw.mp4,train
D:\SyncGuard\data\raw\FakeAVCeleb_v1.2\FakeAVCeleb_v1.2\RealVideo-RealAudio\Caucasian (American)\women\id00616\00305.mp4,RealVideo-RealAudio\Caucasian (American)\women\id00616\00305.mp4,RealVideo-RealAudio,0,real,Caucasian (American),women,id00616,00305.mp4,train
D:\SyncGuard\data\raw\FakeAVCeleb_v1.2\FakeAVCeleb_v1.2\RealVideo-FakeAudio\Caucasian (American)\women\id01245\00028_fake.mp4,RealVideo-FakeAudio\Caucasian (American)\women\id01245\00028_fake.mp4,RealVideo-FakeAudio,1,fake,Caucasian (American),women,id01245,00028_fake.mp4,train
D:\SyncGuard\data\raw\FakeAVCeleb_v1.2\FakeAVCeleb_v1.2\FakeVideo-FakeAudio\African\men\id01207\00320_id01779_wavtolip.mp4,FakeVideo-FakeAudio\African\men\id01207\00320_id01779_wavtolip.mp4,FakeVideo-FakeAudio,1,fake,African,men,id01207,00320_id01779_wavtolip.mp4,test
D:\SyncGuard\data\raw\FakeAVCeleb_v1.2\FakeAVCeleb_v1.2\FakeVideo-FakeAudio\Asian (East)\women\id06158\00015_id04057_wavtolip.mp4,FakeVideo-FakeAudio\Asian (East)\women\id06158\00015_id04057_wavtolip.mp4,FakeVideo-FakeAudio,1,fake,Asian (East),women,id06158,00015_id04057_wavtolip.mp4,validation
D:\SyncGuard\data\raw\FakeAVCeleb_v1.2\FakeAVCeleb_v1.2\RealVideo-FakeAudio\African\men\id00761\00072_fake.mp4,RealVideo-FakeAudio\African\men\id00761\00072_fake.mp4,RealVideo-FakeAudio,1,fake,African,men,id00761,00072_fake.mp4,train
D:\SyncGuard\data\raw\FakeAVCeleb_v1.2\FakeAVCeleb_v1.2\RealVideo-FakeAudio\Asian (South)\men\id08314\00028_fake.mp4,RealVideo-FakeAudio\Asian (South)\men\id08314\00028_fake.mp4,RealVideo-FakeAudio,1,fake,Asian (South),men,id08314,00028_fake.mp4,train
D:\SyncGuard\data\raw\FakeAVCeleb_v1.2\FakeAVCeleb_v1.2\FakeVideo-FakeAudio\Caucasian (American)\women\id02466\00136_id01005_lJZrqhcRFSA_id00428_wavtolip.mp4,FakeVideo-FakeAudio\Caucasian (American)\women\id02466\00136_id01005_lJZrqhcRFSA_id00428_wavtolip.mp4,FakeVideo-FakeAudio,1,fake,Caucasian (American),women,id02466,00136_id01005_lJZrqhcRFSA_id00428_wavtolip.mp4,train
D:\SyncGuard\data\raw\FakeAVCeleb_v1.2\FakeAVCeleb_v1.2\RealVideo-RealAudio\Caucasian (American)\men\id01172\00015.mp4,RealVideo-RealAudio\Caucasian (American)\men\id01172\00015.mp4,RealVideo-RealAudio,0,real,Caucasian (American),men,id01172,00015.mp4,train
D:\SyncGuard\data\raw\FakeAVCeleb_v1.2\FakeAVCeleb_v1.2\RealVideo-FakeAudio\Asian (South)\women\id05478\00135_fake.mp4,RealVideo-FakeAudio\Asian (South)\women\id05478\00135_fake.mp4,RealVideo-FakeAudio,1,fake,Asian (South),women,id05478,00135_fake.mp4,train
D:\SyncGuard\data\raw\FakeAVCeleb_v1.2\FakeAVCeleb_v1.2\RealVideo-RealAudio\Caucasian (European)\men\id01123\00072.mp4,RealVideo-RealAudio\Caucasian (European)\men\id01123\00072.mp4,RealVideo-RealAudio,0,real,Caucasian (European),men,id01123,00072.mp4,test
D:\SyncGuard\data\raw\FakeAVCeleb_v1.2\FakeAVCeleb_v1.2\FakeVideo-RealAudio\Caucasian (European)\men\id00919\00063_id00183_wavtolip.mp4,FakeVideo-RealAudio\Caucasian (European)\men\id00919\00063_id00183_wavtolip.mp4,FakeVideo-RealAudio,1,fake,Caucasian (European),men,id00919,00063_id00183_wavtolip.mp4,train
D:\SyncGuard\data\raw\FakeAVCeleb_v1.2\FakeAVCeleb_v1.2\RealVideo-RealAudio\African\women\id01783\00015.mp4,RealVideo-RealAudio\African\women\id01783\00015.mp4,RealVideo-RealAudio,0,real,African,women,id01783,00015.mp4,train
D:\SyncGuard\data\raw\FakeAVCeleb_v1.2\FakeAVCeleb_v1.2\FakeVideo-RealAudio\Asian (East)\women\id06443\00232_id07799_wavtolip.mp4,FakeVideo-RealAudio\Asian (East)\women\id06443\00232_id07799_wavtolip.mp4,FakeVideo-RealAudio,1,fake,Asian (East),women,id06443,00232_id07799_wavtolip.mp4,train
D:\SyncGuard\data\raw\FakeAVCeleb_v1.2\FakeAVCeleb_v1.2\RealVideo-RealAudio\Asian (South)\men\id04601\00118.mp4,RealVideo-RealAudio\Asian (South)\men\id04601\00118.mp4,RealVideo-RealAudio,0,real,Asian (South),men,id04601,00118.mp4,train
D:\SyncGuard\data\raw\FakeAVCeleb_v1.2\FakeAVCeleb_v1.2\RealVideo-FakeAudio\Caucasian (European)\men\id00225\00078_fake.mp4,RealVideo-FakeAudio\Caucasian (European)\men\id00225\00078_fake.mp4,RealVideo-FakeAudio,1,fake,Caucasian (European),men,id00225,00078_fake.mp4,validation
D:\SyncGuard\data\raw\FakeAVCeleb_v1.2\FakeAVCeleb_v1.2\RealVideo-RealAudio\Caucasian (European)\men\id00694\00340.mp4,RealVideo-RealAudio\Caucasian (European)\men\id00694\00340.mp4,RealVideo-RealAudio,0,real,Caucasian (European),men,id00694,00340.mp4,train
D:\SyncGuard\data\raw\FakeAVCeleb_v1.2\FakeAVCeleb_v1.2\RealVideo-RealAudio\Asian (East)\men\id00740\00015.mp4,RealVideo-RealAudio\Asian (East)\men\id00740\00015.mp4,RealVideo-RealAudio,0,real,Asian (East),men,id00740,00015.mp4,validation
D:\SyncGuard\data\raw\FakeAVCeleb_v1.2\FakeAVCeleb_v1.2\FakeVideo-RealAudio\Caucasian (European)\women\id00232\00025_id00581_wavtolip.mp4,FakeVideo-RealAudio\Caucasian (European)\women\id00232\00025_id00581_wavtolip.mp4,FakeVideo-RealAudio,1,fake,Caucasian (European),women,id00232,00025_id00581_wavtolip.mp4,test
D:\SyncGuard\data\raw\FakeAVCeleb_v1.2\FakeAVCeleb_v1.2\RealVideo-RealAudio\Caucasian (European)\women\id00581\00010.mp4,RealVideo-RealAudio\Caucasian (European)\women\id00581\00010.mp4,RealVideo-RealAudio,0,real,Caucasian (European),women,id00581,00010.mp4,train
D:\SyncGuard\data\raw\FakeAVCeleb_v1.2\FakeAVCeleb_v1.2\FakeVideo-FakeAudio\Asian (South)\men\id07233\00010_id00816_wavtolip.mp4,FakeVideo-FakeAudio\Asian (South)\men\id07233\00010_id00816_wavtolip.mp4,FakeVideo-FakeAudio,1,fake,Asian (South),men,id07233,00010_id00816_wavtolip.mp4,train
D:\SyncGuard\data\raw\FakeAVCeleb_v1.2\FakeAVCeleb_v1.2\FakeVideo-RealAudio\Caucasian (European)\men\id00498\00014_id01052_wavtolip.mp4,FakeVideo-RealAudio\Caucasian (European)\men\id00498\00014_id01052_wavtolip.mp4,FakeVideo-RealAudio,1,fake,Caucasian (European),men,id00498,00014_id01052_wavtolip.mp4,train
D:\SyncGuard\data\raw\FakeAVCeleb_v1.2\FakeAVCeleb_v1.2\RealVideo-RealAudio\Caucasian (European)\men\id00358\00217.mp4,RealVideo-RealAudio\Caucasian (European)\men\id00358\00217.mp4,RealVideo-RealAudio,0,real,Caucasian (European),men,id00358,00217.mp4,test
D:\SyncGuard\data\raw\FakeAVCeleb_v1.2\FakeAVCeleb_v1.2\FakeVideo-FakeAudio\Caucasian (European)\men\id00519\00028_id01154_tvmOcaG4A4w_faceswap_id00253_wavtolip.mp4,FakeVideo-FakeAudio\Caucasian (European)\men\id00519\00028_id01154_tvmOcaG4A4w_faceswap_id00253_wavtolip.mp4,FakeVideo-FakeAudio,1,fake,Caucasian (European),men,id00519,00028_id01154_tvmOcaG4A4w_faceswap_id00253_wavtolip.mp4,test
D:\SyncGuard\data\raw\FakeAVCeleb_v1.2\FakeAVCeleb_v1.2\FakeVideo-FakeAudio\Caucasian (American)\women\id02466\00136_id00458_wavtolip.mp4,FakeVideo-FakeAudio\Caucasian (American)\women\id02466\00136_id00458_wavtolip.mp4,FakeVideo-FakeAudio,1,fake,Caucasian (American),women,id02466,00136_id00458_wavtolip.mp4,train
D:\SyncGuard\data\raw\FakeAVCeleb_v1.2\FakeAVCeleb_v1.2\RealVideo-RealAudio\Asian (East)\women\id06443\00232.mp4,RealVideo-RealAudio\Asian (East)\women\id06443\00232.mp4,RealVideo-RealAudio,0,real,Asian (East),women,id06443,00232.mp4,train
D:\SyncGuard\data\raw\FakeAVCeleb_v1.2\FakeAVCeleb_v1.2\FakeVideo-FakeAudio\African\men\id02296\00019_id01392_wavtolip.mp4,FakeVideo-FakeAudio\African\men\id02296\00019_id01392_wavtolip.mp4,FakeVideo-FakeAudio,1,fake,African,men,id02296,00019_id01392_wavtolip.mp4,train
D:\SyncGuard\data\raw\FakeAVCeleb_v1.2\FakeAVCeleb_v1.2\RealVideo-RealAudio\Caucasian (European)\women\id00634\00078.mp4,RealVideo-RealAudio\Caucasian (European)\women\id00634\00078.mp4,RealVideo-RealAudio,0,real,Caucasian (European),women,id00634,00078.mp4,train
D:\SyncGuard\data\raw\FakeAVCeleb_v1.2\FakeAVCeleb_v1.2\RealVideo-FakeAudio\Asian (East)\women\id00763\00074_fake.mp4,RealVideo-FakeAudio\Asian (East)\women\id00763\00074_fake.mp4,RealVideo-FakeAudio,1,fake,Asian (East),women,id00763,00074_fake.mp4,train
D:\SyncGuard\data\raw\FakeAVCeleb_v1.2\FakeAVCeleb_v1.2\FakeVideo-FakeAudio\Caucasian (American)\women\id03605\00048_id00145_JveyoCdoCuI_id00231_wavtolip.mp4,FakeVideo-FakeAudio\Caucasian (American)\women\id03605\00048_id00145_JveyoCdoCuI_id00231_wavtolip.mp4,FakeVideo-FakeAudio,1,fake,Caucasian (American),women,id03605,00048_id00145_JveyoCdoCuI_id00231_wavtolip.mp4,train
D:\SyncGuard\data\raw\FakeAVCeleb_v1.2\FakeAVCeleb_v1.2\FakeVideo-FakeAudio\Asian (South)\women\id05845\00027_id04583_M10zZFjuAb0_id03897_wavtolip.mp4,FakeVideo-FakeAudio\Asian (South)\women\id05845\00027_id04583_M10zZFjuAb0_id03897_wavtolip.mp4,FakeVideo-FakeAudio,1,fake,Asian (South),women,id05845,00027_id04583_M10zZFjuAb0_id03897_wavtolip.mp4,train
D:\SyncGuard\data\raw\FakeAVCeleb_v1.2\FakeAVCeleb_v1.2\FakeVideo-RealAudio\Caucasian (American)\men\id04034\00009_id03757_L-M-XbdFLQM.mp4,FakeVideo-RealAudio\Caucasian (American)\men\id04034\00009_id03757_L-M-XbdFLQM.mp4,FakeVideo-RealAudio,1,fake,Caucasian (American),men,id04034,00009_id03757_L-M-XbdFLQM.mp4,train
D:\SyncGuard\data\raw\FakeAVCeleb_v1.2\FakeAVCeleb_v1.2\RealVideo-FakeAudio\African\women\id03569\00065_fake.mp4,RealVideo-FakeAudio\African\women\id03569\00065_fake.mp4,RealVideo-FakeAudio,1,fake,African,women,id03569,00065_fake.mp4,train
D:\SyncGuard\data\raw\FakeAVCeleb_v1.2\FakeAVCeleb_v1.2\RealVideo-FakeAudio\Asian (South)\men\id07163\00141_fake.mp4,RealVideo-FakeAudio\Asian (South)\men\id07163\00141_fake.mp4,RealVideo-FakeAudio,1,fake,Asian (South),men,id07163,00141_fake.mp4,validation
D:\SyncGuard\data\raw\FakeAVCeleb_v1.2\FakeAVCeleb_v1.2\FakeVideo-FakeAudio\African\women\id01838\00126_id05235_ASy8lP3SRtw_faceswap_id02071_wavtolip.mp4,FakeVideo-FakeAudio\African\women\id01838\00126_id05235_ASy8lP3SRtw_faceswap_id02071_wavtolip.mp4,FakeVideo-FakeAudio,1,fake,African,women,id01838,00126_id05235_ASy8lP3SRtw_faceswap_id02071_wavtolip.mp4,train
D:\SyncGuard\data\raw\FakeAVCeleb_v1.2\FakeAVCeleb_v1.2\RealVideo-RealAudio\Caucasian (European)\men\id00055\00120.mp4,RealVideo-RealAudio\Caucasian (European)\men\id00055\00120.mp4,RealVideo-RealAudio,0,real,Caucasian (European),men,id00055,00120.mp4,train
D:\SyncGuard\data\raw\FakeAVCeleb_v1.2\FakeAVCeleb_v1.2\RealVideo-RealAudio\Caucasian (American)\men\id00243\00037.mp4,RealVideo-RealAudio\Caucasian (American)\men\id00243\00037.mp4,RealVideo-RealAudio,0,real,Caucasian (American),men,id00243,00037.mp4,train
D:\SyncGuard\data\raw\FakeAVCeleb_v1.2\FakeAVCeleb_v1.2\FakeVideo-RealAudio\Asian (East)\men\id00740\00015_id01215_wavtolip.mp4,FakeVideo-RealAudio\Asian (East)\men\id00740\00015_id01215_wavtolip.mp4,FakeVideo-RealAudio,1,fake,Asian (East),men,id00740,00015_id01215_wavtolip.mp4,validation
D:\SyncGuard\data\raw\FakeAVCeleb_v1.2\FakeAVCeleb_v1.2\RealVideo-RealAudio\Caucasian (American)\women\id00842\00043.mp4,RealVideo-RealAudio\Caucasian (American)\women\id00842\00043.mp4,RealVideo-RealAudio,0,real,Caucasian (American),women,id00842,00043.mp4,train
D:\SyncGuard\data\raw\FakeAVCeleb_v1.2\FakeAVCeleb_v1.2\FakeVideo-RealAudio\Asian (South)\women\id07078\00405_id07686_wavtolip.mp4,FakeVideo-RealAudio\Asian (South)\women\id07078\00405_id07686_wavtolip.mp4,FakeVideo-RealAudio,1,fake,Asian (South),women,id07078,00405_id07686_wavtolip.mp4,validation
D:\SyncGuard\data\raw\FakeAVCeleb_v1.2\FakeAVCeleb_v1.2\RealVideo-RealAudio\Caucasian (American)\men\id00169\00021.mp4,RealVideo-RealAudio\Caucasian (American)\men\id00169\00021.mp4,RealVideo-RealAudio,0,real,Caucasian (American),men,id00169,00021.mp4,validation
D:\SyncGuard\data\raw\FakeAVCeleb_v1.2\FakeAVCeleb_v1.2\RealVideo-FakeAudio\Caucasian (American)\women\id00100\00028_fake.mp4,RealVideo-FakeAudio\Caucasian (American)\women\id00100\00028_fake.mp4,RealVideo-FakeAudio,1,fake,Caucasian (American),women,id00100,00028_fake.mp4,train
D:\SyncGuard\data\raw\FakeAVCeleb_v1.2\FakeAVCeleb_v1.2\RealVideo-FakeAudio\Caucasian (European)\men\id00186\00120_fake.mp4,RealVideo-FakeAudio\Caucasian (European)\men\id00186\00120_fake.mp4,RealVideo-FakeAudio,1,fake,Caucasian (European),men,id00186,00120_fake.mp4,validation
D:\SyncGuard\data\raw\FakeAVCeleb_v1.2\FakeAVCeleb_v1.2\RealVideo-FakeAudio\Caucasian (American)\men\id00088\00005_fake.mp4,RealVideo-FakeAudio\Caucasian (American)\men\id00088\00005_fake.mp4,RealVideo-FakeAudio,1,fake,Caucasian (American),men,id00088,00005_fake.mp4,train
D:\SyncGuard\data\raw\FakeAVCeleb_v1.2\FakeAVCeleb_v1.2\RealVideo-RealAudio\Asian (South)\men\id00769\00015.mp4,RealVideo-RealAudio\Asian (South)\men\id00769\00015.mp4,RealVideo-RealAudio,0,real,Asian (South),men,id00769,00015.mp4,train
D:\SyncGuard\data\raw\FakeAVCeleb_v1.2\FakeAVCeleb_v1.2\RealVideo-RealAudio\Caucasian (American)\women\id00231\00037.mp4,RealVideo-RealAudio\Caucasian (American)\women\id00231\00037.mp4,RealVideo-RealAudio,0,real,Caucasian (American),women,id00231,00037.mp4,train
D:\SyncGuard\data\raw\FakeAVCeleb_v1.2\FakeAVCeleb_v1.2\RealVideo-FakeAudio\Caucasian (European)\men\id00520\00187_fake.mp4,RealVideo-FakeAudio\Caucasian (European)\men\id00520\00187_fake.mp4,RealVideo-FakeAudio,1,fake,Caucasian (European),men,id00520,00187_fake.mp4,test
D:\SyncGuard\data\raw\FakeAVCeleb_v1.2\FakeAVCeleb_v1.2\RealVideo-RealAudio\African\men\id02268\00036.mp4,RealVideo-RealAudio\African\men\id02268\00036.mp4,RealVideo-RealAudio,0,real,African,men,id02268,00036.mp4,train
D:\SyncGuard\data\raw\FakeAVCeleb_v1.2\FakeAVCeleb_v1.2\FakeVideo-RealAudio\Asian (East)\men\id06878\00001_id02365_wavtolip.mp4,FakeVideo-RealAudio\Asian (East)\men\id06878\00001_id02365_wavtolip.mp4,FakeVideo-RealAudio,1,fake,Asian (East),men,id06878,00001_id02365_wavtolip.mp4,test
D:\SyncGuard\data\raw\FakeAVCeleb_v1.2\FakeAVCeleb_v1.2\RealVideo-RealAudio\Caucasian (American)\men\id00945\00107.mp4,RealVideo-RealAudio\Caucasian (American)\men\id00945\00107.mp4,RealVideo-RealAudio,0,real,Caucasian (American),men,id00945,00107.mp4,train
D:\SyncGuard\data\raw\FakeAVCeleb_v1.2\FakeAVCeleb_v1.2\FakeVideo-FakeAudio\Asian (South)\men\id07194\00014_id07195_wXqfHGtaBn4_id08314_wavtolip.mp4,FakeVideo-FakeAudio\Asian (South)\men\id07194\00014_id07195_wXqfHGtaBn4_id08314_wavtolip.mp4,FakeVideo-FakeAudio,1,fake,Asian (South),men,id07194,00014_id07195_wXqfHGtaBn4_id08314_wavtolip.mp4,train
D:\SyncGuard\data\raw\FakeAVCeleb_v1.2\FakeAVCeleb_v1.2\FakeVideo-RealAudio\Caucasian (American)\men\id01192\00217_id00708_wavtolip.mp4,FakeVideo-RealAudio\Caucasian (American)\men\id01192\00217_id00708_wavtolip.mp4,FakeVideo-RealAudio,1,fake,Caucasian (American),men,id01192,00217_id00708_wavtolip.mp4,train
D:\SyncGuard\data\raw\FakeAVCeleb_v1.2\FakeAVCeleb_v1.2\RealVideo-FakeAudio\Caucasian (American)\women\id00418\00052_fake.mp4,RealVideo-FakeAudio\Caucasian (American)\women\id00418\00052_fake.mp4,RealVideo-FakeAudio,1,fake,Caucasian (American),women,id00418,00052_fake.mp4,train
D:\SyncGuard\data\raw\FakeAVCeleb_v1.2\FakeAVCeleb_v1.2\FakeVideo-RealAudio\African\men\id01597\00005_id02316_yrrNcmZ-xmI.mp4,FakeVideo-RealAudio\African\men\id01597\00005_id02316_yrrNcmZ-xmI.mp4,FakeVideo-RealAudio,1,fake,African,men,id01597,00005_id02316_yrrNcmZ-xmI.mp4,train
D:\SyncGuard\data\raw\FakeAVCeleb_v1.2\FakeAVCeleb_v1.2\RealVideo-RealAudio\Asian (East)\women\id09125\00098.mp4,RealVideo-RealAudio\Asian (East)\women\id09125\00098.mp4,RealVideo-RealAudio,0,real,Asian (East),women,id09125,00098.mp4,train
D:\SyncGuard\data\raw\FakeAVCeleb_v1.2\FakeAVCeleb_v1.2\FakeVideo-RealAudio\Asian (East)\men\id04774\00032_id02493_wavtolip.mp4,FakeVideo-RealAudio\Asian (East)\men\id04774\00032_id02493_wavtolip.mp4,FakeVideo-RealAudio,1,fake,Asian (East),men,id04774,00032_id02493_wavtolip.mp4,train
D:\SyncGuard\data\raw\FakeAVCeleb_v1.2\FakeAVCeleb_v1.2\FakeVideo-RealAudio\Asian (East)\men\id04884\00028_id08652_wavtolip.mp4,FakeVideo-RealAudio\Asian (East)\men\id04884\00028_id08652_wavtolip.mp4,FakeVideo-RealAudio,1,fake,Asian (East),men,id04884,00028_id08652_wavtolip.mp4,validation
D:\SyncGuard\data\raw\FakeAVCeleb_v1.2\FakeAVCeleb_v1.2\FakeVideo-FakeAudio\Caucasian (American)\men\id04216\00470_id00029_TGpCGl036qk_id01192_wavtolip.mp4,FakeVideo-FakeAudio\Caucasian (American)\men\id04216\00470_id00029_TGpCGl036qk_id01192_wavtolip.mp4,FakeVideo-FakeAudio,1,fake,Caucasian (American),men,id04216,00470_id00029_TGpCGl036qk_id01192_wavtolip.mp4,test
D:\SyncGuard\data\raw\FakeAVCeleb_v1.2\FakeAVCeleb_v1.2\RealVideo-RealAudio\African\men\id01544\00044.mp4,RealVideo-RealAudio\African\men\id01544\00044.mp4,RealVideo-RealAudio,0,real,African,men,id01544,00044.mp4,train
D:\SyncGuard\data\raw\FakeAVCeleb_v1.2\FakeAVCeleb_v1.2\RealVideo-RealAudio\Caucasian (American)\women\id01223\00255.mp4,RealVideo-RealAudio\Caucasian (American)\women\id01223\00255.mp4,RealVideo-RealAudio,0,real,Caucasian (American),women,id01223,00255.mp4,train
D:\SyncGuard\data\raw\FakeAVCeleb_v1.2\FakeAVCeleb_v1.2\FakeVideo-RealAudio\Asian (East)\women\id07739\00019_id04144__FJg9YswRzQ.mp4,FakeVideo-RealAudio\Asian (East)\women\id07739\00019_id04144__FJg9YswRzQ.mp4,FakeVideo-RealAudio,1,fake,Asian (East),women,id07739,00019_id04144__FJg9YswRzQ.mp4,train
D:\SyncGuard\data\raw\FakeAVCeleb_v1.2\FakeAVCeleb_v1.2\RealVideo-FakeAudio\African\women\id00707\00052_fake.mp4,RealVideo-FakeAudio\African\women\id00707\00052_fake.mp4,RealVideo-FakeAudio,1,fake,African,women,id00707,00052_fake.mp4,train
D:\SyncGuard\data\raw\FakeAVCeleb_v1.2\FakeAVCeleb_v1.2\RealVideo-FakeAudio\Caucasian (European)\women\id00403\00052_fake.mp4,RealVideo-FakeAudio\Caucasian (European)\women\id00403\00052_fake.mp4,RealVideo-FakeAudio,1,fake,Caucasian (European),women,id00403,00052_fake.mp4,validation
D:\SyncGuard\data\raw\FakeAVCeleb_v1.2\FakeAVCeleb_v1.2\RealVideo-RealAudio\Asian (South)\women\id05434\00052.mp4,RealVideo-RealAudio\Asian (South)\women\id05434\00052.mp4,RealVideo-RealAudio,0,real,Asian (South),women,id05434,00052.mp4,train
D:\SyncGuard\data\raw\FakeAVCeleb_v1.2\FakeAVCeleb_v1.2\FakeVideo-FakeAudio\Caucasian (American)\women\id01005\00028_id00835_wavtolip.mp4,FakeVideo-FakeAudio\Caucasian (American)\women\id01005\00028_id00835_wavtolip.mp4,FakeVideo-FakeAudio,1,fake,Caucasian (American),women,id01005,00028_id00835_wavtolip.mp4,train
D:\SyncGuard\data\raw\FakeAVCeleb_v1.2\FakeAVCeleb_v1.2\RealVideo-FakeAudio\Caucasian (European)\women\id03620\00081_fake.mp4,RealVideo-FakeAudio\Caucasian (European)\women\id03620\00081_fake.mp4,RealVideo-FakeAudio,1,fake,Caucasian (European),women,id03620,00081_fake.mp4,train
D:\SyncGuard\data\raw\FakeAVCeleb_v1.2\FakeAVCeleb_v1.2\RealVideo-FakeAudio\Asian (East)\women\id04066\00013_fake.mp4,RealVideo-FakeAudio\Asian (East)\women\id04066\00013_fake.mp4,RealVideo-FakeAudio,1,fake,Asian (East),women,id04066,00013_fake.mp4,validation
D:\SyncGuard\data\raw\FakeAVCeleb_v1.2\FakeAVCeleb_v1.2\FakeVideo-RealAudio\Caucasian (American)\women\id00835\00195_id00385_oqf8cNi7lOI.mp4,FakeVideo-RealAudio\Caucasian (American)\women\id00835\00195_id00385_oqf8cNi7lOI.mp4,FakeVideo-RealAudio,1,fake,Caucasian (American),women,id00835,00195_id00385_oqf8cNi7lOI.mp4,train
D:\SyncGuard\data\raw\FakeAVCeleb_v1.2\FakeAVCeleb_v1.2\RealVideo-RealAudio\Caucasian (European)\men\id00192\00078.mp4,RealVideo-RealAudio\Caucasian (European)\men\id00192\00078.mp4,RealVideo-RealAudio,0,real,Caucasian (European),men,id00192,00078.mp4,train
D:\SyncGuard\data\raw\FakeAVCeleb_v1.2\FakeAVCeleb_v1.2\RealVideo-FakeAudio\African\women\id05106\00078_fake.mp4,RealVideo-FakeAudio\African\women\id05106\00078_fake.mp4,RealVideo-FakeAudio,1,fake,African,women,id05106,00078_fake.mp4,validation
D:\SyncGuard\data\raw\FakeAVCeleb_v1.2\FakeAVCeleb_v1.2\FakeVideo-FakeAudio\Asian (South)\men\id04561\00248_id03945_wavtolip.mp4,FakeVideo-FakeAudio\Asian (South)\men\id04561\00248_id03945_wavtolip.mp4,FakeVideo-FakeAudio,1,fake,Asian (South),men,id04561,00248_id03945_wavtolip.mp4,validation
D:\SyncGuard\data\raw\FakeAVCeleb_v1.2\FakeAVCeleb_v1.2\FakeVideo-FakeAudio\Asian (South)\women\id03897\00021_id04490_G00MMIdUOTc_faceswap_id05434_wavtolip.mp4,FakeVideo-FakeAudio\Asian (South)\women\id03897\00021_id04490_G00MMIdUOTc_faceswap_id05434_wavtolip.mp4,FakeVideo-FakeAudio,1,fake,Asian (South),women,id03897,00021_id04490_G00MMIdUOTc_faceswap_id05434_wavtolip.mp4,train
D:\SyncGuard\data\raw\FakeAVCeleb_v1.2\FakeAVCeleb_v1.2\FakeVideo-FakeAudio\Asian (South)\women\id00739\00005_id00417_GhIZam3v09g_faceswap_id00747_wavtolip.mp4,FakeVideo-FakeAudio\Asian (South)\women\id00739\00005_id00417_GhIZam3v09g_faceswap_id00747_wavtolip.mp4,FakeVideo-FakeAudio,1,fake,Asian (South),women,id00739,00005_id00417_GhIZam3v09g_faceswap_id00747_wavtolip.mp4,train
D:\SyncGuard\data\raw\FakeAVCeleb_v1.2\FakeAVCeleb_v1.2\RealVideo-RealAudio\Asian (South)\women\id04583\00077.mp4,RealVideo-RealAudio\Asian (South)\women\id04583\00077.mp4,RealVideo-RealAudio,0,real,Asian (South),women,id04583,00077.mp4,train
D:\SyncGuard\data\raw\FakeAVCeleb_v1.2\FakeAVCeleb_v1.2\FakeVideo-FakeAudio\Asian (South)\women\id06437\00028_id04490_G00MMIdUOTc_id07686_wavtolip.mp4,FakeVideo-FakeAudio\Asian (South)\women\id06437\00028_id04490_G00MMIdUOTc_id07686_wavtolip.mp4,FakeVideo-FakeAudio,1,fake,Asian (South),women,id06437,00028_id04490_G00MMIdUOTc_id07686_wavtolip.mp4,train
D:\SyncGuard\data\raw\FakeAVCeleb_v1.2\FakeAVCeleb_v1.2\RealVideo-RealAudio\Asian (South)\women\id05920\00161.mp4,RealVideo-RealAudio\Asian (South)\women\id05920\00161.mp4,RealVideo-RealAudio,0,real,Asian (South),women,id05920,00161.mp4,train
D:\SyncGuard\data\raw\FakeAVCeleb_v1.2\FakeAVCeleb_v1.2\RealVideo-FakeAudio\Caucasian (American)\men\id00777\00160_fake.mp4,RealVideo-FakeAudio\Caucasian (American)\men\id00777\00160_fake.mp4,RealVideo-FakeAudio,1,fake,Caucasian (American),men,id00777,00160_fake.mp4,train
D:\SyncGuard\data\raw\FakeAVCeleb_v1.2\FakeAVCeleb_v1.2\RealVideo-RealAudio\Caucasian (American)\women\id00848\00028.mp4,RealVideo-RealAudio\Caucasian (American)\women\id00848\00028.mp4,RealVideo-RealAudio,0,real,Caucasian (American),women,id00848,00028.mp4,train
D:\SyncGuard\data\raw\FakeAVCeleb_v1.2\FakeAVCeleb_v1.2\FakeVideo-FakeAudio\Asian (South)\men\id07108\00412_id00732_wavtolip.mp4,FakeVideo-FakeAudio\Asian (South)\men\id07108\00412_id00732_wavtolip.mp4,FakeVideo-FakeAudio,1,fake,Asian (South),men,id07108,00412_id00732_wavtolip.mp4,train
D:\SyncGuard\data\raw\FakeAVCeleb_v1.2\FakeAVCeleb_v1.2\RealVideo-FakeAudio\Caucasian (American)\women\id00575\00092_fake.mp4,RealVideo-FakeAudio\Caucasian (American)\women\id00575\00092_fake.mp4,RealVideo-FakeAudio,1,fake,Caucasian (American),women,id00575,00092_fake.mp4,train
D:\SyncGuard\data\raw\FakeAVCeleb_v1.2\FakeAVCeleb_v1.2\RealVideo-RealAudio\Caucasian (American)\men\id00029\00288.mp4,RealVideo-RealAudio\Caucasian (American)\men\id00029\00288.mp4,RealVideo-RealAudio,0,real,Caucasian (American),men,id00029,00288.mp4,test
D:\SyncGuard\data\raw\FakeAVCeleb_v1.2\FakeAVCeleb_v1.2\RealVideo-FakeAudio\Caucasian (European)\women\id03651\00092_fake.mp4,RealVideo-FakeAudio\Caucasian (European)\women\id03651\00092_fake.mp4,RealVideo-FakeAudio,1,fake,Caucasian (European),women,id03651,00092_fake.mp4,test
D:\SyncGuard\data\raw\FakeAVCeleb_v1.2\FakeAVCeleb_v1.2\FakeVideo-FakeAudio\Caucasian (American)\women\id00291\00052_id01005_wavtolip.mp4,FakeVideo-FakeAudio\Caucasian (American)\women\id00291\00052_id01005_wavtolip.mp4,FakeVideo-FakeAudio,1,fake,Caucasian (American),women,id00291,00052_id01005_wavtolip.mp4,train
D:\SyncGuard\data\raw\FakeAVCeleb_v1.2\FakeAVCeleb_v1.2\FakeVideo-FakeAudio\Asian (South)\women\id03815\00118_1_id00043_wavtolip.mp4,FakeVideo-FakeAudio\Asian (South)\women\id03815\00118_1_id00043_wavtolip.mp4,FakeVideo-FakeAudio,1,fake,Asian (South),women,id03815,00118_1_id00043_wavtolip.mp4,train
D:\SyncGuard\data\raw\FakeAVCeleb_v1.2\FakeAVCeleb_v1.2\RealVideo-FakeAudio\Asian (South)\men\id07200\00045_fake.mp4,RealVideo-FakeAudio\Asian (South)\men\id07200\00045_fake.mp4,RealVideo-FakeAudio,1,fake,Asian (South),men,id07200,00045_fake.mp4,train
D:\SyncGuard\data\raw\FakeAVCeleb_v1.2\FakeAVCeleb_v1.2\FakeVideo-RealAudio\Asian (East)\men\id06807\00015_id00560_wavtolip.mp4,FakeVideo-RealAudio\Asian (East)\men\id06807\00015_id00560_wavtolip.mp4,FakeVideo-RealAudio,1,fake,Asian (East),men,id06807,00015_id00560_wavtolip.mp4,train
D:\SyncGuard\data\raw\FakeAVCeleb_v1.2\FakeAVCeleb_v1.2\RealVideo-RealAudio\African\men\id00476\00109.mp4,RealVideo-RealAudio\African\men\id00476\00109.mp4,RealVideo-RealAudio,0,real,African,men,id00476,00109.mp4,train
D:\SyncGuard\data\raw\FakeAVCeleb_v1.2\FakeAVCeleb_v1.2\FakeVideo-RealAudio\African\men\id01528\00017_id01452_4MqeoSxSy3w_faceswap.mp4,FakeVideo-RealAudio\African\men\id01528\00017_id01452_4MqeoSxSy3w_faceswap.mp4,FakeVideo-RealAudio,1,fake,African,men,id01528,00017_id01452_4MqeoSxSy3w_faceswap.mp4,train
D:\SyncGuard\data\raw\FakeAVCeleb_v1.2\FakeAVCeleb_v1.2\RealVideo-RealAudio\Caucasian (American)\men\id04216\00470.mp4,RealVideo-RealAudio\Caucasian (American)\men\id04216\00470.mp4,RealVideo-RealAudio,0,real,Caucasian (American),men,id04216,00470.mp4,test
D:\SyncGuard\data\raw\FakeAVCeleb_v1.2\FakeAVCeleb_v1.2\RealVideo-RealAudio\Asian (East)\women\id00763\00074.mp4,RealVideo-RealAudio\Asian (East)\women\id00763\00074.mp4,RealVideo-RealAudio,0,real,Asian (East),women,id00763,00074.mp4,train
D:\SyncGuard\data\raw\FakeAVCeleb_v1.2\FakeAVCeleb_v1.2\FakeVideo-RealAudio\Asian (East)\men\id06594\00002_id04884_wavtolip.mp4,FakeVideo-RealAudio\Asian (East)\men\id06594\00002_id04884_wavtolip.mp4,FakeVideo-RealAudio,1,fake,Asian (East),men,id06594,00002_id04884_wavtolip.mp4,train
D:\SyncGuard\data\raw\FakeAVCeleb_v1.2\FakeAVCeleb_v1.2\FakeVideo-FakeAudio\Asian (East)\women\id06061\00002_id08397_zvY3EjwSL1Q_faceswap_id01281_wavtolip.mp4,FakeVideo-FakeAudio\Asian (East)\women\id06061\00002_id08397_zvY3EjwSL1Q_faceswap_id01281_wavtolip.mp4,FakeVideo-FakeAudio,1,fake,Asian (East),women,id06061,00002_id08397_zvY3EjwSL1Q_faceswap_id01281_wavtolip.mp4,train
D:\SyncGuard\data\raw\FakeAVCeleb_v1.2\FakeAVCeleb_v1.2\RealVideo-RealAudio\Asian (South)\men\id07463\00028.mp4,RealVideo-RealAudio\Asian (South)\men\id07463\00028.mp4,RealVideo-RealAudio,0,real,Asian (South),men,id07463,00028.mp4,train
D:\SyncGuard\data\raw\FakeAVCeleb_v1.2\FakeAVCeleb_v1.2\FakeVideo-FakeAudio\Asian (South)\men\id06334\00015_id03599_y27BDmRUqMQ_faceswap_id07200_wavtolip.mp4,FakeVideo-FakeAudio\Asian (South)\men\id06334\00015_id03599_y27BDmRUqMQ_faceswap_id07200_wavtolip.mp4,FakeVideo-FakeAudio,1,fake,Asian (South),men,id06334,00015_id03599_y27BDmRUqMQ_faceswap_id07200_wavtolip.mp4,train
D:\SyncGuard\data\raw\FakeAVCeleb_v1.2\FakeAVCeleb_v1.2\RealVideo-RealAudio\Asian (East)\men\id06776\00021.mp4,RealVideo-RealAudio\Asian (East)\men\id06776\00021.mp4,RealVideo-RealAudio,0,real,Asian (East),men,id06776,00021.mp4,train
D:\SyncGuard\data\raw\FakeAVCeleb_v1.2\FakeAVCeleb_v1.2\RealVideo-FakeAudio\Caucasian (European)\women\id00071\00014_fake.mp4,RealVideo-FakeAudio\Caucasian (European)\women\id00071\00014_fake.mp4,RealVideo-FakeAudio,1,fake,Caucasian (European),women,id00071,00014_fake.mp4,train
D:\SyncGuard\data\raw\FakeAVCeleb_v1.2\FakeAVCeleb_v1.2\RealVideo-FakeAudio\African\men\id00944\00135_fake.mp4,RealVideo-FakeAudio\African\men\id00944\00135_fake.mp4,RealVideo-FakeAudio,1,fake,African,men,id00944,00135_fake.mp4,validation
D:\SyncGuard\data\raw\FakeAVCeleb_v1.2\FakeAVCeleb_v1.2\FakeVideo-FakeAudio\Asian (South)\women\id00080\00281_id07136_4e43eS5p3_M_faceswap_id04564_wavtolip.mp4,FakeVideo-FakeAudio\Asian (South)\women\id00080\00281_id07136_4e43eS5p3_M_faceswap_id04564_wavtolip.mp4,FakeVideo-FakeAudio,1,fake,Asian (South),women,id00080,00281_id07136_4e43eS5p3_M_faceswap_id04564_wavtolip.mp4,test
D:\SyncGuard\data\raw\FakeAVCeleb_v1.2\FakeAVCeleb_v1.2\FakeVideo-FakeAudio\Caucasian (American)\men\id00062\00278_id04221_5XfsCrxGvj4_faceswap_id01211_wavtolip.mp4,FakeVideo-FakeAudio\Caucasian (American)\men\id00062\00278_id04221_5XfsCrxGvj4_faceswap_id01211_wavtolip.mp4,FakeVideo-FakeAudio,1,fake,Caucasian (American),men,id00062,00278_id04221_5XfsCrxGvj4_faceswap_id01211_wavtolip.mp4,train
D:\SyncGuard\data\raw\FakeAVCeleb_v1.2\FakeAVCeleb_v1.2\FakeVideo-RealAudio\Caucasian (European)\women\id03858\00092_id03716_s-lxbGafZQA.mp4,FakeVideo-RealAudio\Caucasian (European)\women\id03858\00092_id03716_s-lxbGafZQA.mp4,FakeVideo-RealAudio,1,fake,Caucasian (European),women,id03858,00092_id03716_s-lxbGafZQA.mp4,train
D:\SyncGuard\data\raw\FakeAVCeleb_v1.2\FakeAVCeleb_v1.2\RealVideo-RealAudio\Caucasian (American)\women\id00272\00195.mp4,RealVideo-RealAudio\Caucasian (American)\women\id00272\00195.mp4,RealVideo-RealAudio,0,real,Caucasian (American),women,id00272,00195.mp4,train
D:\SyncGuard\data\raw\FakeAVCeleb_v1.2\FakeAVCeleb_v1.2\RealVideo-RealAudio\African\men\id00518\00031.mp4,RealVideo-RealAudio\African\men\id00518\00031.mp4,RealVideo-RealAudio,0,real,African,men,id00518,00031.mp4,train
D:\SyncGuard\data\raw\FakeAVCeleb_v1.2\FakeAVCeleb_v1.2\FakeVideo-RealAudio\Caucasian (American)\men\id01182\00167_id00775_wavtolip.mp4,FakeVideo-RealAudio\Caucasian (American)\men\id01182\00167_id00775_wavtolip.mp4,FakeVideo-RealAudio,1,fake,Caucasian (American),men,id01182,00167_id00775_wavtolip.mp4,test
D:\SyncGuard\data\raw\FakeAVCeleb_v1.2\FakeAVCeleb_v1.2\RealVideo-RealAudio\Asian (East)\men\id04774\00032.mp4,RealVideo-RealAudio\Asian (East)\men\id04774\00032.mp4,RealVideo-RealAudio,0,real,Asian (East),men,id04774,00032.mp4,train
D:\SyncGuard\data\raw\FakeAVCeleb_v1.2\FakeAVCeleb_v1.2\FakeVideo-RealAudio\Asian (South)\women\id00149\00284_id07689_2ie0g83JkgA.mp4,FakeVideo-RealAudio\Asian (South)\women\id00149\00284_id07689_2ie0g83JkgA.mp4,FakeVideo-RealAudio,1,fake,Asian (South),women,id00149,00284_id07689_2ie0g83JkgA.mp4,train
D:\SyncGuard\data\raw\FakeAVCeleb_v1.2\FakeAVCeleb_v1.2\FakeVideo-FakeAudio\Asian (South)\women\id06437\00028_id07686_lwSGz24c1Bs_id04070_wavtolip.mp4,FakeVideo-FakeAudio\Asian (South)\women\id06437\00028_id07686_lwSGz24c1Bs_id04070_wavtolip.mp4,FakeVideo-FakeAudio,1,fake,Asian (South),women,id06437,00028_id07686_lwSGz24c1Bs_id04070_wavtolip.mp4,train
D:\SyncGuard\data\raw\FakeAVCeleb_v1.2\FakeAVCeleb_v1.2\RealVideo-RealAudio\Asian (South)\men\id04561\00248.mp4,RealVideo-RealAudio\Asian (South)\men\id04561\00248.mp4,RealVideo-RealAudio,0,real,Asian (South),men,id04561,00248.mp4,validation
D:\SyncGuard\data\raw\FakeAVCeleb_v1.2\FakeAVCeleb_v1.2\RealVideo-FakeAudio\Asian (East)\women\id00935\00005_fake.mp4,RealVideo-FakeAudio\Asian (East)\women\id00935\00005_fake.mp4,RealVideo-FakeAudio,1,fake,Asian (East),women,id00935,00005_fake.mp4,train
D:\SyncGuard\data\raw\FakeAVCeleb_v1.2\FakeAVCeleb_v1.2\FakeVideo-FakeAudio\Caucasian (European)\men\id00266\00470_id00999_SjnM4XFBz0M_id00183_wavtolip.mp4,FakeVideo-FakeAudio\Caucasian (European)\men\id00266\00470_id00999_SjnM4XFBz0M_id00183_wavtolip.mp4,FakeVideo-FakeAudio,1,fake,Caucasian (European),men,id00266,00470_id00999_SjnM4XFBz0M_id00183_wavtolip.mp4,validation
D:\SyncGuard\data\raw\FakeAVCeleb_v1.2\FakeAVCeleb_v1.2\RealVideo-RealAudio\Asian (East)\women\id03379\00032.mp4,RealVideo-RealAudio\Asian (East)\women\id03379\00032.mp4,RealVideo-RealAudio,0,real,Asian (East),women,id03379,00032.mp4,train
D:\SyncGuard\data\raw\FakeAVCeleb_v1.2\FakeAVCeleb_v1.2\RealVideo-RealAudio\Asian (South)\women\id03559\00023.mp4,RealVideo-RealAudio\Asian (South)\women\id03559\00023.mp4,RealVideo-RealAudio,0,real,Asian (South),women,id03559,00023.mp4,train
D:\SyncGuard\data\raw\FakeAVCeleb_v1.2\FakeAVCeleb_v1.2\FakeVideo-FakeAudio\Asian (East)\women\id00582\00006_id01281_wavtolip.mp4,FakeVideo-FakeAudio\Asian (East)\women\id00582\00006_id01281_wavtolip.mp4,FakeVideo-FakeAudio,1,fake,Asian (East),women,id00582,00006_id01281_wavtolip.mp4,validation
D:\SyncGuard\data\raw\FakeAVCeleb_v1.2\FakeAVCeleb_v1.2\FakeVideo-RealAudio\Caucasian (American)\women\id00291\00052_id00381_79zqA0CZh8s.mp4,FakeVideo-RealAudio\Caucasian (American)\women\id00291\00052_id00381_79zqA0CZh8s.mp4,FakeVideo-RealAudio,1,fake,Caucasian (American),women,id00291,00052_id00381_79zqA0CZh8s.mp4,train
D:\SyncGuard\data\raw\FakeAVCeleb_v1.2\FakeAVCeleb_v1.2\RealVideo-RealAudio\Asian (East)\men\id06591\00021.mp4,RealVideo-RealAudio\Asian (East)\men\id06591\00021.mp4,RealVideo-RealAudio,0,real,Asian (East),men,id06591,00021.mp4,validation
D:\SyncGuard\data\raw\FakeAVCeleb_v1.2\FakeAVCeleb_v1.2\FakeVideo-RealAudio\Asian (South)\men\id00769\00015_id00745_eODND1ul7vE.mp4,FakeVideo-RealAudio\Asian (South)\men\id00769\00015_id00745_eODND1ul7vE.mp4,FakeVideo-RealAudio,1,fake,Asian (South),men,id00769,00015_id00745_eODND1ul7vE.mp4,train
D:\SyncGuard\data\raw\FakeAVCeleb_v1.2\FakeAVCeleb_v1.2\RealVideo-FakeAudio\Asian (South)\men\id06354\00021_fake.mp4,RealVideo-FakeAudio\Asian (South)\men\id06354\00021_fake.mp4,RealVideo-FakeAudio,1,fake,Asian (South),men,id06354,00021_fake.mp4,train
D:\SyncGuard\data\raw\FakeAVCeleb_v1.2\FakeAVCeleb_v1.2\FakeVideo-FakeAudio\African\men\id01452\00001_id00478_wavtolip.mp4,FakeVideo-FakeAudio\African\men\id01452\00001_id00478_wavtolip.mp4,FakeVideo-FakeAudio,1,fake,African,men,id01452,00001_id00478_wavtolip.mp4,train
D:\SyncGuard\data\raw\FakeAVCeleb_v1.2\FakeAVCeleb_v1.2\RealVideo-FakeAudio\Asian (South)\women\id06254\00043_fake.mp4,RealVideo-FakeAudio\Asian (South)\women\id06254\00043_fake.mp4,RealVideo-FakeAudio,1,fake,Asian (South),women,id06254,00043_fake.mp4,train
D:\SyncGuard\data\raw\FakeAVCeleb_v1.2\FakeAVCeleb_v1.2\FakeVideo-FakeAudio\Asian (South)\women\id03559\00023_id05845_XfMHm6CEwPw_id04529_wavtolip.mp4,FakeVideo-FakeAudio\Asian (South)\women\id03559\00023_id05845_XfMHm6CEwPw_id04529_wavtolip.mp4,FakeVideo-FakeAudio,1,fake,Asian (South),women,id03559,00023_id05845_XfMHm6CEwPw_id04529_wavtolip.mp4,train
D:\SyncGuard\data\raw\FakeAVCeleb_v1.2\FakeAVCeleb_v1.2\RealVideo-FakeAudio\Asian (South)\men\id04554\00118_fake.mp4,RealVideo-FakeAudio\Asian (South)\men\id04554\00118_fake.mp4,RealVideo-FakeAudio,1,fake,Asian (South),men,id04554,00118_fake.mp4,train
D:\SyncGuard\data\raw\FakeAVCeleb_v1.2\FakeAVCeleb_v1.2\RealVideo-FakeAudio\Asian (East)\men\id06594\00002_fake.mp4,RealVideo-FakeAudio\Asian (East)\men\id06594\00002_fake.mp4,RealVideo-FakeAudio,1,fake,Asian (East),men,id06594,00002_fake.mp4,train
D:\SyncGuard\data\raw\FakeAVCeleb_v1.2\FakeAVCeleb_v1.2\FakeVideo-RealAudio\Asian (East)\men\id00126\00173_id04726_wavtolip.mp4,FakeVideo-RealAudio\Asian (East)\men\id00126\00173_id04726_wavtolip.mp4,FakeVideo-RealAudio,1,fake,Asian (East),men,id00126,00173_id04726_wavtolip.mp4,train
D:\SyncGuard\data\raw\FakeAVCeleb_v1.2\FakeAVCeleb_v1.2\FakeVideo-FakeAudio\Caucasian (American)\men\id01239\00280_id03525_wavtolip.mp4,FakeVideo-FakeAudio\Caucasian (American)\men\id01239\00280_id03525_wavtolip.mp4,FakeVideo-FakeAudio,1,fake,Caucasian (American),men,id01239,00280_id03525_wavtolip.mp4,train
D:\SyncGuard\data\raw\FakeAVCeleb_v1.2\FakeAVCeleb_v1.2\FakeVideo-RealAudio\African\women\id00460\00005_id00568_gakhcJXnJZ8.mp4,FakeVideo-RealAudio\African\women\id00460\00005_id00568_gakhcJXnJZ8.mp4,FakeVideo-RealAudio,1,fake,African,women,id00460,00005_id00568_gakhcJXnJZ8.mp4,train
D:\SyncGuard\data\raw\FakeAVCeleb_v1.2\FakeAVCeleb_v1.2\RealVideo-RealAudio\African\men\id00173\00118.mp4,RealVideo-RealAudio\African\men\id00173\00118.mp4,RealVideo-RealAudio,0,real,African,men,id00173,00118.mp4,train
D:\SyncGuard\data\raw\FakeAVCeleb_v1.2\FakeAVCeleb_v1.2\FakeVideo-RealAudio\Caucasian (American)\men\id00971\00253_id01192_wavtolip.mp4,FakeVideo-RealAudio\Caucasian (American)\men\id00971\00253_id01192_wavtolip.mp4,FakeVideo-RealAudio,1,fake,Caucasian (American),men,id00971,00253_id01192_wavtolip.mp4,test
D:\SyncGuard\data\raw\FakeAVCeleb_v1.2\FakeAVCeleb_v1.2\FakeVideo-FakeAudio\Caucasian (American)\women\id00616\00305_id01231_wavtolip.mp4,FakeVideo-FakeAudio\Caucasian (American)\women\id00616\00305_id01231_wavtolip.mp4,FakeVideo-FakeAudio,1,fake,Caucasian (American),women,id00616,00305_id01231_wavtolip.mp4,train
D:\SyncGuard\data\raw\FakeAVCeleb_v1.2\FakeAVCeleb_v1.2\RealVideo-RealAudio\Asian (South)\women\id04564\00417.mp4,RealVideo-RealAudio\Asian (South)\women\id04564\00417.mp4,RealVideo-RealAudio,0,real,Asian (South),women,id04564,00417.mp4,test
D:\SyncGuard\data\raw\FakeAVCeleb_v1.2\FakeAVCeleb_v1.2\FakeVideo-RealAudio\Asian (South)\women\id04530\00231_id06439_wavtolip.mp4,FakeVideo-RealAudio\Asian (South)\women\id04530\00231_id06439_wavtolip.mp4,FakeVideo-RealAudio,1,fake,Asian (South),women,id04530,00231_id06439_wavtolip.mp4,train
D:\SyncGuard\data\raw\FakeAVCeleb_v1.2\FakeAVCeleb_v1.2\FakeVideo-FakeAudio\Asian (East)\men\id02553\00043_id09053_6baCAGutGFg_id03965_wavtolip.mp4,FakeVideo-FakeAudio\Asian (East)\men\id02553\00043_id09053_6baCAGutGFg_id03965_wavtolip.mp4,FakeVideo-FakeAudio,1,fake,Asian (East),men,id02553,00043_id09053_6baCAGutGFg_id03965_wavtolip.mp4,train
D:\SyncGuard\data\raw\FakeAVCeleb_v1.2\FakeAVCeleb_v1.2\FakeVideo-FakeAudio\Caucasian (European)\men\id00520\00187_id01058_2DKbOjf3Wyo_id00535_wavtolip.mp4,FakeVideo-FakeAudio\Caucasian (European)\men\id00520\00187_id01058_2DKbOjf3Wyo_id00535_wavtolip.mp4,FakeVideo-FakeAudio,1,fake,Caucasian (European),men,id00520,00187_id01058_2DKbOjf3Wyo_id00535_wavtolip.mp4,test
D:\SyncGuard\data\raw\FakeAVCeleb_v1.2\FakeAVCeleb_v1.2\RealVideo-RealAudio\Caucasian (European)\women\id00325\00015.mp4,RealVideo-RealAudio\Caucasian (European)\women\id00325\00015.mp4,RealVideo-RealAudio,0,real,Caucasian (European),women,id00325,00015.mp4,train
D:\SyncGuard\data\raw\FakeAVCeleb_v1.2\FakeAVCeleb_v1.2\FakeVideo-FakeAudio\Asian (East)\men\id05332\00065_id08652_wavtolip.mp4,FakeVideo-FakeAudio\Asian (East)\men\id05332\00065_id08652_wavtolip.mp4,FakeVideo-FakeAudio,1,fake,Asian (East),men,id05332,00065_id08652_wavtolip.mp4,train
D:\SyncGuard\data\raw\FakeAVCeleb_v1.2\FakeAVCeleb_v1.2\FakeVideo-FakeAudio\African\men\id00173\00118_id02040_wavtolip.mp4,FakeVideo-FakeAudio\African\men\id00173\00118_id02040_wavtolip.mp4,FakeVideo-FakeAudio,1,fake,African,men,id00173,00118_id02040_wavtolip.mp4,train
D:\SyncGuard\data\raw\FakeAVCeleb_v1.2\FakeAVCeleb_v1.2\RealVideo-FakeAudio\African\women\id02838\00080_fake.mp4,RealVideo-FakeAudio\African\women\id02838\00080_fake.mp4,RealVideo-FakeAudio,1,fake,African,women,id02838,00080_fake.mp4,test
D:\SyncGuard\data\raw\FakeAVCeleb_v1.2\FakeAVCeleb_v1.2\FakeVideo-FakeAudio\Caucasian (American)\men\id00179\00143_id01239_gJvquKo7kbA_id00184_wavtolip.mp4,FakeVideo-FakeAudio\Caucasian (American)\men\id00179\00143_id01239_gJvquKo7kbA_id00184_wavtolip.mp4,FakeVideo-FakeAudio,1,fake,Caucasian (American),men,id00179,00143_id01239_gJvquKo7kbA_id00184_wavtolip.mp4,test
D:\SyncGuard\data\raw\FakeAVCeleb_v1.2\FakeAVCeleb_v1.2\RealVideo-FakeAudio\African\men\id02494\00050_fake.mp4,RealVideo-FakeAudio\African\men\id02494\00050_fake.mp4,RealVideo-FakeAudio,1,fake,African,men,id02494,00050_fake.mp4,train
D:\SyncGuard\data\raw\FakeAVCeleb_v1.2\FakeAVCeleb_v1.2\FakeVideo-RealAudio\Caucasian (European)\men\id00919\00063_id01156_RT99eogJo4k.mp4,FakeVideo-RealAudio\Caucasian (European)\men\id00919\00063_id01156_RT99eogJo4k.mp4,FakeVideo-RealAudio,1,fake,Caucasian (European),men,id00919,00063_id01156_RT99eogJo4k.mp4,train
D:\SyncGuard\data\raw\FakeAVCeleb_v1.2\FakeAVCeleb_v1.2\FakeVideo-FakeAudio\African\women\id00460\00005_id00371_wavtolip.mp4,FakeVideo-FakeAudio\African\women\id00460\00005_id00371_wavtolip.mp4,FakeVideo-FakeAudio,1,fake,African,women,id00460,00005_id00371_wavtolip.mp4,train
D:\SyncGuard\data\raw\FakeAVCeleb_v1.2\FakeAVCeleb_v1.2\RealVideo-FakeAudio\Caucasian (American)\men\id00345\00243_fake.mp4,RealVideo-FakeAudio\Caucasian (American)\men\id00345\00243_fake.mp4,RealVideo-FakeAudio,1,fake,Caucasian (American),men,id00345,00243_fake.mp4,train
D:\SyncGuard\data\raw\FakeAVCeleb_v1.2\FakeAVCeleb_v1.2\RealVideo-RealAudio\Asian (East)\women\id09175\00072.mp4,RealVideo-RealAudio\Asian (East)\women\id09175\00072.mp4,RealVideo-RealAudio,0,real,Asian (East),women,id09175,00072.mp4,validation
D:\SyncGuard\data\raw\FakeAVCeleb_v1.2\FakeAVCeleb_v1.2\RealVideo-RealAudio\Asian (South)\women\id07136\00052.mp4,RealVideo-RealAudio\Asian (South)\women\id07136\00052.mp4,RealVideo-RealAudio,0,real,Asian (South),women,id07136,00052.mp4,test
D:\SyncGuard\data\raw\FakeAVCeleb_v1.2\FakeAVCeleb_v1.2\RealVideo-RealAudio\African\women\id02838\00080.mp4,RealVideo-RealAudio\African\women\id02838\00080.mp4,RealVideo-RealAudio,0,real,African,women,id02838,00080.mp4,test
D:\SyncGuard\data\raw\FakeAVCeleb_v1.2\FakeAVCeleb_v1.2\RealVideo-RealAudio\Asian (East)\men\id05268\00010.mp4,RealVideo-RealAudio\Asian (East)\men\id05268\00010.mp4,RealVideo-RealAudio,0,real,Asian (East),men,id05268,00010.mp4,test
D:\SyncGuard\data\raw\FakeAVCeleb_v1.2\FakeAVCeleb_v1.2\RealVideo-FakeAudio\African\men\id01076\00005_fake.mp4,RealVideo-FakeAudio\African\men\id01076\00005_fake.mp4,RealVideo-FakeAudio,1,fake,African,men,id01076,00005_fake.mp4,validation
D:\SyncGuard\data\raw\FakeAVCeleb_v1.2\FakeAVCeleb_v1.2\RealVideo-RealAudio\Caucasian (American)\men\id00708\00043.mp4,RealVideo-RealAudio\Caucasian (American)\men\id00708\00043.mp4,RealVideo-RealAudio,0,real,Caucasian (American),men,id00708,00043.mp4,train
D:\SyncGuard\data\raw\FakeAVCeleb_v1.2\FakeAVCeleb_v1.2\RealVideo-FakeAudio\Asian (South)\men\id00350\00015_fake.mp4,RealVideo-FakeAudio\Asian (South)\men\id00350\00015_fake.mp4,RealVideo-FakeAudio,1,fake,Asian (South),men,id00350,00015_fake.mp4,train
D:\SyncGuard\data\raw\FakeAVCeleb_v1.2\FakeAVCeleb_v1.2\FakeVideo-FakeAudio\Caucasian (American)\men\id01124\00063_id01239_wavtolip.mp4,FakeVideo-FakeAudio\Caucasian (American)\men\id01124\00063_id01239_wavtolip.mp4,FakeVideo-FakeAudio,1,fake,Caucasian (American),men,id01124,00063_id01239_wavtolip.mp4,train
D:\SyncGuard\data\raw\FakeAVCeleb_v1.2\FakeAVCeleb_v1.2\RealVideo-RealAudio\Asian (East)\men\id08652\00006.mp4,RealVideo-RealAudio\Asian (East)\men\id08652\00006.mp4,RealVideo-RealAudio,0,real,Asian (East),men,id08652,00006.mp4,train
D:\SyncGuard\data\raw\FakeAVCeleb_v1.2\FakeAVCeleb_v1.2\FakeVideo-RealAudio\Caucasian (American)\women\id00835\00195_id00291_wavtolip.mp4,FakeVideo-RealAudio\Caucasian (American)\women\id00835\00195_id00291_wavtolip.mp4,FakeVideo-RealAudio,1,fake,Caucasian (American),women,id00835,00195_id00291_wavtolip.mp4,train
D:\SyncGuard\data\raw\FakeAVCeleb_v1.2\FakeAVCeleb_v1.2\RealVideo-RealAudio\Asian (South)\women\id05845\00027.mp4,RealVideo-RealAudio\Asian (South)\women\id05845\00027.mp4,RealVideo-RealAudio,0,real,Asian (South),women,id05845,00027.mp4,train
D:\SyncGuard\data\raw\FakeAVCeleb_v1.2\FakeAVCeleb_v1.2\FakeVideo-FakeAudio\African\men\id02005\00052_id00076_Isiq7cA-DNE_id00830_wavtolip.mp4,FakeVideo-FakeAudio\African\men\id02005\00052_id00076_Isiq7cA-DNE_id00830_wavtolip.mp4,FakeVideo-FakeAudio,1,fake,African,men,id02005,00052_id00076_Isiq7cA-DNE_id00830_wavtolip.mp4,train
D:\SyncGuard\data\raw\FakeAVCeleb_v1.2\FakeAVCeleb_v1.2\FakeVideo-RealAudio\Caucasian (European)\women\id00484\00202_id00806_wavtolip.mp4,FakeVideo-RealAudio\Caucasian (European)\women\id00484\00202_id00806_wavtolip.mp4,FakeVideo-RealAudio,1,fake,Caucasian (European),women,id00484,00202_id00806_wavtolip.mp4,train
D:\SyncGuard\data\raw\FakeAVCeleb_v1.2\FakeAVCeleb_v1.2\FakeVideo-FakeAudio\Caucasian (American)\women\id00680\00110_id00841_wavtolip.mp4,FakeVideo-FakeAudio\Caucasian (American)\women\id00680\00110_id00841_wavtolip.mp4,FakeVideo-FakeAudio,1,fake,Caucasian (American),women,id00680,00110_id00841_wavtolip.mp4,validation
D:\SyncGuard\data\raw\FakeAVCeleb_v1.2\FakeAVCeleb_v1.2\FakeVideo-FakeAudio\Asian (East)\women\id07383\00011_id00935_09fNE0b4Dlg_id09181_wavtolip.mp4,FakeVideo-FakeAudio\Asian (East)\women\id07383\00011_id00935_09fNE0b4Dlg_id09181_wavtolip.mp4,FakeVideo-FakeAudio,1,fake,Asian (East),women,id07383,00011_id00935_09fNE0b4Dlg_id09181_wavtolip.mp4,train
D:\SyncGuard\data\raw\FakeAVCeleb_v1.2\FakeAVCeleb_v1.2\FakeVideo-RealAudio\Caucasian (American)\men\id01239\00280_id01210_sMdOO7NqsGY.mp4,FakeVideo-RealAudio\Caucasian (American)\men\id01239\00280_id01210_sMdOO7NqsGY.mp4,FakeVideo-RealAudio,1,fake,Caucasian (American),men,id01239,00280_id01210_sMdOO7NqsGY.mp4,train
D:\SyncGuard\data\raw\FakeAVCeleb_v1.2\FakeAVCeleb_v1.2\RealVideo-RealAudio\Caucasian (American)\men\id00088\00005.mp4,RealVideo-RealAudio\Caucasian (American)\men\id00088\00005.mp4,RealVideo-RealAudio,0,real,Caucasian (American),men,id00088,00005.mp4,train
D:\SyncGuard\data\raw\FakeAVCeleb_v1.2\FakeAVCeleb_v1.2\FakeVideo-RealAudio\Caucasian (American)\men\id00243\00037_id00060_gZ4RkcQ0SXE.mp4,FakeVideo-RealAudio\Caucasian (American)\men\id00243\00037_id00060_gZ4RkcQ0SXE.mp4,FakeVideo-RealAudio,1,fake,Caucasian (American),men,id00243,00037_id00060_gZ4RkcQ0SXE.mp4,train
D:\SyncGuard\data\raw\FakeAVCeleb_v1.2\FakeAVCeleb_v1.2\RealVideo-RealAudio\Asian (South)\women\id02310\00139.mp4,RealVideo-RealAudio\Asian (South)\women\id02310\00139.mp4,RealVideo-RealAudio,0,real,Asian (South),women,id02310,00139.mp4,train
D:\SyncGuard\data\raw\FakeAVCeleb_v1.2\FakeAVCeleb_v1.2\RealVideo-RealAudio\Asian (East)\women\id08402\00092.mp4,RealVideo-RealAudio\Asian (East)\women\id08402\00092.mp4,RealVideo-RealAudio,0,real,Asian (East),women,id08402,00092.mp4,train
D:\SyncGuard\data\raw\FakeAVCeleb_v1.2\FakeAVCeleb_v1.2\RealVideo-RealAudio\African\women\id01838\00126.mp4,RealVideo-RealAudio\African\women\id01838\00126.mp4,RealVideo-RealAudio,0,real,African,women,id01838,00126.mp4,train
D:\SyncGuard\data\raw\FakeAVCeleb_v1.2\FakeAVCeleb_v1.2\RealVideo-FakeAudio\Asian (East)\women\id02807\00032_fake.mp4,RealVideo-FakeAudio\Asian (East)\women\id02807\00032_fake.mp4,RealVideo-FakeAudio,1,fake,Asian (East),women,id02807,00032_fake.mp4,train
D:\SyncGuard\data\raw\FakeAVCeleb_v1.2\FakeAVCeleb_v1.2\RealVideo-FakeAudio\Asian (South)\men\id00033\00276_fake.mp4,RealVideo-FakeAudio\Asian (South)\men\id00033\00276_fake.mp4,RealVideo-FakeAudio,1,fake,Asian (South),men,id00033,00276_fake.mp4,train
D:\SyncGuard\data\raw\FakeAVCeleb_v1.2\FakeAVCeleb_v1.2\RealVideo-RealAudio\Asian (East)\women\id05844\00072.mp4,RealVideo-RealAudio\Asian (East)\women\id05844\00072.mp4,RealVideo-RealAudio,0,real,Asian (East),women,id05844,00072.mp4,train
D:\SyncGuard\data\raw\FakeAVCeleb_v1.2\FakeAVCeleb_v1.2\RealVideo-FakeAudio\Asian (South)\women\id07078\00405_fake.mp4,RealVideo-FakeAudio\Asian (South)\women\id07078\00405_fake.mp4,RealVideo-FakeAudio,1,fake,Asian (South),women,id07078,00405_fake.mp4,validation
D:\SyncGuard\data\raw\FakeAVCeleb_v1.2\FakeAVCeleb_v1.2\RealVideo-RealAudio\Asian (East)\men\id02561\02561.mp4,RealVideo-RealAudio\Asian (East)\men\id02561\02561.mp4,RealVideo-RealAudio,0,real,Asian (East),men,id02561,02561.mp4,train
D:\SyncGuard\data\raw\FakeAVCeleb_v1.2\FakeAVCeleb_v1.2\FakeVideo-FakeAudio\Caucasian (European)\men\id00548\00015_id01098_wavtolip.mp4,FakeVideo-FakeAudio\Caucasian (European)\men\id00548\00015_id01098_wavtolip.mp4,FakeVideo-FakeAudio,1,fake,Caucasian (European),men,id00548,00015_id01098_wavtolip.mp4,train
D:\SyncGuard\data\raw\FakeAVCeleb_v1.2\FakeAVCeleb_v1.2\RealVideo-RealAudio\Caucasian (European)\women\id03371\00430.mp4,RealVideo-RealAudio\Caucasian (European)\women\id03371\00430.mp4,RealVideo-RealAudio,0,real,Caucasian (European),women,id03371,00430.mp4,train
D:\SyncGuard\data\raw\FakeAVCeleb_v1.2\FakeAVCeleb_v1.2\RealVideo-FakeAudio\Asian (East)\women\id08402\00092_fake.mp4,RealVideo-FakeAudio\Asian (East)\women\id08402\00092_fake.mp4,RealVideo-FakeAudio,1,fake,Asian (East),women,id08402,00092_fake.mp4,train
D:\SyncGuard\data\raw\FakeAVCeleb_v1.2\FakeAVCeleb_v1.2\RealVideo-RealAudio\Caucasian (American)\women\id00145\00043.mp4,RealVideo-RealAudio\Caucasian (American)\women\id00145\00043.mp4,RealVideo-RealAudio,0,real,Caucasian (American),women,id00145,00043.mp4,train
D:\SyncGuard\data\raw\FakeAVCeleb_v1.2\FakeAVCeleb_v1.2\RealVideo-FakeAudio\Asian (East)\men\id08613\00074_fake.mp4,RealVideo-FakeAudio\Asian (East)\men\id08613\00074_fake.mp4,RealVideo-FakeAudio,1,fake,Asian (East),men,id08613,00074_fake.mp4,train
D:\SyncGuard\data\raw\FakeAVCeleb_v1.2\FakeAVCeleb_v1.2\RealVideo-RealAudio\African\women\id01532\00065.mp4,RealVideo-RealAudio\African\women\id01532\00065.mp4,RealVideo-RealAudio,0,real,African,women,id01532,00065.mp4,validation
D:\SyncGuard\data\raw\FakeAVCeleb_v1.2\FakeAVCeleb_v1.2\RealVideo-RealAudio\Asian (East)\men\id02493\00073.mp4,RealVideo-RealAudio\Asian (East)\men\id02493\00073.mp4,RealVideo-RealAudio,0,real,Asian (East),men,id02493,00073.mp4,test
D:\SyncGuard\data\raw\FakeAVCeleb_v1.2\FakeAVCeleb_v1.2\RealVideo-RealAudio\Asian (South)\men\id08314\00028.mp4,RealVideo-RealAudio\Asian (South)\men\id08314\00028.mp4,RealVideo-RealAudio,0,real,Asian (South),men,id08314,00028.mp4,train
D:\SyncGuard\data\raw\FakeAVCeleb_v1.2\FakeAVCeleb_v1.2\RealVideo-FakeAudio\Caucasian (American)\men\id01201\00028_fake.mp4,RealVideo-FakeAudio\Caucasian (American)\men\id01201\00028_fake.mp4,RealVideo-FakeAudio,1,fake,Caucasian (American),men,id01201,00028_fake.mp4,train
D:\SyncGuard\data\raw\FakeAVCeleb_v1.2\FakeAVCeleb_v1.2\FakeVideo-RealAudio\Asian (East)\women\id06054\00010_id01281_wavtolip.mp4,FakeVideo-RealAudio\Asian (East)\women\id06054\00010_id01281_wavtolip.mp4,FakeVideo-RealAudio,1,fake,Asian (East),women,id06054,00010_id01281_wavtolip.mp4,train
D:\SyncGuard\data\raw\FakeAVCeleb_v1.2\FakeAVCeleb_v1.2\RealVideo-RealAudio\Asian (East)\men\id06878\00001.mp4,RealVideo-RealAudio\Asian (East)\men\id06878\00001.mp4,RealVideo-RealAudio,0,real,Asian (East),men,id06878,00001.mp4,test
D:\SyncGuard\data\raw\FakeAVCeleb_v1.2\FakeAVCeleb_v1.2\RealVideo-FakeAudio\Caucasian (American)\women\id01248\00005_fake.mp4,RealVideo-FakeAudio\Caucasian (American)\women\id01248\00005_fake.mp4,RealVideo-FakeAudio,1,fake,Caucasian (American),women,id01248,00005_fake.mp4,train
D:\SyncGuard\data\raw\FakeAVCeleb_v1.2\FakeAVCeleb_v1.2\RealVideo-RealAudio\Caucasian (American)\men\id00052\00015.mp4,RealVideo-RealAudio\Caucasian (American)\men\id00052\00015.mp4,RealVideo-RealAudio,0,real,Caucasian (American),men,id00052,00015.mp4,train
D:\SyncGuard\data\raw\FakeAVCeleb_v1.2\FakeAVCeleb_v1.2\RealVideo-RealAudio\Caucasian (European)\women\id00379\00043.mp4,RealVideo-RealAudio\Caucasian (European)\women\id00379\00043.mp4,RealVideo-RealAudio,0,real,Caucasian (European),women,id00379,00043.mp4,validation
D:\SyncGuard\data\raw\FakeAVCeleb_v1.2\FakeAVCeleb_v1.2\FakeVideo-FakeAudio\Asian (East)\women\id04057\00015_id07799_wavtolip.mp4,FakeVideo-FakeAudio\Asian (East)\women\id04057\00015_id07799_wavtolip.mp4,FakeVideo-FakeAudio,1,fake,Asian (East),women,id04057,00015_id07799_wavtolip.mp4,train
D:\SyncGuard\data\raw\FakeAVCeleb_v1.2\FakeAVCeleb_v1.2\FakeVideo-RealAudio\Caucasian (European)\men\id00520\00187_id00535_BhvTIJ-YG5s.mp4,FakeVideo-RealAudio\Caucasian (European)\men\id00520\00187_id00535_BhvTIJ-YG5s.mp4,FakeVideo-RealAudio,1,fake,Caucasian (European),men,id00520,00187_id00535_BhvTIJ-YG5s.mp4,test
D:\SyncGuard\data\raw\FakeAVCeleb_v1.2\FakeAVCeleb_v1.2\RealVideo-FakeAudio\African\women\id00371\00099_fake.mp4,RealVideo-FakeAudio\African\women\id00371\00099_fake.mp4,RealVideo-FakeAudio,1,fake,African,women,id00371,00099_fake.mp4,test
D:\SyncGuard\data\raw\FakeAVCeleb_v1.2\FakeAVCeleb_v1.2\RealVideo-FakeAudio\Asian (East)\men\id09143\00056_fake.mp4,RealVideo-FakeAudio\Asian (East)\men\id09143\00056_fake.mp4,RealVideo-FakeAudio,1,fake,Asian (East),men,id09143,00056_fake.mp4,test
D:\SyncGuard\data\raw\FakeAVCeleb_v1.2\FakeAVCeleb_v1.2\FakeVideo-RealAudio\Asian (South)\women\id07236\00143_0.mp4,FakeVideo-RealAudio\Asian (South)\women\id07236\00143_0.mp4,FakeVideo-RealAudio,1,fake,Asian (South),women,id07236,00143_0.mp4,validation
D:\SyncGuard\data\raw\FakeAVCeleb_v1.2\FakeAVCeleb_v1.2\RealVideo-FakeAudio\African\men\id00518\00031_fake.mp4,RealVideo-FakeAudio\African\men\id00518\00031_fake.mp4,RealVideo-FakeAudio,1,fake,African,men,id00518,00031_fake.mp4,train
D:\SyncGuard\data\raw\FakeAVCeleb_v1.2\FakeAVCeleb_v1.2\RealVideo-FakeAudio\Caucasian (European)\men\id00368\00078_fake.mp4,RealVideo-FakeAudio\Caucasian (European)\men\id00368\00078_fake.mp4,RealVideo-FakeAudio,1,fake,Caucasian (European),men,id00368,00078_fake.mp4,train
D:\SyncGuard\data\raw\FakeAVCeleb_v1.2\FakeAVCeleb_v1.2\FakeVideo-RealAudio\Caucasian (European)\men\id00183\00015_id00946_wavtolip.mp4,FakeVideo-RealAudio\Caucasian (European)\men\id00183\00015_id00946_wavtolip.mp4,FakeVideo-RealAudio,1,fake,Caucasian (European),men,id00183,00015_id00946_wavtolip.mp4,test
D:\SyncGuard\data\raw\FakeAVCeleb_v1.2\FakeAVCeleb_v1.2\FakeVideo-RealAudio\African\women\id04736\00083_id00568_wavtolip.mp4,FakeVideo-RealAudio\African\women\id04736\00083_id00568_wavtolip.mp4,FakeVideo-RealAudio,1,fake,African,women,id04736,00083_id00568_wavtolip.mp4,train
D:\SyncGuard\data\raw\FakeAVCeleb_v1.2\FakeAVCeleb_v1.2\FakeVideo-RealAudio\Caucasian (European)\women\id00897\00005_id00234_M3g5KRLJB60.mp4,FakeVideo-RealAudio\Caucasian (European)\women\id00897\00005_id00234_M3g5KRLJB60.mp4,FakeVideo-RealAudio,1,fake,Caucasian (European),women,id00897,00005_id00234_M3g5KRLJB60.mp4,train
D:\SyncGuard\data\raw\FakeAVCeleb_v1.2\FakeAVCeleb_v1.2\RealVideo-FakeAudio\Asian (South)\women\id00747\00053_fake.mp4,RealVideo-FakeAudio\Asian (South)\women\id00747\00053_fake.mp4,RealVideo-FakeAudio,1,fake,Asian (South),women,id00747,00053_fake.mp4,train
D:\SyncGuard\data\raw\FakeAVCeleb_v1.2\FakeAVCeleb_v1.2\RealVideo-FakeAudio\Asian (South)\men\id00773\00038_fake.mp4,RealVideo-FakeAudio\Asian (South)\men\id00773\00038_fake.mp4,RealVideo-FakeAudio,1,fake,Asian (South),men,id00773,00038_fake.mp4,validation
D:\SyncGuard\data\raw\FakeAVCeleb_v1.2\FakeAVCeleb_v1.2\RealVideo-FakeAudio\Asian (South)\women\id04529\00186_fake.mp4,RealVideo-FakeAudio\Asian (South)\women\id04529\00186_fake.mp4,RealVideo-FakeAudio,1,fake,Asian (South),women,id04529,00186_fake.mp4,validation
D:\SyncGuard\data\raw\FakeAVCeleb_v1.2\FakeAVCeleb_v1.2\RealVideo-FakeAudio\Caucasian (American)\men\id00264\00257_fake.mp4,RealVideo-FakeAudio\Caucasian (American)\men\id00264\00257_fake.mp4,RealVideo-FakeAudio,1,fake,Caucasian (American),men,id00264,00257_fake.mp4,test
D:\SyncGuard\data\raw\FakeAVCeleb_v1.2\FakeAVCeleb_v1.2\RealVideo-RealAudio\Caucasian (American)\women\id00385\00439.mp4,RealVideo-RealAudio\Caucasian (American)\women\id00385\00439.mp4,RealVideo-RealAudio,0,real,Caucasian (American),women,id00385,00439.mp4,train
D:\SyncGuard\data\raw\FakeAVCeleb_v1.2\FakeAVCeleb_v1.2\RealVideo-FakeAudio\Asian (South)\women\id07377\00025_fake.mp4,RealVideo-FakeAudio\Asian (South)\women\id07377\00025_fake.mp4,RealVideo-FakeAudio,1,fake,Asian (South),women,id07377,00025_fake.mp4,test
D:\SyncGuard\data\raw\FakeAVCeleb_v1.2\FakeAVCeleb_v1.2\RealVideo-FakeAudio\Asian (South)\women\id04530\00231_fake.mp4,RealVideo-FakeAudio\Asian (South)\women\id04530\00231_fake.mp4,RealVideo-FakeAudio,1,fake,Asian (South),women,id04530,00231_fake.mp4,train
D:\SyncGuard\data\raw\FakeAVCeleb_v1.2\FakeAVCeleb_v1.2\RealVideo-FakeAudio\Caucasian (European)\men\id00548\00015_fake.mp4,RealVideo-FakeAudio\Caucasian (European)\men\id00548\00015_fake.mp4,RealVideo-FakeAudio,1,fake,Caucasian (European),men,id00548,00015_fake.mp4,train
D:\SyncGuard\data\raw\FakeAVCeleb_v1.2\FakeAVCeleb_v1.2\RealVideo-RealAudio\Caucasian (American)\men\id01175\00025.mp4,RealVideo-RealAudio\Caucasian (American)\men\id01175\00025.mp4,RealVideo-RealAudio,0,real,Caucasian (American),men,id01175,00025.mp4,validation
D:\SyncGuard\data\raw\FakeAVCeleb_v1.2\FakeAVCeleb_v1.2\RealVideo-RealAudio\African\men\id01598\00044.mp4,RealVideo-RealAudio\African\men\id01598\00044.mp4,RealVideo-RealAudio,0,real,African,men,id01598,00044.mp4,train
D:\SyncGuard\data\raw\FakeAVCeleb_v1.2\FakeAVCeleb_v1.2\RealVideo-FakeAudio\Caucasian (European)\men\id02567\00040_fake.mp4,RealVideo-FakeAudio\Caucasian (European)\men\id02567\00040_fake.mp4,RealVideo-FakeAudio,1,fake,Caucasian (European),men,id02567,00040_fake.mp4,train
D:\SyncGuard\data\raw\FakeAVCeleb_v1.2\FakeAVCeleb_v1.2\RealVideo-RealAudio\African\women\id03713\00249.mp4,RealVideo-RealAudio\African\women\id03713\00249.mp4,RealVideo-RealAudio,0,real,African,women,id03713,00249.mp4,test
D:\SyncGuard\data\raw\FakeAVCeleb_v1.2\FakeAVCeleb_v1.2\RealVideo-RealAudio\Asian (South)\men\id00773\00038.mp4,RealVideo-RealAudio\Asian (South)\men\id00773\00038.mp4,RealVideo-RealAudio,0,real,Asian (South),men,id00773,00038.mp4,validation
D:\SyncGuard\data\raw\FakeAVCeleb_v1.2\FakeAVCeleb_v1.2\RealVideo-RealAudio\African\women\id05106\00078.mp4,RealVideo-RealAudio\African\women\id05106\00078.mp4,RealVideo-RealAudio,0,real,African,women,id05106,00078.mp4,validation
D:\SyncGuard\data\raw\FakeAVCeleb_v1.2\FakeAVCeleb_v1.2\RealVideo-RealAudio\Asian (South)\men\id00414\00052.mp4,RealVideo-RealAudio\Asian (South)\men\id00414\00052.mp4,RealVideo-RealAudio,0,real,Asian (South),men,id00414,00052.mp4,train
D:\SyncGuard\data\raw\FakeAVCeleb_v1.2\FakeAVCeleb_v1.2\FakeVideo-RealAudio\African\men\id01170\00021_id00987_wavtolip.mp4,FakeVideo-RealAudio\African\men\id01170\00021_id00987_wavtolip.mp4,FakeVideo-RealAudio,1,fake,African,men,id01170,00021_id00987_wavtolip.mp4,train
D:\SyncGuard\data\raw\FakeAVCeleb_v1.2\FakeAVCeleb_v1.2\FakeVideo-RealAudio\Asian (South)\men\id08314\00028_id00103_qpTVaP4y5DQ.mp4,FakeVideo-RealAudio\Asian (South)\men\id08314\00028_id00103_qpTVaP4y5DQ.mp4,FakeVideo-RealAudio,1,fake,Asian (South),men,id08314,00028_id00103_qpTVaP4y5DQ.mp4,train
D:\SyncGuard\data\raw\FakeAVCeleb_v1.2\FakeAVCeleb_v1.2\RealVideo-FakeAudio\Caucasian (European)\men\id00187\00360_fake.mp4,RealVideo-FakeAudio\Caucasian (European)\men\id00187\00360_fake.mp4,RealVideo-FakeAudio,1,fake,Caucasian (European),men,id00187,00360_fake.mp4,train
D:\SyncGuard\data\raw\FakeAVCeleb_v1.2\FakeAVCeleb_v1.2\RealVideo-RealAudio\African\women\id05231\00149.mp4,RealVideo-RealAudio\African\women\id05231\00149.mp4,RealVideo-RealAudio,0,real,African,women,id05231,00149.mp4,validation
D:\SyncGuard\data\raw\FakeAVCeleb_v1.2\FakeAVCeleb_v1.2\FakeVideo-RealAudio\Asian (South)\men\id00033\00276_id07058_wavtolip.mp4,FakeVideo-RealAudio\Asian (South)\men\id00033\00276_id07058_wavtolip.mp4,FakeVideo-RealAudio,1,fake,Asian (South),men,id00033,00276_id07058_wavtolip.mp4,train
D:\SyncGuard\data\raw\FakeAVCeleb_v1.2\FakeAVCeleb_v1.2\FakeVideo-RealAudio\Caucasian (European)\women\id03371\00430_id00071_wavtolip.mp4,FakeVideo-RealAudio\Caucasian (European)\women\id03371\00430_id00071_wavtolip.mp4,FakeVideo-RealAudio,1,fake,Caucasian (European),women,id03371,00430_id00071_wavtolip.mp4,train
D:\SyncGuard\data\raw\FakeAVCeleb_v1.2\FakeAVCeleb_v1.2\FakeVideo-RealAudio\Caucasian (European)\women\id01001\00086_id00287_wavtolip.mp4,FakeVideo-RealAudio\Caucasian (European)\women\id01001\00086_id00287_wavtolip.mp4,FakeVideo-RealAudio,1,fake,Caucasian (European),women,id01001,00086_id00287_wavtolip.mp4,test
D:\SyncGuard\data\raw\FakeAVCeleb_v1.2\FakeAVCeleb_v1.2\RealVideo-FakeAudio\Asian (East)\men\id05743\00015_fake.mp4,RealVideo-FakeAudio\Asian (East)\men\id05743\00015_fake.mp4,RealVideo-FakeAudio,1,fake,Asian (East),men,id05743,00015_fake.mp4,validation
D:\SyncGuard\data\raw\FakeAVCeleb_v1.2\FakeAVCeleb_v1.2\RealVideo-FakeAudio\Caucasian (European)\men\id01102\00197_fake.mp4,RealVideo-FakeAudio\Caucasian (European)\men\id01102\00197_fake.mp4,RealVideo-FakeAudio,1,fake,Caucasian (European),men,id01102,00197_fake.mp4,test
D:\SyncGuard\data\raw\FakeAVCeleb_v1.2\FakeAVCeleb_v1.2\RealVideo-RealAudio\African\men\id01856\00006.mp4,RealVideo-RealAudio\African\men\id01856\00006.mp4,RealVideo-RealAudio,0,real,African,men,id01856,00006.mp4,train
D:\SyncGuard\data\raw\FakeAVCeleb_v1.2\FakeAVCeleb_v1.2\RealVideo-FakeAudio\Asian (South)\women\id05434\00052_fake.mp4,RealVideo-FakeAudio\Asian (South)\women\id05434\00052_fake.mp4,RealVideo-FakeAudio,1,fake,Asian (South),women,id05434,00052_fake.mp4,train
D:\SyncGuard\data\raw\FakeAVCeleb_v1.2\FakeAVCeleb_v1.2\FakeVideo-RealAudio\Caucasian (American)\men\id03668\00143_id00264_wavtolip.mp4,FakeVideo-RealAudio\Caucasian (American)\men\id03668\00143_id00264_wavtolip.mp4,FakeVideo-RealAudio,1,fake,Caucasian (American),men,id03668,00143_id00264_wavtolip.mp4,train
D:\SyncGuard\data\raw\FakeAVCeleb_v1.2\FakeAVCeleb_v1.2\RealVideo-FakeAudio\African\women\id03656\00052_fake.mp4,RealVideo-FakeAudio\African\women\id03656\00052_fake.mp4,RealVideo-FakeAudio,1,fake,African,women,id03656,00052_fake.mp4,train
D:\SyncGuard\data\raw\FakeAVCeleb_v1.2\FakeAVCeleb_v1.2\FakeVideo-RealAudio\Caucasian (European)\women\id00813\00169_id00365_XV-imLNJvfk.mp4,FakeVideo-RealAudio\Caucasian (European)\women\id00813\00169_id00365_XV-imLNJvfk.mp4,FakeVideo-RealAudio,1,fake,Caucasian (European),women,id00813,00169_id00365_XV-imLNJvfk.mp4,train
D:\SyncGuard\data\raw\FakeAVCeleb_v1.2\FakeAVCeleb_v1.2\RealVideo-FakeAudio\Asian (East)\men\id01589\00017_fake.mp4,RealVideo-FakeAudio\Asian (East)\men\id01589\00017_fake.mp4,RealVideo-FakeAudio,1,fake,Asian (East),men,id01589,00017_fake.mp4,train
D:\SyncGuard\data\raw\FakeAVCeleb_v1.2\FakeAVCeleb_v1.2\RealVideo-RealAudio\Asian (East)\men\id07338\00003.mp4,RealVideo-RealAudio\Asian (East)\men\id07338\00003.mp4,RealVideo-RealAudio,0,real,Asian (East),men,id07338,00003.mp4,test
D:\SyncGuard\data\raw\FakeAVCeleb_v1.2\FakeAVCeleb_v1.2\FakeVideo-RealAudio\African\men\id01530\00002_id02494_wavtolip.mp4,FakeVideo-RealAudio\African\men\id01530\00002_id02494_wavtolip.mp4,FakeVideo-RealAudio,1,fake,African,men,id01530,00002_id02494_wavtolip.mp4,validation
D:\SyncGuard\data\raw\FakeAVCeleb_v1.2\FakeAVCeleb_v1.2\RealVideo-RealAudio\Caucasian (European)\men\id00266\00470.mp4,RealVideo-RealAudio\Caucasian (European)\men\id00266\00470.mp4,RealVideo-RealAudio,0,real,Caucasian (European),men,id00266,00470.mp4,validation
D:\SyncGuard\data\raw\FakeAVCeleb_v1.2\FakeAVCeleb_v1.2\RealVideo-FakeAudio\Caucasian (American)\women\id00428\00017_fake.mp4,RealVideo-FakeAudio\Caucasian (American)\women\id00428\00017_fake.mp4,RealVideo-FakeAudio,1,fake,Caucasian (American),women,id00428,00017_fake.mp4,train
D:\SyncGuard\data\raw\FakeAVCeleb_v1.2\FakeAVCeleb_v1.2\FakeVideo-FakeAudio\Caucasian (American)\women\id00680\00110_id01223_TO3ym8Gwp7k_id00145_wavtolip.mp4,FakeVideo-FakeAudio\Caucasian (American)\women\id00680\00110_id01223_TO3ym8Gwp7k_id00145_wavtolip.mp4,FakeVideo-FakeAudio,1,fake,Caucasian (American),women,id00680,00110_id01223_TO3ym8Gwp7k_id00145_wavtolip.mp4,validation
D:\SyncGuard\data\raw\FakeAVCeleb_v1.2\FakeAVCeleb_v1.2\RealVideo-RealAudio\Caucasian (American)\women\id01248\00005.mp4,RealVideo-RealAudio\Caucasian (American)\women\id01248\00005.mp4,RealVideo-RealAudio,0,real,Caucasian (American),women,id01248,00005.mp4,train
D:\SyncGuard\data\raw\FakeAVCeleb_v1.2\FakeAVCeleb_v1.2\FakeVideo-FakeAudio\Asian (South)\women\id04070\00072_id07051_wavtolip.mp4,FakeVideo-FakeAudio\Asian (South)\women\id04070\00072_id07051_wavtolip.mp4,FakeVideo-FakeAudio,1,fake,Asian (South),women,id04070,00072_id07051_wavtolip.mp4,train
D:\SyncGuard\data\raw\FakeAVCeleb_v1.2\FakeAVCeleb_v1.2\RealVideo-FakeAudio\Caucasian (European)\women\id03371\00430_fake.mp4,RealVideo-FakeAudio\Caucasian (European)\women\id03371\00430_fake.mp4,RealVideo-FakeAudio,1,fake,Caucasian (European),women,id03371,00430_fake.mp4,train
D:\SyncGuard\data\raw\FakeAVCeleb_v1.2\FakeAVCeleb_v1.2\FakeVideo-RealAudio\Caucasian (European)\women\id00232\00025_id00332_wavtolip.mp4,FakeVideo-RealAudio\Caucasian (European)\women\id00232\00025_id00332_wavtolip.mp4,FakeVideo-RealAudio,1,fake,Caucasian (European),women,id00232,00025_id00332_wavtolip.mp4,test
D:\SyncGuard\data\raw\FakeAVCeleb_v1.2\FakeAVCeleb_v1.2\RealVideo-FakeAudio\Asian (East)\men\id07102\00052_fake.mp4,RealVideo-FakeAudio\Asian (East)\men\id07102\00052_fake.mp4,RealVideo-FakeAudio,1,fake,Asian (East),men,id07102,00052_fake.mp4,train
D:\SyncGuard\data\raw\FakeAVCeleb_v1.2\FakeAVCeleb_v1.2\FakeVideo-RealAudio\Caucasian (European)\men\id00187\00360_id00498_wavtolip.mp4,FakeVideo-RealAudio\Caucasian (European)\men\id00187\00360_id00498_wavtolip.mp4,FakeVideo-RealAudio,1,fake,Caucasian (European),men,id00187,00360_id00498_wavtolip.mp4,train
D:\SyncGuard\data\raw\FakeAVCeleb_v1.2\FakeAVCeleb_v1.2\FakeVideo-RealAudio\Asian (East)\women\id09175\00072_id09116_wavtolip.mp4,FakeVideo-RealAudio\Asian (East)\women\id09175\00072_id09116_wavtolip.mp4,FakeVideo-RealAudio,1,fake,Asian (East),women,id09175,00072_id09116_wavtolip.mp4,validation
D:\SyncGuard\data\raw\FakeAVCeleb_v1.2\FakeAVCeleb_v1.2\RealVideo-RealAudio\Caucasian (European)\men\id01052\00076.mp4,RealVideo-RealAudio\Caucasian (European)\men\id01052\00076.mp4,RealVideo-RealAudio,0,real,Caucasian (European),men,id01052,00076.mp4,train
D:\SyncGuard\data\raw\FakeAVCeleb_v1.2\FakeAVCeleb_v1.2\RealVideo-RealAudio\Asian (South)\women\id00461\00043.mp4,RealVideo-RealAudio\Asian (South)\women\id00461\00043.mp4,RealVideo-RealAudio,0,real,Asian (South),women,id00461,00043.mp4,train
D:\SyncGuard\data\raw\FakeAVCeleb_v1.2\FakeAVCeleb_v1.2\RealVideo-FakeAudio\Caucasian (American)\women\id00616\00305_fake.mp4,RealVideo-FakeAudio\Caucasian (American)\women\id00616\00305_fake.mp4,RealVideo-FakeAudio,1,fake,Caucasian (American),women,id00616,00305_fake.mp4,train
D:\SyncGuard\data\raw\FakeAVCeleb_v1.2\FakeAVCeleb_v1.2\FakeVideo-RealAudio\Caucasian (American)\men\id01172\00015_id00971_wavtolip.mp4,FakeVideo-RealAudio\Caucasian (American)\men\id01172\00015_id00971_wavtolip.mp4,FakeVideo-RealAudio,1,fake,Caucasian (American),men,id01172,00015_id00971_wavtolip.mp4,train
D:\SyncGuard\data\raw\FakeAVCeleb_v1.2\FakeAVCeleb_v1.2\RealVideo-RealAudio\African\women\id02586\00042.mp4,RealVideo-RealAudio\African\women\id02586\00042.mp4,RealVideo-RealAudio,0,real,African,women,id02586,00042.mp4,test
D:\SyncGuard\data\raw\FakeAVCeleb_v1.2\FakeAVCeleb_v1.2\RealVideo-FakeAudio\Asian (South)\men\id00732\00118_fake.mp4,RealVideo-FakeAudio\Asian (South)\men\id00732\00118_fake.mp4,RealVideo-FakeAudio,1,fake,Asian (South),men,id00732,00118_fake.mp4,train
D:\SyncGuard\data\raw\FakeAVCeleb_v1.2\FakeAVCeleb_v1.2\FakeVideo-FakeAudio\Caucasian (European)\men\id00292\00072_id00266_wavtolip.mp4,FakeVideo-FakeAudio\Caucasian (European)\men\id00292\00072_id00266_wavtolip.mp4,FakeVideo-FakeAudio,1,fake,Caucasian (European),men,id00292,00072_id00266_wavtolip.mp4,train
D:\SyncGuard\data\raw\FakeAVCeleb_v1.2\FakeAVCeleb_v1.2\FakeVideo-FakeAudio\Caucasian (American)\women\id00100\00028_1_id00381_wavtolip.mp4,FakeVideo-FakeAudio\Caucasian (American)\women\id00100\00028_1_id00381_wavtolip.mp4,FakeVideo-FakeAudio,1,fake,Caucasian (American),women,id00100,00028_1_id00381_wavtolip.mp4,train
D:\SyncGuard\data\raw\FakeAVCeleb_v1.2\FakeAVCeleb_v1.2\FakeVideo-RealAudio\Caucasian (European)\men\id00282\00268_id00368_KohcGDsg29U.mp4,FakeVideo-RealAudio\Caucasian (European)\men\id00282\00268_id00368_KohcGDsg29U.mp4,FakeVideo-RealAudio,1,fake,Caucasian (European),men,id00282,00268_id00368_KohcGDsg29U.mp4,train
D:\SyncGuard\data\raw\FakeAVCeleb_v1.2\FakeAVCeleb_v1.2\FakeVideo-RealAudio\African\men\id00076\00109_1.mp4,FakeVideo-RealAudio\African\men\id00076\00109_1.mp4,FakeVideo-RealAudio,1,fake,African,men,id00076,00109_1.mp4,train
D:\SyncGuard\data\raw\FakeAVCeleb_v1.2\FakeAVCeleb_v1.2\FakeVideo-FakeAudio\Asian (South)\women\id07236\00143_id05435_OvX-Jv_whcU_faceswap_id05435_wavtolip.mp4,FakeVideo-FakeAudio\Asian (South)\women\id07236\00143_id05435_OvX-Jv_whcU_faceswap_id05435_wavtolip.mp4,FakeVideo-FakeAudio,1,fake,Asian (South),women,id07236,00143_id05435_OvX-Jv_whcU_faceswap_id05435_wavtolip.mp4,validation
D:\SyncGuard\data\raw\FakeAVCeleb_v1.2\FakeAVCeleb_v1.2\FakeVideo-RealAudio\Caucasian (European)\men\id00963\00028_id01156_wavtolip.mp4,FakeVideo-RealAudio\Caucasian (European)\men\id00963\00028_id01156_wavtolip.mp4,FakeVideo-RealAudio,1,fake,Caucasian (European),men,id00963,00028_id01156_wavtolip.mp4,train
D:\SyncGuard\data\raw\FakeAVCeleb_v1.2\FakeAVCeleb_v1.2\RealVideo-RealAudio\Asian (South)\men\id07194\00014.mp4,RealVideo-RealAudio\Asian (South)\men\id07194\00014.mp4,RealVideo-RealAudio,0,real,Asian (South),men,id07194,00014.mp4,train
D:\SyncGuard\data\raw\FakeAVCeleb_v1.2\FakeAVCeleb_v1.2\RealVideo-FakeAudio\Asian (East)\women\id06462\00014_fake.mp4,RealVideo-FakeAudio\Asian (East)\women\id06462\00014_fake.mp4,RealVideo-FakeAudio,1,fake,Asian (East),women,id06462,00014_fake.mp4,train
D:\SyncGuard\data\raw\FakeAVCeleb_v1.2\FakeAVCeleb_v1.2\RealVideo-FakeAudio\Asian (East)\men\id00126\00173_fake.mp4,RealVideo-FakeAudio\Asian (East)\men\id00126\00173_fake.mp4,RealVideo-FakeAudio,1,fake,Asian (East),men,id00126,00173_fake.mp4,train
D:\SyncGuard\data\raw\FakeAVCeleb_v1.2\FakeAVCeleb_v1.2\RealVideo-RealAudio\Caucasian (American)\women\id03605\00048.mp4,RealVideo-RealAudio\Caucasian (American)\women\id03605\00048.mp4,RealVideo-RealAudio,0,real,Caucasian (American),women,id03605,00048.mp4,train
D:\SyncGuard\data\raw\FakeAVCeleb_v1.2\FakeAVCeleb_v1.2\FakeVideo-RealAudio\Caucasian (European)\women\id00325\00015_id00042_wavtolip.mp4,FakeVideo-RealAudio\Caucasian (European)\women\id00325\00015_id00042_wavtolip.mp4,FakeVideo-RealAudio,1,fake,Caucasian (European),women,id00325,00015_id00042_wavtolip.mp4,train
D:\SyncGuard\data\raw\FakeAVCeleb_v1.2\FakeAVCeleb_v1.2\RealVideo-RealAudio\Caucasian (European)\women\id00395\00420.mp4,RealVideo-RealAudio\Caucasian (European)\women\id00395\00420.mp4,RealVideo-RealAudio,0,real,Caucasian (European),women,id00395,00420.mp4,train
D:\SyncGuard\data\raw\FakeAVCeleb_v1.2\FakeAVCeleb_v1.2\FakeVideo-RealAudio\Caucasian (American)\men\id01201\00028_id00062_bctnrIvZHTs.mp4,FakeVideo-RealAudio\Caucasian (American)\men\id01201\00028_id00062_bctnrIvZHTs.mp4,FakeVideo-RealAudio,1,fake,Caucasian (American),men,id01201,00028_id00062_bctnrIvZHTs.mp4,train
D:\SyncGuard\data\raw\FakeAVCeleb_v1.2\FakeAVCeleb_v1.2\RealVideo-RealAudio\Caucasian (American)\women\id00458\00072.mp4,RealVideo-RealAudio\Caucasian (American)\women\id00458\00072.mp4,RealVideo-RealAudio,0,real,Caucasian (American),women,id00458,00072.mp4,train
D:\SyncGuard\data\raw\FakeAVCeleb_v1.2\FakeAVCeleb_v1.2\FakeVideo-RealAudio\Caucasian (American)\women\id01216\00025_id01004_wavtolip.mp4,FakeVideo-RealAudio\Caucasian (American)\women\id01216\00025_id01004_wavtolip.mp4,FakeVideo-RealAudio,1,fake,Caucasian (American),women,id01216,00025_id01004_wavtolip.mp4,train
D:\SyncGuard\data\raw\FakeAVCeleb_v1.2\FakeAVCeleb_v1.2\RealVideo-RealAudio\Caucasian (American)\women\id00098\00004.mp4,RealVideo-RealAudio\Caucasian (American)\women\id00098\00004.mp4,RealVideo-RealAudio,0,real,Caucasian (American),women,id00098,00004.mp4,validation
D:\SyncGuard\data\raw\FakeAVCeleb_v1.2\FakeAVCeleb_v1.2\FakeVideo-RealAudio\African\women\id02808\00056_id02808_wavtolip.mp4,FakeVideo-RealAudio\African\women\id02808\00056_id02808_wavtolip.mp4,FakeVideo-RealAudio,1,fake,African,women,id02808,00056_id02808_wavtolip.mp4,train
D:\SyncGuard\data\raw\FakeAVCeleb_v1.2\FakeAVCeleb_v1.2\FakeVideo-RealAudio\Caucasian (European)\men\id00368\00078_id00292_qELK8N_DykA.mp4,FakeVideo-RealAudio\Caucasian (European)\men\id00368\00078_id00292_qELK8N_DykA.mp4,FakeVideo-RealAudio,1,fake,Caucasian (European),men,id00368,00078_id00292_qELK8N_DykA.mp4,train
D:\SyncGuard\data\raw\FakeAVCeleb_v1.2\FakeAVCeleb_v1.2\FakeVideo-FakeAudio\Asian (South)\men\id00414\00052_id04537_G1e1UFopjfI_faceswap_id07165_wavtolip.mp4,FakeVideo-FakeAudio\Asian (South)\men\id00414\00052_id04537_G1e1UFopjfI_faceswap_id07165_wavtolip.mp4,FakeVideo-FakeAudio,1,fake,Asian (South),men,id00414,00052_id04537_G1e1UFopjfI_faceswap_id07165_wavtolip.mp4,train
D:\SyncGuard\data\raw\FakeAVCeleb_v1.2\FakeAVCeleb_v1.2\FakeVideo-RealAudio\Asian (East)\women\id06061\00002_id06427_dBBAKe2EA_o.mp4,FakeVideo-RealAudio\Asian (East)\women\id06061\00002_id06427_dBBAKe2EA_o.mp4,FakeVideo-RealAudio,1,fake,Asian (East),women,id06061,00002_id06427_dBBAKe2EA_o.mp4,train
D:\SyncGuard\data\raw\FakeAVCeleb_v1.2\FakeAVCeleb_v1.2\RealVideo-RealAudio\Asian (South)\women\id07236\00143.mp4,RealVideo-RealAudio\Asian (South)\women\id07236\00143.mp4,RealVideo-RealAudio,0,real,Asian (South),women,id07236,00143.mp4,validation
D:\SyncGuard\data\raw\FakeAVCeleb_v1.2\FakeAVCeleb_v1.2\RealVideo-RealAudio\African\women\id02948\00298.mp4,RealVideo-RealAudio\African\women\id02948\00298.mp4,RealVideo-RealAudio,0,real,African,women,id02948,00298.mp4,train
D:\SyncGuard\data\raw\FakeAVCeleb_v1.2\FakeAVCeleb_v1.2\FakeVideo-FakeAudio\Caucasian (European)\women\id00823\00125_id00374_wavtolip.mp4,FakeVideo-FakeAudio\Caucasian (European)\women\id00823\00125_id00374_wavtolip.mp4,FakeVideo-FakeAudio,1,fake,Caucasian (European),women,id00823,00125_id00374_wavtolip.mp4,test
D:\SyncGuard\data\raw\FakeAVCeleb_v1.2\FakeAVCeleb_v1.2\FakeVideo-RealAudio\Caucasian (European)\women\id00234\00063_id03816_wavtolip.mp4,FakeVideo-RealAudio\Caucasian (European)\women\id00234\00063_id03816_wavtolip.mp4,FakeVideo-RealAudio,1,fake,Caucasian (European),women,id00234,00063_id03816_wavtolip.mp4,train
D:\SyncGuard\data\raw\FakeAVCeleb_v1.2\FakeAVCeleb_v1.2\RealVideo-FakeAudio\Caucasian (American)\men\id03525\00048_fake.mp4,RealVideo-FakeAudio\Caucasian (American)\men\id03525\00048_fake.mp4,RealVideo-FakeAudio,1,fake,Caucasian (American),men,id03525,00048_fake.mp4,test
D:\SyncGuard\data\raw\FakeAVCeleb_v1.2\FakeAVCeleb_v1.2\RealVideo-FakeAudio\Asian (East)\men\id09053\00005_fake.mp4,RealVideo-FakeAudio\Asian (East)\men\id09053\00005_fake.mp4,RealVideo-FakeAudio,1,fake,Asian (East),men,id09053,00005_fake.mp4,validation
D:\SyncGuard\data\raw\FakeAVCeleb_v1.2\FakeAVCeleb_v1.2\FakeVideo-RealAudio\Asian (South)\women\id07136\00052_id07051_wavtolip.mp4,FakeVideo-RealAudio\Asian (South)\women\id07136\00052_id07051_wavtolip.mp4,FakeVideo-RealAudio,1,fake,Asian (South),women,id07136,00052_id07051_wavtolip.mp4,test
D:\SyncGuard\data\raw\FakeAVCeleb_v1.2\FakeAVCeleb_v1.2\FakeVideo-RealAudio\Asian (East)\women\id01281\00040_id08139_wavtolip.mp4,FakeVideo-RealAudio\Asian (East)\women\id01281\00040_id08139_wavtolip.mp4,FakeVideo-RealAudio,1,fake,Asian (East),women,id01281,00040_id08139_wavtolip.mp4,test
D:\SyncGuard\data\raw\FakeAVCeleb_v1.2\FakeAVCeleb_v1.2\FakeVideo-FakeAudio\African\women\id03713\00249_id03103_wiCYm3THQPw_id04820_wavtolip.mp4,FakeVideo-FakeAudio\African\women\id03713\00249_id03103_wiCYm3THQPw_id04820_wavtolip.mp4,FakeVideo-FakeAudio,1,fake,African,women,id03713,00249_id03103_wiCYm3THQPw_id04820_wavtolip.mp4,test
D:\SyncGuard\data\raw\FakeAVCeleb_v1.2\FakeAVCeleb_v1.2\FakeVideo-FakeAudio\African\men\id00781\00092_id02494_lObg47hQleE_id01171_wavtolip.mp4,FakeVideo-FakeAudio\African\men\id00781\00092_id02494_lObg47hQleE_id01171_wavtolip.mp4,FakeVideo-FakeAudio,1,fake,African,men,id00781,00092_id02494_lObg47hQleE_id01171_wavtolip.mp4,train
D:\SyncGuard\data\raw\FakeAVCeleb_v1.2\FakeAVCeleb_v1.2\RealVideo-FakeAudio\Asian (East)\women\id06427\00138_fake.mp4,RealVideo-FakeAudio\Asian (East)\women\id06427\00138_fake.mp4,RealVideo-FakeAudio,1,fake,Asian (East),women,id06427,00138_fake.mp4,test
D:\SyncGuard\data\raw\FakeAVCeleb_v1.2\FakeAVCeleb_v1.2\FakeVideo-FakeAudio\Caucasian (European)\women\id01001\00086_id00735_wavtolip.mp4,FakeVideo-FakeAudio\Caucasian (European)\women\id01001\00086_id00735_wavtolip.mp4,FakeVideo-FakeAudio,1,fake,Caucasian (European),women,id01001,00086_id00735_wavtolip.mp4,test
D:\SyncGuard\data\raw\FakeAVCeleb_v1.2\FakeAVCeleb_v1.2\RealVideo-FakeAudio\African\men\id01610\00090_fake.mp4,RealVideo-FakeAudio\African\men\id01610\00090_fake.mp4,RealVideo-FakeAudio,1,fake,African,men,id01610,00090_fake.mp4,train
D:\SyncGuard\data\raw\FakeAVCeleb_v1.2\FakeAVCeleb_v1.2\FakeVideo-FakeAudio\African\men\id01597\00005_2_id02494_wavtolip.mp4,FakeVideo-FakeAudio\African\men\id01597\00005_2_id02494_wavtolip.mp4,FakeVideo-FakeAudio,1,fake,African,men,id01597,00005_2_id02494_wavtolip.mp4,train
D:\SyncGuard\data\raw\FakeAVCeleb_v1.2\FakeAVCeleb_v1.2\RealVideo-RealAudio\African\women\id04374\00032.mp4,RealVideo-RealAudio\African\women\id04374\00032.mp4,RealVideo-RealAudio,0,real,African,women,id04374,00032.mp4,train
D:\SyncGuard\data\raw\FakeAVCeleb_v1.2\FakeAVCeleb_v1.2\RealVideo-RealAudio\Caucasian (American)\men\id00062\00278.mp4,RealVideo-RealAudio\Caucasian (American)\men\id00062\00278.mp4,RealVideo-RealAudio,0,real,Caucasian (American),men,id00062,00278.mp4,train
D:\SyncGuard\data\raw\FakeAVCeleb_v1.2\FakeAVCeleb_v1.2\FakeVideo-FakeAudio\Asian (South)\women\id04529\00186_id04529_wavtolip.mp4,FakeVideo-FakeAudio\Asian (South)\women\id04529\00186_id04529_wavtolip.mp4,FakeVideo-FakeAudio,1,fake,Asian (South),women,id04529,00186_id04529_wavtolip.mp4,validation
D:\SyncGuard\data\raw\FakeAVCeleb_v1.2\FakeAVCeleb_v1.2\FakeVideo-FakeAudio\Asian (South)\men\id07210\00005_id03180_wavtolip.mp4,FakeVideo-FakeAudio\Asian (South)\men\id07210\00005_id03180_wavtolip.mp4,FakeVideo-FakeAudio,1,fake,Asian (South),men,id07210,00005_id03180_wavtolip.mp4,validation
D:\SyncGuard\data\raw\FakeAVCeleb_v1.2\FakeAVCeleb_v1.2\FakeVideo-FakeAudio\Caucasian (American)\men\id00169\00021_id01042_wavtolip.mp4,FakeVideo-FakeAudio\Caucasian (American)\men\id00169\00021_id01042_wavtolip.mp4,FakeVideo-FakeAudio,1,fake,Caucasian (American),men,id00169,00021_id01042_wavtolip.mp4,validation
D:\SyncGuard\data\raw\FakeAVCeleb_v1.2\FakeAVCeleb_v1.2\RealVideo-RealAudio\Asian (East)\women\id00430\00209.mp4,RealVideo-RealAudio\Asian (East)\women\id00430\00209.mp4,RealVideo-RealAudio,0,real,Asian (East),women,id00430,00209.mp4,train
D:\SyncGuard\data\raw\FakeAVCeleb_v1.2\FakeAVCeleb_v1.2\FakeVideo-FakeAudio\Caucasian (American)\women\id01217\00005_id00462_EMnGfAq9gg4_id03556_wavtolip.mp4,FakeVideo-FakeAudio\Caucasian (American)\women\id01217\00005_id00462_EMnGfAq9gg4_id03556_wavtolip.mp4,FakeVideo-FakeAudio,1,fake,Caucasian (American),women,id01217,00005_id00462_EMnGfAq9gg4_id03556_wavtolip.mp4,train
D:\SyncGuard\data\raw\FakeAVCeleb_v1.2\FakeAVCeleb_v1.2\FakeVideo-RealAudio\Asian (South)\women\id00417\00069_id06445_wavtolip.mp4,FakeVideo-RealAudio\Asian (South)\women\id00417\00069_id06445_wavtolip.mp4,FakeVideo-RealAudio,1,fake,Asian (South),women,id00417,00069_id06445_wavtolip.mp4,test
D:\SyncGuard\data\raw\FakeAVCeleb_v1.2\FakeAVCeleb_v1.2\RealVideo-RealAudio\Asian (South)\women\id05931\00013.mp4,RealVideo-RealAudio\Asian (South)\women\id05931\00013.mp4,RealVideo-RealAudio,0,real,Asian (South),women,id05931,00013.mp4,test
D:\SyncGuard\data\raw\FakeAVCeleb_v1.2\FakeAVCeleb_v1.2\RealVideo-FakeAudio\Caucasian (European)\men\id00694\00340_fake.mp4,RealVideo-FakeAudio\Caucasian (European)\men\id00694\00340_fake.mp4,RealVideo-FakeAudio,1,fake,Caucasian (European),men,id00694,00340_fake.mp4,train
D:\SyncGuard\data\raw\FakeAVCeleb_v1.2\FakeAVCeleb_v1.2\RealVideo-FakeAudio\Asian (East)\women\id06225\00005_fake.mp4,RealVideo-FakeAudio\Asian (East)\women\id06225\00005_fake.mp4,RealVideo-FakeAudio,1,fake,Asian (East),women,id06225,00005_fake.mp4,train
D:\SyncGuard\data\raw\FakeAVCeleb_v1.2\FakeAVCeleb_v1.2\RealVideo-FakeAudio\Asian (East)\men\id01204\00092_fake.mp4,RealVideo-FakeAudio\Asian (East)\men\id01204\00092_fake.mp4,RealVideo-FakeAudio,1,fake,Asian (East),men,id01204,00092_fake.mp4,train
D:\SyncGuard\data\raw\FakeAVCeleb_v1.2\FakeAVCeleb_v1.2\FakeVideo-RealAudio\African\women\id01838\00126_id01178_wavtolip.mp4,FakeVideo-RealAudio\African\women\id01838\00126_id01178_wavtolip.mp4,FakeVideo-RealAudio,1,fake,African,women,id01838,00126_id01178_wavtolip.mp4,train
D:\SyncGuard\data\raw\FakeAVCeleb_v1.2\FakeAVCeleb_v1.2\RealVideo-FakeAudio\African\men\id02296\00019_fake.mp4,RealVideo-FakeAudio\African\men\id02296\00019_fake.mp4,RealVideo-FakeAudio,1,fake,African,men,id02296,00019_fake.mp4,train
D:\SyncGuard\data\raw\FakeAVCeleb_v1.2\FakeAVCeleb_v1.2\RealVideo-FakeAudio\Caucasian (American)\men\id01048\00160_fake.mp4,RealVideo-FakeAudio\Caucasian (American)\men\id01048\00160_fake.mp4,RealVideo-FakeAudio,1,fake,Caucasian (American),men,id01048,00160_fake.mp4,validation
D:\SyncGuard\data\raw\FakeAVCeleb_v1.2\FakeAVCeleb_v1.2\FakeVideo-RealAudio\Asian (South)\women\id03815\00118_id02619_6AKIR2gTCNU.mp4,FakeVideo-RealAudio\Asian (South)\women\id03815\00118_id02619_6AKIR2gTCNU.mp4,FakeVideo-RealAudio,1,fake,Asian (South),women,id03815,00118_id02619_6AKIR2gTCNU.mp4,train
D:\SyncGuard\data\raw\FakeAVCeleb_v1.2\FakeAVCeleb_v1.2\RealVideo-RealAudio\Asian (South)\men\id00860\00154.mp4,RealVideo-RealAudio\Asian (South)\men\id00860\00154.mp4,RealVideo-RealAudio,0,real,Asian (South),men,id00860,00154.mp4,train
D:\SyncGuard\data\raw\FakeAVCeleb_v1.2\FakeAVCeleb_v1.2\FakeVideo-FakeAudio\Asian (South)\women\id07686\00254_id03897_wavtolip.mp4,FakeVideo-FakeAudio\Asian (South)\women\id07686\00254_id03897_wavtolip.mp4,FakeVideo-FakeAudio,1,fake,Asian (South),women,id07686,00254_id03897_wavtolip.mp4,train
D:\SyncGuard\data\raw\FakeAVCeleb_v1.2\FakeAVCeleb_v1.2\RealVideo-RealAudio\Caucasian (American)\women\id03707\00055.mp4,RealVideo-RealAudio\Caucasian (American)\women\id03707\00055.mp4,RealVideo-RealAudio,0,real,Caucasian (American),women,id03707,00055.mp4,train
D:\SyncGuard\data\raw\FakeAVCeleb_v1.2\FakeAVCeleb_v1.2\FakeVideo-FakeAudio\Caucasian (American)\women\id00272\00195_id00180_lkeAa8Od_tg_id00462_wavtolip.mp4,FakeVideo-FakeAudio\Caucasian (American)\women\id00272\00195_id00180_lkeAa8Od_tg_id00462_wavtolip.mp4,FakeVideo-FakeAudio,1,fake,Caucasian (American),women,id00272,00195_id00180_lkeAa8Od_tg_id00462_wavtolip.mp4,train
D:\SyncGuard\data\raw\FakeAVCeleb_v1.2\FakeAVCeleb_v1.2\RealVideo-FakeAudio\Caucasian (American)\women\id01238\00037_fake.mp4,RealVideo-FakeAudio\Caucasian (American)\women\id01238\00037_fake.mp4,RealVideo-FakeAudio,1,fake,Caucasian (American),women,id01238,00037_fake.mp4,train
D:\SyncGuard\data\raw\FakeAVCeleb_v1.2\FakeAVCeleb_v1.2\RealVideo-FakeAudio\African\women\id03658\00077_fake.mp4,RealVideo-FakeAudio\African\women\id03658\00077_fake.mp4,RealVideo-FakeAudio,1,fake,African,women,id03658,00077_fake.mp4,train
D:\SyncGuard\data\raw\FakeAVCeleb_v1.2\FakeAVCeleb_v1.2\FakeVideo-FakeAudio\Caucasian (European)\women\id03649\00001_id00633_UXrTMta1EDM_id00287_wavtolip.mp4,FakeVideo-FakeAudio\Caucasian (European)\women\id03649\00001_id00633_UXrTMta1EDM_id00287_wavtolip.mp4,FakeVideo-FakeAudio,1,fake,Caucasian (European),women,id03649,00001_id00633_UXrTMta1EDM_id00287_wavtolip.mp4,train
D:\SyncGuard\data\raw\FakeAVCeleb_v1.2\FakeAVCeleb_v1.2\FakeVideo-FakeAudio\Caucasian (American)\men\id00049\00118_id00696_7PrURACjhqU_id03757_wavtolip.mp4,FakeVideo-FakeAudio\Caucasian (American)\men\id00049\00118_id00696_7PrURACjhqU_id03757_wavtolip.mp4,FakeVideo-FakeAudio,1,fake,Caucasian (American),men,id00049,00118_id00696_7PrURACjhqU_id03757_wavtolip.mp4,train
D:\SyncGuard\data\raw\FakeAVCeleb_v1.2\FakeAVCeleb_v1.2\FakeVideo-FakeAudio\Caucasian (European)\women\id00232\00025_id00484_u7YTz8eFZv0_id00270_wavtolip.mp4,FakeVideo-FakeAudio\Caucasian (European)\women\id00232\00025_id00484_u7YTz8eFZv0_id00270_wavtolip.mp4,FakeVideo-FakeAudio,1,fake,Caucasian (European),women,id00232,00025_id00484_u7YTz8eFZv0_id00270_wavtolip.mp4,test
D:\SyncGuard\data\raw\FakeAVCeleb_v1.2\FakeAVCeleb_v1.2\FakeVideo-RealAudio\Asian (East)\women\id07383\00011_id00935_09fNE0b4Dlg.mp4,FakeVideo-RealAudio\Asian (East)\women\id07383\00011_id00935_09fNE0b4Dlg.mp4,FakeVideo-RealAudio,1,fake,Asian (East),women,id07383,00011_id00935_09fNE0b4Dlg.mp4,train
D:\SyncGuard\data\raw\FakeAVCeleb_v1.2\FakeAVCeleb_v1.2\FakeVideo-FakeAudio\Asian (East)\women\id09125\00098_id06225_wavtolip.mp4,FakeVideo-FakeAudio\Asian (East)\women\id09125\00098_id06225_wavtolip.mp4,FakeVideo-FakeAudio,1,fake,Asian (East),women,id09125,00098_id06225_wavtolip.mp4,train
D:\SyncGuard\data\raw\FakeAVCeleb_v1.2\FakeAVCeleb_v1.2\FakeVideo-RealAudio\Asian (East)\women\id00363\00014_id06427_wavtolip.mp4,FakeVideo-RealAudio\Asian (East)\women\id00363\00014_id06427_wavtolip.mp4,FakeVideo-RealAudio,1,fake,Asian (East),women,id00363,00014_id06427_wavtolip.mp4,test
D:\SyncGuard\data\raw\FakeAVCeleb_v1.2\FakeAVCeleb_v1.2\RealVideo-FakeAudio\Asian (South)\women\id04490\00054_fake.mp4,RealVideo-FakeAudio\Asian (South)\women\id04490\00054_fake.mp4,RealVideo-FakeAudio,1,fake,Asian (South),women,id04490,00054_fake.mp4,validation
D:\SyncGuard\data\raw\FakeAVCeleb_v1.2\FakeAVCeleb_v1.2\FakeVideo-RealAudio\Caucasian (European)\women\id01002\00043_id00325_4vJtbNe0L98.mp4,FakeVideo-RealAudio\Caucasian (European)\women\id01002\00043_id00325_4vJtbNe0L98.mp4,FakeVideo-RealAudio,1,fake,Caucasian (European),women,id01002,00043_id00325_4vJtbNe0L98.mp4,test
D:\SyncGuard\data\raw\FakeAVCeleb_v1.2\FakeAVCeleb_v1.2\FakeVideo-FakeAudio\Caucasian (American)\men\id00264\00257_id03678_wavtolip.mp4,FakeVideo-FakeAudio\Caucasian (American)\men\id00264\00257_id03678_wavtolip.mp4,FakeVideo-FakeAudio,1,fake,Caucasian (American),men,id00264,00257_id03678_wavtolip.mp4,test
D:\SyncGuard\data\raw\FakeAVCeleb_v1.2\FakeAVCeleb_v1.2\RealVideo-RealAudio\Asian (South)\men\id07768\00143.mp4,RealVideo-RealAudio\Asian (South)\men\id07768\00143.mp4,RealVideo-RealAudio,0,real,Asian (South),men,id07768,00143.mp4,validation
D:\SyncGuard\data\raw\FakeAVCeleb_v1.2\FakeAVCeleb_v1.2\FakeVideo-RealAudio\Caucasian (American)\men\id04221\00053_id00052_NK_leX996Yk.mp4,FakeVideo-RealAudio\Caucasian (American)\men\id04221\00053_id00052_NK_leX996Yk.mp4,FakeVideo-RealAudio,1,fake,Caucasian (American),men,id04221,00053_id00052_NK_leX996Yk.mp4,train
D:\SyncGuard\data\raw\FakeAVCeleb_v1.2\FakeAVCeleb_v1.2\RealVideo-RealAudio\Caucasian (American)\men\id00264\00257.mp4,RealVideo-RealAudio\Caucasian (American)\men\id00264\00257.mp4,RealVideo-RealAudio,0,real,Caucasian (American),men,id00264,00257.mp4,test
D:\SyncGuard\data\raw\FakeAVCeleb_v1.2\FakeAVCeleb_v1.2\FakeVideo-FakeAudio\Caucasian (European)\men\id00368\00078_id00963_wavtolip.mp4,FakeVideo-FakeAudio\Caucasian (European)\men\id00368\00078_id00963_wavtolip.mp4,FakeVideo-FakeAudio,1,fake,Caucasian (European),men,id00368,00078_id00963_wavtolip.mp4,train
D:\SyncGuard\data\raw\FakeAVCeleb_v1.2\FakeAVCeleb_v1.2\RealVideo-RealAudio\Caucasian (American)\women\id00398\00016.mp4,RealVideo-RealAudio\Caucasian (American)\women\id00398\00016.mp4,RealVideo-RealAudio,0,real,Caucasian (American),women,id00398,00016.mp4,train
D:\SyncGuard\data\raw\FakeAVCeleb_v1.2\FakeAVCeleb_v1.2\RealVideo-FakeAudio\Caucasian (European)\women\id03716\00040_fake.mp4,RealVideo-FakeAudio\Caucasian (European)\women\id03716\00040_fake.mp4,RealVideo-FakeAudio,1,fake,Caucasian (European),women,id03716,00040_fake.mp4,test
D:\SyncGuard\data\raw\FakeAVCeleb_v1.2\FakeAVCeleb_v1.2\RealVideo-FakeAudio\Caucasian (American)\women\id00097\00162_fake.mp4,RealVideo-FakeAudio\Caucasian (American)\women\id00097\00162_fake.mp4,RealVideo-FakeAudio,1,fake,Caucasian (American),women,id00097,00162_fake.mp4,validation
D:\SyncGuard\data\raw\FakeAVCeleb_v1.2\FakeAVCeleb_v1.2\RealVideo-RealAudio\Caucasian (European)\women\id00403\00052.mp4,RealVideo-RealAudio\Caucasian (European)\women\id00403\00052.mp4,RealVideo-RealAudio,0,real,Caucasian (European),women,id00403,00052.mp4,validation
D:\SyncGuard\data\raw\FakeAVCeleb_v1.2\FakeAVCeleb_v1.2\RealVideo-FakeAudio\African\women\id04540\00078_fake.mp4,RealVideo-FakeAudio\African\women\id04540\00078_fake.mp4,RealVideo-FakeAudio,1,fake,African,women,id04540,00078_fake.mp4,train
D:\SyncGuard\data\raw\FakeAVCeleb_v1.2\FakeAVCeleb_v1.2\FakeVideo-FakeAudio\Asian (South)\women\id06437\00028_id04529_wavtolip.mp4,FakeVideo-FakeAudio\Asian (South)\women\id06437\00028_id04529_wavtolip.mp4,FakeVideo-FakeAudio,1,fake,Asian (South),women,id06437,00028_id04529_wavtolip.mp4,train
D:\SyncGuard\data\raw\FakeAVCeleb_v1.2\FakeAVCeleb_v1.2\RealVideo-RealAudio\Asian (South)\women\id04530\00231.mp4,RealVideo-RealAudio\Asian (South)\women\id04530\00231.mp4,RealVideo-RealAudio,0,real,Asian (South),women,id04530,00231.mp4,train
D:\SyncGuard\data\raw\FakeAVCeleb_v1.2\FakeAVCeleb_v1.2\FakeVideo-RealAudio\African\women\id04736\00083_id00359_wavtolip.mp4,FakeVideo-RealAudio\African\women\id04736\00083_id00359_wavtolip.mp4,FakeVideo-RealAudio,1,fake,African,women,id04736,00083_id00359_wavtolip.mp4,train
D:\SyncGuard\data\raw\FakeAVCeleb_v1.2\FakeAVCeleb_v1.2\RealVideo-RealAudio\Caucasian (American)\men\id00018\00181.mp4,RealVideo-RealAudio\Caucasian (American)\men\id00018\00181.mp4,RealVideo-RealAudio,0,real,Caucasian (American),men,id00018,00181.mp4,train
D:\SyncGuard\data\raw\FakeAVCeleb_v1.2\FakeAVCeleb_v1.2\FakeVideo-FakeAudio\Asian (South)\men\id00816\00118_id00414_wavtolip (1).mp4,FakeVideo-FakeAudio\Asian (South)\men\id00816\00118_id00414_wavtolip (1).mp4,FakeVideo-FakeAudio,1,fake,Asian (South),men,id00816,00118_id00414_wavtolip (1).mp4,validation
D:\SyncGuard\data\raw\FakeAVCeleb_v1.2\FakeAVCeleb_v1.2\FakeVideo-RealAudio\Asian (East)\men\id05479\05479_id03028_wavtolip.mp4,FakeVideo-RealAudio\Asian (East)\men\id05479\05479_id03028_wavtolip.mp4,FakeVideo-RealAudio,1,fake,Asian (East),men,id05479,05479_id03028_wavtolip.mp4,train
D:\SyncGuard\data\raw\FakeAVCeleb_v1.2\FakeAVCeleb_v1.2\FakeVideo-FakeAudio\Caucasian (American)\men\id01035\00012_0_id00184_wavtolip.mp4,FakeVideo-FakeAudio\Caucasian (American)\men\id01035\00012_0_id00184_wavtolip.mp4,FakeVideo-FakeAudio,1,fake,Caucasian (American),men,id01035,00012_0_id00184_wavtolip.mp4,train
D:\SyncGuard\data\raw\FakeAVCeleb_v1.2\FakeAVCeleb_v1.2\FakeVideo-FakeAudio\Asian (South)\men\id07165\00368_id00459_ubskcDDe7kM_id00732_wavtolip.mp4,FakeVideo-FakeAudio\Asian (South)\men\id07165\00368_id00459_ubskcDDe7kM_id00732_wavtolip.mp4,FakeVideo-FakeAudio,1,fake,Asian (South),men,id07165,00368_id00459_ubskcDDe7kM_id00732_wavtolip.mp4,test
D:\SyncGuard\data\raw\FakeAVCeleb_v1.2\FakeAVCeleb_v1.2\RealVideo-RealAudio\Caucasian (European)\women\id00373\00028.mp4,RealVideo-RealAudio\Caucasian (European)\women\id00373\00028.mp4,RealVideo-RealAudio,0,real,Caucasian (European),women,id00373,00028.mp4,validation
D:\SyncGuard\data\raw\FakeAVCeleb_v1.2\FakeAVCeleb_v1.2\FakeVideo-RealAudio\Caucasian (American)\men\id03668\00143_id00020_VXYAbbQWyQM.mp4,FakeVideo-RealAudio\Caucasian (American)\men\id03668\00143_id00020_VXYAbbQWyQM.mp4,FakeVideo-RealAudio,1,fake,Caucasian (American),men,id03668,00143_id00020_VXYAbbQWyQM.mp4,train
D:\SyncGuard\data\raw\FakeAVCeleb_v1.2\FakeAVCeleb_v1.2\FakeVideo-FakeAudio\Caucasian (European)\women\id00325\00015_id03844_wavtolip.mp4,FakeVideo-FakeAudio\Caucasian (European)\women\id00325\00015_id03844_wavtolip.mp4,FakeVideo-FakeAudio,1,fake,Caucasian (European),women,id00325,00015_id03844_wavtolip.mp4,train
D:\SyncGuard\data\raw\FakeAVCeleb_v1.2\FakeAVCeleb_v1.2\FakeVideo-RealAudio\Caucasian (American)\women\id00098\00004_id00180_lkeAa8Od_tg.mp4,FakeVideo-RealAudio\Caucasian (American)\women\id00098\00004_id00180_lkeAa8Od_tg.mp4,FakeVideo-RealAudio,1,fake,Caucasian (American),women,id00098,00004_id00180_lkeAa8Od_tg.mp4,validation
D:\SyncGuard\data\raw\FakeAVCeleb_v1.2\FakeAVCeleb_v1.2\RealVideo-RealAudio\Caucasian (American)\women\id00381\00030.mp4,RealVideo-RealAudio\Caucasian (American)\women\id00381\00030.mp4,RealVideo-RealAudio,0,real,Caucasian (American),women,id00381,00030.mp4,test
D:\SyncGuard\data\raw\FakeAVCeleb_v1.2\FakeAVCeleb_v1.2\RealVideo-RealAudio\African\men\id02005\00052.mp4,RealVideo-RealAudio\African\men\id02005\00052.mp4,RealVideo-RealAudio,0,real,African,men,id02005,00052.mp4,train
D:\SyncGuard\data\raw\FakeAVCeleb_v1.2\FakeAVCeleb_v1.2\RealVideo-RealAudio\Asian (East)\women\id06158\00015.mp4,RealVideo-RealAudio\Asian (East)\women\id06158\00015.mp4,RealVideo-RealAudio,0,real,Asian (East),women,id06158,00015.mp4,validation
D:\SyncGuard\data\raw\FakeAVCeleb_v1.2\FakeAVCeleb_v1.2\RealVideo-FakeAudio\Caucasian (American)\men\id01105\00083_fake.mp4,RealVideo-FakeAudio\Caucasian (American)\men\id01105\00083_fake.mp4,RealVideo-FakeAudio,1,fake,Caucasian (American),men,id01105,00083_fake.mp4,train
D:\SyncGuard\data\raw\FakeAVCeleb_v1.2\FakeAVCeleb_v1.2\FakeVideo-RealAudio\Caucasian (American)\women\id00575\00092_id01217_wavtolip.mp4,FakeVideo-RealAudio\Caucasian (American)\women\id00575\00092_id01217_wavtolip.mp4,FakeVideo-RealAudio,1,fake,Caucasian (American),women,id00575,00092_id01217_wavtolip.mp4,train
D:\SyncGuard\data\raw\FakeAVCeleb_v1.2\FakeAVCeleb_v1.2\RealVideo-FakeAudio\Caucasian (European)\men\id00063\00021_fake.mp4,RealVideo-FakeAudio\Caucasian (European)\men\id00063\00021_fake.mp4,RealVideo-FakeAudio,1,fake,Caucasian (European),men,id00063,00021_fake.mp4,validation
D:\SyncGuard\data\raw\FakeAVCeleb_v1.2\FakeAVCeleb_v1.2\RealVideo-FakeAudio\Caucasian (European)\women\id03589\00002_fake.mp4,RealVideo-FakeAudio\Caucasian (European)\women\id03589\00002_fake.mp4,RealVideo-FakeAudio,1,fake,Caucasian (European),women,id03589,00002_fake.mp4,train
D:\SyncGuard\data\raw\FakeAVCeleb_v1.2\FakeAVCeleb_v1.2\RealVideo-FakeAudio\Caucasian (European)\women\id00328\00092_fake.mp4,RealVideo-FakeAudio\Caucasian (European)\women\id00328\00092_fake.mp4,RealVideo-FakeAudio,1,fake,Caucasian (European),women,id00328,00092_fake.mp4,train
D:\SyncGuard\data\raw\FakeAVCeleb_v1.2\FakeAVCeleb_v1.2\RealVideo-FakeAudio\African\men\id02051\00015_fake.mp4,RealVideo-FakeAudio\African\men\id02051\00015_fake.mp4,RealVideo-FakeAudio,1,fake,African,men,id02051,00015_fake.mp4,train
D:\SyncGuard\data\raw\FakeAVCeleb_v1.2\FakeAVCeleb_v1.2\RealVideo-RealAudio\Caucasian (European)\men\id00981\00092.mp4,RealVideo-RealAudio\Caucasian (European)\men\id00981\00092.mp4,RealVideo-RealAudio,0,real,Caucasian (European),men,id00981,00092.mp4,train
D:\SyncGuard\data\raw\FakeAVCeleb_v1.2\FakeAVCeleb_v1.2\RealVideo-RealAudio\African\women\id04705\00408.mp4,RealVideo-RealAudio\African\women\id04705\00408.mp4,RealVideo-RealAudio,0,real,African,women,id04705,00408.mp4,train
D:\SyncGuard\data\raw\FakeAVCeleb_v1.2\FakeAVCeleb_v1.2\RealVideo-FakeAudio\Caucasian (American)\men\id01168\00028_fake.mp4,RealVideo-FakeAudio\Caucasian (American)\men\id01168\00028_fake.mp4,RealVideo-FakeAudio,1,fake,Caucasian (American),men,id01168,00028_fake.mp4,validation
D:\SyncGuard\data\raw\FakeAVCeleb_v1.2\FakeAVCeleb_v1.2\FakeVideo-FakeAudio\African\men\id00781\00092_id00476_UgdYVJ6xPYg_faceswap_id02494_wavtolip.mp4,FakeVideo-FakeAudio\African\men\id00781\00092_id00476_UgdYVJ6xPYg_faceswap_id02494_wavtolip.mp4,FakeVideo-FakeAudio,1,fake,African,men,id00781,00092_id00476_UgdYVJ6xPYg_faceswap_id02494_wavtolip.mp4,train
D:\SyncGuard\data\raw\FakeAVCeleb_v1.2\FakeAVCeleb_v1.2\FakeVideo-FakeAudio\Asian (East)\men\id05743\00015_id00597_uJ61GYESokY_id00863_wavtolip.mp4,FakeVideo-FakeAudio\Asian (East)\men\id05743\00015_id00597_uJ61GYESokY_id00863_wavtolip.mp4,FakeVideo-FakeAudio,1,fake,Asian (East),men,id05743,00015_id00597_uJ61GYESokY_id00863_wavtolip.mp4,validation
D:\SyncGuard\data\raw\FakeAVCeleb_v1.2\FakeAVCeleb_v1.2\FakeVideo-RealAudio\Caucasian (American)\men\id01163\00195_id00708_wavtolip.mp4,FakeVideo-RealAudio\Caucasian (American)\men\id01163\00195_id00708_wavtolip.mp4,FakeVideo-RealAudio,1,fake,Caucasian (American),men,id01163,00195_id00708_wavtolip.mp4,train
D:\SyncGuard\data\raw\FakeAVCeleb_v1.2\FakeAVCeleb_v1.2\FakeVideo-RealAudio\African\women\id01661\00059_id01661_wavtolip.mp4,FakeVideo-RealAudio\African\women\id01661\00059_id01661_wavtolip.mp4,FakeVideo-RealAudio,1,fake,African,women,id01661,00059_id01661_wavtolip.mp4,train
D:\SyncGuard\data\raw\FakeAVCeleb_v1.2\FakeAVCeleb_v1.2\RealVideo-FakeAudio\African\women\id00568\00384_fake.mp4,RealVideo-FakeAudio\African\women\id00568\00384_fake.mp4,RealVideo-FakeAudio,1,fake,African,women,id00568,00384_fake.mp4,train
D:\SyncGuard\data\raw\FakeAVCeleb_v1.2\FakeAVCeleb_v1.2\RealVideo-FakeAudio\Caucasian (American)\men\id00087\00002_fake.mp4,RealVideo-FakeAudio\Caucasian (American)\men\id00087\00002_fake.mp4,RealVideo-FakeAudio,1,fake,Caucasian (American),men,id00087,00002_fake.mp4,train
D:\SyncGuard\data\raw\FakeAVCeleb_v1.2\FakeAVCeleb_v1.2\RealVideo-RealAudio\Asian (South)\women\id05435\00107.mp4,RealVideo-RealAudio\Asian (South)\women\id05435\00107.mp4,RealVideo-RealAudio,0,real,Asian (South),women,id05435,00107.mp4,train
D:\SyncGuard\data\raw\FakeAVCeleb_v1.2\FakeAVCeleb_v1.2\RealVideo-FakeAudio\Caucasian (American)\women\id00848\00028_fake.mp4,RealVideo-FakeAudio\Caucasian (American)\women\id00848\00028_fake.mp4,RealVideo-FakeAudio,1,fake,Caucasian (American),women,id00848,00028_fake.mp4,train
D:\SyncGuard\data\raw\FakeAVCeleb_v1.2\FakeAVCeleb_v1.2\FakeVideo-FakeAudio\Caucasian (American)\men\id04216\00470_id01105_qxMlGJlyfA8_id01172_wavtolip.mp4,FakeVideo-FakeAudio\Caucasian (American)\men\id04216\00470_id01105_qxMlGJlyfA8_id01172_wavtolip.mp4,FakeVideo-FakeAudio,1,fake,Caucasian (American),men,id04216,00470_id01105_qxMlGJlyfA8_id01172_wavtolip.mp4,test
D:\SyncGuard\data\raw\FakeAVCeleb_v1.2\FakeAVCeleb_v1.2\RealVideo-FakeAudio\African\women\id01532\00065_fake.mp4,RealVideo-FakeAudio\African\women\id01532\00065_fake.mp4,RealVideo-FakeAudio,1,fake,African,women,id01532,00065_fake.mp4,validation
D:\SyncGuard\data\raw\FakeAVCeleb_v1.2\FakeAVCeleb_v1.2\FakeVideo-RealAudio\Asian (South)\women\id07008\00175_id07051_d1c0Pl2aP_4.mp4,FakeVideo-RealAudio\Asian (South)\women\id07008\00175_id07051_d1c0Pl2aP_4.mp4,FakeVideo-RealAudio,1,fake,Asian (South),women,id07008,00175_id07051_d1c0Pl2aP_4.mp4,train
D:\SyncGuard\data\raw\FakeAVCeleb_v1.2\FakeAVCeleb_v1.2\FakeVideo-RealAudio\African\men\id01933\00028_id02316_yrrNcmZ-xmI.mp4,FakeVideo-RealAudio\African\men\id01933\00028_id02316_yrrNcmZ-xmI.mp4,FakeVideo-RealAudio,1,fake,African,men,id01933,00028_id02316_yrrNcmZ-xmI.mp4,train
D:\SyncGuard\data\raw\FakeAVCeleb_v1.2\FakeAVCeleb_v1.2\RealVideo-FakeAudio\Caucasian (European)\men\id01156\00078_fake.mp4,RealVideo-FakeAudio\Caucasian (European)\men\id01156\00078_fake.mp4,RealVideo-FakeAudio,1,fake,Caucasian (European),men,id01156,00078_fake.mp4,train
D:\SyncGuard\data\raw\FakeAVCeleb_v1.2\FakeAVCeleb_v1.2\FakeVideo-RealAudio\Caucasian (American)\men\id01163\00195_id00060_gZ4RkcQ0SXE.mp4,FakeVideo-RealAudio\Caucasian (American)\men\id01163\00195_id00060_gZ4RkcQ0SXE.mp4,FakeVideo-RealAudio,1,fake,Caucasian (American),men,id01163,00195_id00060_gZ4RkcQ0SXE.mp4,train
D:\SyncGuard\data\raw\FakeAVCeleb_v1.2\FakeAVCeleb_v1.2\FakeVideo-FakeAudio\Caucasian (European)\men\id00282\00268_id01098_wavtolip.mp4,FakeVideo-FakeAudio\Caucasian (European)\men\id00282\00268_id01098_wavtolip.mp4,FakeVideo-FakeAudio,1,fake,Caucasian (European),men,id00282,00268_id01098_wavtolip.mp4,train
D:\SyncGuard\data\raw\FakeAVCeleb_v1.2\FakeAVCeleb_v1.2\FakeVideo-FakeAudio\African\women\id00829\00271_id01838_wavtolip.mp4,FakeVideo-FakeAudio\African\women\id00829\00271_id01838_wavtolip.mp4,FakeVideo-FakeAudio,1,fake,African,women,id00829,00271_id01838_wavtolip.mp4,validation
D:\SyncGuard\data\raw\FakeAVCeleb_v1.2\FakeAVCeleb_v1.2\FakeVideo-FakeAudio\African\women\id04055\00001_id02824_wavtolip.mp4,FakeVideo-FakeAudio\African\women\id04055\00001_id02824_wavtolip.mp4,FakeVideo-FakeAudio,1,fake,African,women,id04055,00001_id02824_wavtolip.mp4,train
D:\SyncGuard\data\raw\FakeAVCeleb_v1.2\FakeAVCeleb_v1.2\FakeVideo-RealAudio\Asian (South)\women\id03985\00005_id00149_s2evR-nUhVY.mp4,FakeVideo-RealAudio\Asian (South)\women\id03985\00005_id00149_s2evR-nUhVY.mp4,FakeVideo-RealAudio,1,fake,Asian (South),women,id03985,00005_id00149_s2evR-nUhVY.mp4,train
D:\SyncGuard\data\raw\FakeAVCeleb_v1.2\FakeAVCeleb_v1.2\FakeVideo-FakeAudio\Caucasian (European)\men\id00963\00028_id00241_DlI4wqSFwbI_id00535_wavtolip.mp4,FakeVideo-FakeAudio\Caucasian (European)\men\id00963\00028_id00241_DlI4wqSFwbI_id00535_wavtolip.mp4,FakeVideo-FakeAudio,1,fake,Caucasian (European),men,id00963,00028_id00241_DlI4wqSFwbI_id00535_wavtolip.mp4,train
D:\SyncGuard\data\raw\FakeAVCeleb_v1.2\FakeAVCeleb_v1.2\RealVideo-FakeAudio\Caucasian (European)\men\id00946\00126_fake.mp4,RealVideo-FakeAudio\Caucasian (European)\men\id00946\00126_fake.mp4,RealVideo-FakeAudio,1,fake,Caucasian (European),men,id00946,00126_fake.mp4,validation
D:\SyncGuard\data\raw\FakeAVCeleb_v1.2\FakeAVCeleb_v1.2\FakeVideo-FakeAudio\Asian (East)\women\id09175\00072_id06388_AtidJ-WlONc_id06054_wavtolip.mp4,FakeVideo-FakeAudio\Asian (East)\women\id09175\00072_id06388_AtidJ-WlONc_id06054_wavtolip.mp4,FakeVideo-FakeAudio,1,fake,Asian (East),women,id09175,00072_id06388_AtidJ-WlONc_id06054_wavtolip.mp4,validation
D:\SyncGuard\data\raw\FakeAVCeleb_v1.2\FakeAVCeleb_v1.2\FakeVideo-RealAudio\African\women\id02508\00083_id01907_wavtolip.mp4,FakeVideo-RealAudio\African\women\id02508\00083_id01907_wavtolip.mp4,FakeVideo-RealAudio,1,fake,African,women,id02508,00083_id01907_wavtolip.mp4,test
D:\SyncGuard\data\raw\FakeAVCeleb_v1.2\FakeAVCeleb_v1.2\FakeVideo-FakeAudio\Asian (East)\women\id00579\00030_id00935_09fNE0b4Dlg_id00137_wavtolip.mp4,FakeVideo-FakeAudio\Asian (East)\women\id00579\00030_id00935_09fNE0b4Dlg_id00137_wavtolip.mp4,FakeVideo-FakeAudio,1,fake,Asian (East),women,id00579,00030_id00935_09fNE0b4Dlg_id00137_wavtolip.mp4,train
D:\SyncGuard\data\raw\FakeAVCeleb_v1.2\FakeAVCeleb_v1.2\FakeVideo-RealAudio\Caucasian (European)\women\id00589\00130_id00634_z5t9oJizDQg_faceswap.mp4,FakeVideo-RealAudio\Caucasian (European)\women\id00589\00130_id00634_z5t9oJizDQg_faceswap.mp4,FakeVideo-RealAudio,1,fake,Caucasian (European),women,id00589,00130_id00634_z5t9oJizDQg_faceswap.mp4,validation
D:\SyncGuard\data\raw\FakeAVCeleb_v1.2\FakeAVCeleb_v1.2\RealVideo-RealAudio\Caucasian (European)\women\id00823\00125.mp4,RealVideo-RealAudio\Caucasian (European)\women\id00823\00125.mp4,RealVideo-RealAudio,0,real,Caucasian (European),women,id00823,00125.mp4,test
D:\SyncGuard\data\raw\FakeAVCeleb_v1.2\FakeAVCeleb_v1.2\RealVideo-RealAudio\African\women\id02508\00083.mp4,RealVideo-RealAudio\African\women\id02508\00083.mp4,RealVideo-RealAudio,0,real,African,women,id02508,00083.mp4,test
D:\SyncGuard\data\raw\FakeAVCeleb_v1.2\FakeAVCeleb_v1.2\RealVideo-FakeAudio\Caucasian (European)\women\id00330\00118_fake.mp4,RealVideo-FakeAudio\Caucasian (European)\women\id00330\00118_fake.mp4,RealVideo-FakeAudio,1,fake,Caucasian (European),women,id00330,00118_fake.mp4,train
D:\SyncGuard\data\raw\FakeAVCeleb_v1.2\FakeAVCeleb_v1.2\RealVideo-RealAudio\Asian (East)\men\id00126\00173.mp4,RealVideo-RealAudio\Asian (East)\men\id00126\00173.mp4,RealVideo-RealAudio,0,real,Asian (East),men,id00126,00173.mp4,train
D:\SyncGuard\data\raw\FakeAVCeleb_v1.2\FakeAVCeleb_v1.2\FakeVideo-RealAudio\Asian (East)\men\id04726\00245_0.mp4,FakeVideo-RealAudio\Asian (East)\men\id04726\00245_0.mp4,FakeVideo-RealAudio,1,fake,Asian (East),men,id04726,00245_0.mp4,train
D:\SyncGuard\data\raw\FakeAVCeleb_v1.2\FakeAVCeleb_v1.2\RealVideo-FakeAudio\African\women\id05251\00033_fake.mp4,RealVideo-FakeAudio\African\women\id05251\00033_fake.mp4,RealVideo-FakeAudio,1,fake,African,women,id05251,00033_fake.mp4,train
D:\SyncGuard\data\raw\FakeAVCeleb_v1.2\FakeAVCeleb_v1.2\RealVideo-RealAudio\Caucasian (American)\women\id01005\00028.mp4,RealVideo-RealAudio\Caucasian (American)\women\id01005\00028.mp4,RealVideo-RealAudio,0,real,Caucasian (American),women,id01005,00028.mp4,train
D:\SyncGuard\data\raw\FakeAVCeleb_v1.2\FakeAVCeleb_v1.2\RealVideo-RealAudio\Asian (South)\men\id00459\00382.mp4,RealVideo-RealAudio\Asian (South)\men\id00459\00382.mp4,RealVideo-RealAudio,0,real,Asian (South),men,id00459,00382.mp4,train
D:\SyncGuard\data\raw\FakeAVCeleb_v1.2\FakeAVCeleb_v1.2\FakeVideo-RealAudio\Asian (South)\women\id00235\00052_id05920_LuLTJu54joo.mp4,FakeVideo-RealAudio\Asian (South)\women\id00235\00052_id05920_LuLTJu54joo.mp4,FakeVideo-RealAudio,1,fake,Asian (South),women,id00235,00052_id05920_LuLTJu54joo.mp4,validation
D:\SyncGuard\data\raw\FakeAVCeleb_v1.2\FakeAVCeleb_v1.2\RealVideo-RealAudio\African\women\id00568\00384.mp4,RealVideo-RealAudio\African\women\id00568\00384.mp4,RealVideo-RealAudio,0,real,African,women,id00568,00384.mp4,train
D:\SyncGuard\data\raw\FakeAVCeleb_v1.2\FakeAVCeleb_v1.2\FakeVideo-RealAudio\Asian (South)\women\id05478\00135_id06232_wavtolip.mp4,FakeVideo-RealAudio\Asian (South)\women\id05478\00135_id06232_wavtolip.mp4,FakeVideo-RealAudio,1,fake,Asian (South),women,id05478,00135_id06232_wavtolip.mp4,train
D:\SyncGuard\data\raw\FakeAVCeleb_v1.2\FakeAVCeleb_v1.2\FakeVideo-RealAudio\Caucasian (American)\women\id01216\00025_0.mp4,FakeVideo-RealAudio\Caucasian (American)\women\id01216\00025_0.mp4,FakeVideo-RealAudio,1,fake,Caucasian (American),women,id01216,00025_0.mp4,train
D:\SyncGuard\data\raw\FakeAVCeleb_v1.2\FakeAVCeleb_v1.2\FakeVideo-FakeAudio\African\women\id01783\00015_id01178_wavtolip.mp4,FakeVideo-FakeAudio\African\women\id01783\00015_id01178_wavtolip.mp4,FakeVideo-FakeAudio,1,fake,African,women,id01783,00015_id01178_wavtolip.mp4,train
D:\SyncGuard\data\raw\FakeAVCeleb_v1.2\FakeAVCeleb_v1.2\RealVideo-RealAudio\Asian (South)\women\id00747\00053.mp4,RealVideo-RealAudio\Asian (South)\women\id00747\00053.mp4,RealVideo-RealAudio,0,real,Asian (South),women,id00747,00053.mp4,train
D:\SyncGuard\data\raw\FakeAVCeleb_v1.2\FakeAVCeleb_v1.2\FakeVideo-RealAudio\Caucasian (European)\men\id00306\00015_id01052_wavtolip.mp4,FakeVideo-RealAudio\Caucasian (European)\men\id00306\00015_id01052_wavtolip.mp4,FakeVideo-RealAudio,1,fake,Caucasian (European),men,id00306,00015_id01052_wavtolip.mp4,train
D:\SyncGuard\data\raw\FakeAVCeleb_v1.2\FakeAVCeleb_v1.2\FakeVideo-RealAudio\Asian (South)\women\id00747\00053_id05920_wavtolip.mp4,FakeVideo-RealAudio\Asian (South)\women\id00747\00053_id05920_wavtolip.mp4,FakeVideo-RealAudio,1,fake,Asian (South),women,id00747,00053_id05920_wavtolip.mp4,train
D:\SyncGuard\data\raw\FakeAVCeleb_v1.2\FakeAVCeleb_v1.2\RealVideo-FakeAudio\Asian (East)\men\id00560\00041_fake.mp4,RealVideo-FakeAudio\Asian (East)\men\id00560\00041_fake.mp4,RealVideo-FakeAudio,1,fake,Asian (East),men,id00560,00041_fake.mp4,train
D:\SyncGuard\data\raw\FakeAVCeleb_v1.2\FakeAVCeleb_v1.2\RealVideo-RealAudio\Asian (East)\women\id09181\00048.mp4,RealVideo-RealAudio\Asian (East)\women\id09181\00048.mp4,RealVideo-RealAudio,0,real,Asian (East),women,id09181,00048.mp4,train
D:\SyncGuard\data\raw\FakeAVCeleb_v1.2\FakeAVCeleb_v1.2\FakeVideo-RealAudio\Caucasian (American)\women\id03696\00160_id00261_gYQ5Scz5FnA.mp4,FakeVideo-RealAudio\Caucasian (American)\women\id03696\00160_id00261_gYQ5Scz5FnA.mp4,FakeVideo-RealAudio,1,fake,Caucasian (American),women,id03696,00160_id00261_gYQ5Scz5FnA.mp4,train
D:\SyncGuard\data\raw\FakeAVCeleb_v1.2\FakeAVCeleb_v1.2\RealVideo-FakeAudio\Caucasian (European)\women\id00589\00130_fake.mp4,RealVideo-FakeAudio\Caucasian (European)\women\id00589\00130_fake.mp4,RealVideo-FakeAudio,1,fake,Caucasian (European),women,id00589,00130_fake.mp4,validation
D:\SyncGuard\data\raw\FakeAVCeleb_v1.2\FakeAVCeleb_v1.2\FakeVideo-FakeAudio\Caucasian (American)\women\id00555\00005_id00428_Kr7n-68JWww_faceswap_id03556_wavtolip.mp4,FakeVideo-FakeAudio\Caucasian (American)\women\id00555\00005_id00428_Kr7n-68JWww_faceswap_id03556_wavtolip.mp4,FakeVideo-FakeAudio,1,fake,Caucasian (American),women,id00555,00005_id00428_Kr7n-68JWww_faceswap_id03556_wavtolip.mp4,train
D:\SyncGuard\data\raw\FakeAVCeleb_v1.2\FakeAVCeleb_v1.2\RealVideo-RealAudio\Caucasian (American)\men\id00943\00304.mp4,RealVideo-RealAudio\Caucasian (American)\men\id00943\00304.mp4,RealVideo-RealAudio,0,real,Caucasian (American),men,id00943,00304.mp4,train
D:\SyncGuard\data\raw\FakeAVCeleb_v1.2\FakeAVCeleb_v1.2\FakeVideo-RealAudio\Caucasian (European)\men\id00554\00028_id01099_ZpgbIKxzkrg.mp4,FakeVideo-RealAudio\Caucasian (European)\men\id00554\00028_id01099_ZpgbIKxzkrg.mp4,FakeVideo-RealAudio,1,fake,Caucasian (European),men,id00554,00028_id01099_ZpgbIKxzkrg.mp4,test
D:\SyncGuard\data\raw\FakeAVCeleb_v1.2\FakeAVCeleb_v1.2\FakeVideo-RealAudio\Asian (East)\women\id05844\00072_id00566_V3Hg_HMhuwQ.mp4,FakeVideo-RealAudio\Asian (East)\women\id05844\00072_id00566_V3Hg_HMhuwQ.mp4,FakeVideo-RealAudio,1,fake,Asian (East),women,id05844,00072_id00566_V3Hg_HMhuwQ.mp4,train
D:\SyncGuard\data\raw\FakeAVCeleb_v1.2\FakeAVCeleb_v1.2\FakeVideo-FakeAudio\Caucasian (American)\men\id00777\00160_id04221_5XfsCrxGvj4_id00184_wavtolip.mp4,FakeVideo-FakeAudio\Caucasian (American)\men\id00777\00160_id04221_5XfsCrxGvj4_id00184_wavtolip.mp4,FakeVideo-FakeAudio,1,fake,Caucasian (American),men,id00777,00160_id04221_5XfsCrxGvj4_id00184_wavtolip.mp4,train
D:\SyncGuard\data\raw\FakeAVCeleb_v1.2\FakeAVCeleb_v1.2\FakeVideo-FakeAudio\Caucasian (American)\men\id01172\00015_id01210_wavtolip.mp4,FakeVideo-FakeAudio\Caucasian (American)\men\id01172\00015_id01210_wavtolip.mp4,FakeVideo-FakeAudio,1,fake,Caucasian (American),men,id01172,00015_id01210_wavtolip.mp4,train
D:\SyncGuard\data\raw\FakeAVCeleb_v1.2\FakeAVCeleb_v1.2\RealVideo-FakeAudio\Caucasian (American)\men\id03668\00143_fake.mp4,RealVideo-FakeAudio\Caucasian (American)\men\id03668\00143_fake.mp4,RealVideo-FakeAudio,1,fake,Caucasian (American),men,id03668,00143_fake.mp4,train
D:\SyncGuard\data\raw\FakeAVCeleb_v1.2\FakeAVCeleb_v1.2\FakeVideo-FakeAudio\Caucasian (American)\men\id04034\00009_id00529_xtx2GeQN-DQ_id00018_wavtolip.mp4,FakeVideo-FakeAudio\Caucasian (American)\men\id04034\00009_id00529_xtx2GeQN-DQ_id00018_wavtolip.mp4,FakeVideo-FakeAudio,1,fake,Caucasian (American),men,id04034,00009_id00529_xtx2GeQN-DQ_id00018_wavtolip.mp4,train
D:\SyncGuard\data\raw\FakeAVCeleb_v1.2\FakeAVCeleb_v1.2\RealVideo-FakeAudio\Caucasian (European)\women\id00232\00025_fake.mp4,RealVideo-FakeAudio\Caucasian (European)\women\id00232\00025_fake.mp4,RealVideo-FakeAudio,1,fake,Caucasian (European),women,id00232,00025_fake.mp4,test
D:\SyncGuard\data\raw\FakeAVCeleb_v1.2\FakeAVCeleb_v1.2\FakeVideo-FakeAudio\Caucasian (American)\women\id01217\00005_id01223_TO3ym8Gwp7k_id00100_wavtolip.mp4,FakeVideo-FakeAudio\Caucasian (American)\women\id01217\00005_id01223_TO3ym8Gwp7k_id00100_wavtolip.mp4,FakeVideo-FakeAudio,1,fake,Caucasian (American),women,id01217,00005_id01223_TO3ym8Gwp7k_id00100_wavtolip.mp4,train
D:\SyncGuard\data\raw\FakeAVCeleb_v1.2\FakeAVCeleb_v1.2\FakeVideo-RealAudio\African\women\id04437\00002_id05252_CMxIX3absYM.mp4,FakeVideo-RealAudio\African\women\id04437\00002_id05252_CMxIX3absYM.mp4,FakeVideo-RealAudio,1,fake,African,women,id04437,00002_id05252_CMxIX3absYM.mp4,test
D:\SyncGuard\data\raw\FakeAVCeleb_v1.2\FakeAVCeleb_v1.2\RealVideo-FakeAudio\Caucasian (American)\women\id00145\00043_fake.mp4,RealVideo-FakeAudio\Caucasian (American)\women\id00145\00043_fake.mp4,RealVideo-FakeAudio,1,fake,Caucasian (American),women,id00145,00043_fake.mp4,train
D:\SyncGuard\data\raw\FakeAVCeleb_v1.2\FakeAVCeleb_v1.2\FakeVideo-FakeAudio\Caucasian (European)\men\id01052\00076_id00306_CDX55F3nWNc_id00981_wavtolip.mp4,FakeVideo-FakeAudio\Caucasian (European)\men\id01052\00076_id00306_CDX55F3nWNc_id00981_wavtolip.mp4,FakeVideo-FakeAudio,1,fake,Caucasian (European),men,id01052,00076_id00306_CDX55F3nWNc_id00981_wavtolip.mp4,train
D:\SyncGuard\data\raw\FakeAVCeleb_v1.2\FakeAVCeleb_v1.2\FakeVideo-RealAudio\Asian (East)\men\id02365\00028_id01212_ZuKSE0WIlpM.mp4,FakeVideo-RealAudio\Asian (East)\men\id02365\00028_id01212_ZuKSE0WIlpM.mp4,FakeVideo-RealAudio,1,fake,Asian (East),men,id02365,00028_id01212_ZuKSE0WIlpM.mp4,train
D:\SyncGuard\data\raw\FakeAVCeleb_v1.2\FakeAVCeleb_v1.2\RealVideo-FakeAudio\Asian (South)\men\id07195\00186_fake.mp4,RealVideo-FakeAudio\Asian (South)\men\id07195\00186_fake.mp4,RealVideo-FakeAudio,1,fake,Asian (South),men,id07195,00186_fake.mp4,train
D:\SyncGuard\data\raw\FakeAVCeleb_v1.2\FakeAVCeleb_v1.2\RealVideo-RealAudio\Caucasian (American)\women\id01227\00052.mp4,RealVideo-RealAudio\Caucasian (American)\women\id01227\00052.mp4,RealVideo-RealAudio,0,real,Caucasian (American),women,id01227,00052.mp4,validation
D:\SyncGuard\data\raw\FakeAVCeleb_v1.2\FakeAVCeleb_v1.2\FakeVideo-FakeAudio\Caucasian (European)\men\id00183\00015_id00192_wavtolip.mp4,FakeVideo-FakeAudio\Caucasian (European)\men\id00183\00015_id00192_wavtolip.mp4,FakeVideo-FakeAudio,1,fake,Caucasian (European),men,id00183,00015_id00192_wavtolip.mp4,test
D:\SyncGuard\data\raw\FakeAVCeleb_v1.2\FakeAVCeleb_v1.2\FakeVideo-RealAudio\Caucasian (American)\women\id00381\00030_id01248_2y-HnTO8WrQ.mp4,FakeVideo-RealAudio\Caucasian (American)\women\id00381\00030_id01248_2y-HnTO8WrQ.mp4,FakeVideo-RealAudio,1,fake,Caucasian (American),women,id00381,00030_id01248_2y-HnTO8WrQ.mp4,test
D:\SyncGuard\data\raw\FakeAVCeleb_v1.2\FakeAVCeleb_v1.2\RealVideo-FakeAudio\African\men\id01835\00130_fake.mp4,RealVideo-FakeAudio\African\men\id01835\00130_fake.mp4,RealVideo-FakeAudio,1,fake,African,men,id01835,00130_fake.mp4,train
D:\SyncGuard\data\raw\FakeAVCeleb_v1.2\FakeAVCeleb_v1.2\RealVideo-RealAudio\Asian (East)\men\id06807\00015.mp4,RealVideo-RealAudio\Asian (East)\men\id06807\00015.mp4,RealVideo-RealAudio,0,real,Asian (East),men,id06807,00015.mp4,train
D:\SyncGuard\data\raw\FakeAVCeleb_v1.2\FakeAVCeleb_v1.2\FakeVideo-FakeAudio\Caucasian (European)\women\id03858\00092_id00735_wavtolip.mp4,FakeVideo-FakeAudio\Caucasian (European)\women\id03858\00092_id00735_wavtolip.mp4,FakeVideo-FakeAudio,1,fake,Caucasian (European),women,id03858,00092_id00735_wavtolip.mp4,train
D:\SyncGuard\data\raw\FakeAVCeleb_v1.2\FakeAVCeleb_v1.2\RealVideo-RealAudio\African\women\id02301\00092.mp4,RealVideo-RealAudio\African\women\id02301\00092.mp4,RealVideo-RealAudio,0,real,African,women,id02301,00092.mp4,test
D:\SyncGuard\data\raw\FakeAVCeleb_v1.2\FakeAVCeleb_v1.2\FakeVideo-RealAudio\Asian (South)\women\id06232\00025_id05435_wavtolip.mp4,FakeVideo-RealAudio\Asian (South)\women\id06232\00025_id05435_wavtolip.mp4,FakeVideo-RealAudio,1,fake,Asian (South),women,id06232,00025_id05435_wavtolip.mp4,test
D:\SyncGuard\data\raw\FakeAVCeleb_v1.2\FakeAVCeleb_v1.2\RealVideo-FakeAudio\Asian (East)\women\id00566\00032_fake.mp4,RealVideo-FakeAudio\Asian (East)\women\id00566\00032_fake.mp4,RealVideo-FakeAudio,1,fake,Asian (East),women,id00566,00032_fake.mp4,train
D:\SyncGuard\data\raw\FakeAVCeleb_v1.2\FakeAVCeleb_v1.2\RealVideo-FakeAudio\Caucasian (European)\men\id00909\00037_fake.mp4,RealVideo-FakeAudio\Caucasian (European)\men\id00909\00037_fake.mp4,RealVideo-FakeAudio,1,fake,Caucasian (European),men,id00909,00037_fake.mp4,train
D:\SyncGuard\data\raw\FakeAVCeleb_v1.2\FakeAVCeleb_v1.2\FakeVideo-FakeAudio\Asian (East)\women\id01451\00099_id00935_09fNE0b4Dlg_id02587_wavtolip.mp4,FakeVideo-FakeAudio\Asian (East)\women\id01451\00099_id00935_09fNE0b4Dlg_id02587_wavtolip.mp4,FakeVideo-FakeAudio,1,fake,Asian (East),women,id01451,00099_id00935_09fNE0b4Dlg_id02587_wavtolip.mp4,train
D:\SyncGuard\data\raw\FakeAVCeleb_v1.2\FakeAVCeleb_v1.2\RealVideo-FakeAudio\Caucasian (American)\women\id00272\00195_fake.mp4,RealVideo-FakeAudio\Caucasian (American)\women\id00272\00195_fake.mp4,RealVideo-FakeAudio,1,fake,Caucasian (American),women,id00272,00195_fake.mp4,train
D:\SyncGuard\data\raw\FakeAVCeleb_v1.2\FakeAVCeleb_v1.2\FakeVideo-FakeAudio\Asian (East)\men\id08652\00006_id02561_wavtolip.mp4,FakeVideo-FakeAudio\Asian (East)\men\id08652\00006_id02561_wavtolip.mp4,FakeVideo-FakeAudio,1,fake,Asian (East),men,id08652,00006_id02561_wavtolip.mp4,train
D:\SyncGuard\data\raw\FakeAVCeleb_v1.2\FakeAVCeleb_v1.2\RealVideo-FakeAudio\Asian (East)\women\id00137\00025_fake.mp4,RealVideo-FakeAudio\Asian (East)\women\id00137\00025_fake.mp4,RealVideo-FakeAudio,1,fake,Asian (East),women,id00137,00025_fake.mp4,validation
D:\SyncGuard\data\raw\FakeAVCeleb_v1.2\FakeAVCeleb_v1.2\FakeVideo-FakeAudio\Caucasian (American)\women\id00575\00092_id01248_wavtolip.mp4,FakeVideo-FakeAudio\Caucasian (American)\women\id00575\00092_id01248_wavtolip.mp4,FakeVideo-FakeAudio,1,fake,Caucasian (American),women,id00575,00092_id01248_wavtolip.mp4,train
D:\SyncGuard\data\raw\FakeAVCeleb_v1.2\FakeAVCeleb_v1.2\FakeVideo-FakeAudio\Caucasian (European)\women\id00634\00078_id00495_E46aiMUC4A0_id00328_wavtolip.mp4,FakeVideo-FakeAudio\Caucasian (European)\women\id00634\00078_id00495_E46aiMUC4A0_id00328_wavtolip.mp4,FakeVideo-FakeAudio,1,fake,Caucasian (European),women,id00634,00078_id00495_E46aiMUC4A0_id00328_wavtolip.mp4,train
D:\SyncGuard\data\raw\FakeAVCeleb_v1.2\FakeAVCeleb_v1.2\RealVideo-RealAudio\African\men\id01170\00021.mp4,RealVideo-RealAudio\African\men\id01170\00021.mp4,RealVideo-RealAudio,0,real,African,men,id01170,00021.mp4,train
D:\SyncGuard\data\raw\FakeAVCeleb_v1.2\FakeAVCeleb_v1.2\RealVideo-FakeAudio\African\men\id01717\00005_fake.mp4,RealVideo-FakeAudio\African\men\id01717\00005_fake.mp4,RealVideo-FakeAudio,1,fake,African,men,id01717,00005_fake.mp4,train
D:\SyncGuard\data\raw\FakeAVCeleb_v1.2\FakeAVCeleb_v1.2\RealVideo-RealAudio\Asian (East)\men\id06594\00002.mp4,RealVideo-RealAudio\Asian (East)\men\id06594\00002.mp4,RealVideo-RealAudio,0,real,Asian (East),men,id06594,00002.mp4,train
D:\SyncGuard\data\raw\FakeAVCeleb_v1.2\FakeAVCeleb_v1.2\RealVideo-FakeAudio\Caucasian (American)\men\id04216\00470_fake.mp4,RealVideo-FakeAudio\Caucasian (American)\men\id04216\00470_fake.mp4,RealVideo-FakeAudio,1,fake,Caucasian (American),men,id04216,00470_fake.mp4,test
D:\SyncGuard\data\raw\FakeAVCeleb_v1.2\FakeAVCeleb_v1.2\RealVideo-FakeAudio\African\men\id01637\00002_fake.mp4,RealVideo-FakeAudio\African\men\id01637\00002_fake.mp4,RealVideo-FakeAudio,1,fake,African,men,id01637,00002_fake.mp4,train
D:\SyncGuard\data\raw\FakeAVCeleb_v1.2\FakeAVCeleb_v1.2\RealVideo-FakeAudio\Asian (East)\men\id02365\00028_fake.mp4,RealVideo-FakeAudio\Asian (East)\men\id02365\00028_fake.mp4,RealVideo-FakeAudio,1,fake,Asian (East),men,id02365,00028_fake.mp4,train
D:\SyncGuard\data\raw\FakeAVCeleb_v1.2\FakeAVCeleb_v1.2\FakeVideo-RealAudio\African\women\id04245\00072_id01532_wavtolip.mp4,FakeVideo-RealAudio\African\women\id04245\00072_id01532_wavtolip.mp4,FakeVideo-RealAudio,1,fake,African,women,id04245,00072_id01532_wavtolip.mp4,train
D:\SyncGuard\data\raw\FakeAVCeleb_v1.2\FakeAVCeleb_v1.2\RealVideo-FakeAudio\Asian (East)\women\id07739\00019_fake.mp4,RealVideo-FakeAudio\Asian (East)\women\id07739\00019_fake.mp4,RealVideo-FakeAudio,1,fake,Asian (East),women,id07739,00019_fake.mp4,train
D:\SyncGuard\data\raw\FakeAVCeleb_v1.2\FakeAVCeleb_v1.2\RealVideo-FakeAudio\Caucasian (European)\men\id00358\00217_fake.mp4,RealVideo-FakeAudio\Caucasian (European)\men\id00358\00217_fake.mp4,RealVideo-FakeAudio,1,fake,Caucasian (European),men,id00358,00217_fake.mp4,test
